placeName,kakaoPlaceId,primaryType,primaryTypeName,collectionTypes,skinTreatmentConfidence,skinTreatmentSignals,categoryName,categoryGroupCode,categoryGroupName,phone,addressName,roadAddressName,mapX,mapY,placeUrl
10년전당신의오늘의원,132554524,skin_treatment_hospital,피부시술병원,skin_treatment_hospital|hospital,medium,리프팅,"의료,건강 > 병원 > 성형외과",HP8,병원,02-541-0333,서울 강남구 청담동 5-12,서울 강남구 도산대로 452,127.0457331559,37.5236305844,http://place.map.kakao.com/132554524
111의원,27474806,skin_treatment_hospital,피부시술병원,skin_treatment_hospital|hospital,high,리프팅|보톡스|울쎄라|피부레이저|필러,"의료,건강 > 병원 > 성형외과",HP8,병원,02-540-8111,서울 강남구 신사동 513-3,서울 강남구 도산대로 111,127.0207091229,37.5169251507,http://place.map.kakao.com/27474806
123의원,10763271,skin_treatment_hospital,피부시술병원,skin_treatment_hospital|hospital,high,리프팅|보톡스|피부레이저,"의료,건강 > 병원 > 성형외과",HP8,병원,02-567-9123,서울 강남구 대치동 316,서울 강남구 삼성로 212,127.0635919238,37.4952577951,http://place.map.kakao.com/10763271
247클리닉,903374011,skin_treatment_hospital,피부시술병원,skin_treatment_hospital|hospital,high,리프팅|필러,"의료,건강 > 병원 > 성형외과",HP8,병원,02-562-0247,서울 강남구 역삼동 601,서울 강남구 봉은사로 108,127.0255518887,37.5045507081,http://place.map.kakao.com/903374011
4월31일성형외과의원,10833841,skin_treatment_hospital,피부시술병원,skin_treatment_hospital|hospital,high,리프팅|보톡스|써마지|울쎄라|피부레이저|필러,"의료,건강 > 병원 > 성형외과",HP8,병원,02-540-6777,서울 강남구 논현동 37-19,서울 강남구 논현로 707,127.0299012545,37.5150779259,http://place.map.kakao.com/10833841
747 의원,1321511453,skin_treatment_hospital,피부시술병원,skin_treatment_hospital|hospital,high,써마지|울쎄라,"의료,건강 > 병원 > 일반의원",HP8,병원,02-546-0747,서울 강남구 논현동 4,서울 강남구 도산대로 122,127.0221366127,37.5168456035,http://place.map.kakao.com/1321511453
815의원,1000329077,skin_treatment_hospital,피부시술병원,skin_treatment_hospital|hospital,confirmed,kakao_category:피부과|리프팅|보톡스|써마지|여드름|울쎄라|피부과|피부레이저|필러,"의료,건강 > 병원 > 피부과",HP8,병원,02-515-8150,서울 강남구 신사동 591-18,서울 강남구 논현로 822,127.0284524564,37.5217853522,http://place.map.kakao.com/1000329077
90일의기적의원,317529626,skin_treatment_hospital,피부시술병원,skin_treatment_hospital|hospital,confirmed,kakao_category:피부과|보톡스|써마지|울쎄라|피부과|필러,"의료,건강 > 병원 > 피부과",HP8,병원,0507-1394-7515,서울 강남구 청담동 124-3,서울 강남구 도산대로 509,127.0489556645,37.5247032874,http://place.map.kakao.com/317529626
BLS클리닉 본점,1808645034,skin_treatment_hospital,피부시술병원,skin_treatment_hospital|hospital,confirmed,kakao_category:피부과|써마지|피부과,"의료,건강 > 병원 > 피부과",HP8,병원,02-543-4842,서울 강남구 청담동 93-12,서울 강남구 도산대로67길 13-5,127.0439159948,37.5249305194,http://place.map.kakao.com/1808645034
BLS클리닉 압구정점,7990320,skin_treatment_hospital,피부시술병원,skin_treatment_hospital|hospital,confirmed,kakao_category:피부과|리프팅|보톡스|여드름|피부과|피부레이저,"의료,건강 > 병원 > 피부과",HP8,병원,02-544-4841,서울 강남구 신사동 591,서울 강남구 논현로 824,127.0285974708,37.522059222,http://place.map.kakao.com/7990320
BLS클리닉 청담점,19470020,skin_treatment_hospital,피부시술병원,skin_treatment_hospital|hospital,confirmed,kakao_category:피부과|써마지|피부과|피부레이저,"의료,건강 > 병원 > 피부과",HP8,병원,02-512-4842,서울 강남구 청담동 84-7,서울 강남구 선릉로 830,127.0404322504,37.525994946,http://place.map.kakao.com/19470020
BST성형외과의원,1480384529,skin_treatment_hospital,피부시술병원,skin_treatment_hospital|hospital,high,리프팅|피부레이저|필러,"의료,건강 > 병원 > 성형외과",HP8,병원,02-542-2050,서울 강남구 삼성동 91-34,서울 강남구 영동대로 616,127.0601985356,37.5152465711,http://place.map.kakao.com/1480384529
BS의원,19236537,skin_treatment_hospital,피부시술병원,skin_treatment_hospital|hospital,confirmed,kakao_category:피부과|리프팅|보톡스|써마지|여드름|울쎄라|피부과,"의료,건강 > 병원 > 피부과",HP8,병원,02-517-9977,서울 강남구 신사동 567-26,서울 강남구 논현로159길 14,127.0269960402,37.523140802,http://place.map.kakao.com/19236537
CNP차앤박피부과 도곡양재점,26518825,skin_treatment_hospital,피부시술병원,skin_treatment_hospital|hospital,confirmed,kakao_category:피부과|보톡스|써마지|여드름|제모|피부과,"의료,건강 > 병원 > 피부과 > CNP차앤박피부과",HP8,병원,02-3463-1140,서울 강남구 도곡동 952-10,서울 강남구 강남대로 248,127.0339159019,37.485713956,http://place.map.kakao.com/26518825
CNP차앤박피부과 압구정점,11687298,skin_treatment_hospital,피부시술병원,skin_treatment_hospital|hospital,confirmed,kakao_category:피부과|리프팅|여드름|피부과,"의료,건강 > 병원 > 피부과 > CNP차앤박피부과",HP8,병원,02-515-2100,서울 강남구 신사동 580-6,서울 강남구 압구정로 168,127.0279656709,37.5265824052,http://place.map.kakao.com/11687298
CNP차앤박피부과 양재점,27294501,skin_treatment_hospital,피부시술병원,skin_treatment_hospital|hospital,confirmed,kakao_category:피부과|리프팅|보톡스|여드름|울쎄라|피부과|피부레이저,"의료,건강 > 병원 > 피부과 > CNP차앤박피부과",HP8,병원,02-3463-2400,서울 강남구 도곡동 953-1,서울 강남구 강남대로 240,127.0344301531,37.4852596991,http://place.map.kakao.com/27294501
CU클린업피부과의원 청담점,8109582,skin_treatment_hospital,피부시술병원,skin_treatment_hospital|hospital,confirmed,kakao_category:피부과|리프팅|보톡스|써마지|여드름|울쎄라|제모|피부과|필러,"의료,건강 > 병원 > 피부과",HP8,병원,02-512-7582,서울 강남구 청담동 84-6,서울 강남구 선릉로 832,127.0404052394,37.5262544438,http://place.map.kakao.com/8109582
DK의원,13502517,skin_treatment_hospital,피부시술병원,skin_treatment_hospital|hospital,confirmed,kakao_category:피부과|보톡스|울쎄라|피부과|피부레이저|필러,"의료,건강 > 병원 > 피부과",HP8,병원,02-588-2325,서울 강남구 역삼동 648-26,서울 강남구 테헤란로 121,127.0310541732,37.4994289739,http://place.map.kakao.com/13502517
G힐링스퀘어의원,17187308,skin_treatment_hospital,피부시술병원,skin_treatment_hospital|hospital,confirmed,kakao_category:피부과|보톡스|피부과|피부레이저|필러,"의료,건강 > 병원 > 피부과",HP8,병원,02-546-2575,서울 강남구 논현동 4,서울 강남구 도산대로 122,127.0221343515,37.5168492079,http://place.map.kakao.com/17187308
H리버스에이징센터,541775643,skin_treatment_hospital,피부시술병원,skin_treatment_hospital|hospital,confirmed,kakao_category:피부과|피부과,"의료,건강 > 병원 > 피부과",HP8,병원,02-2051-6971,서울 강남구 역삼동 732-19,서울 강남구 역삼로 245,127.0429739938,37.4979196576,http://place.map.kakao.com/541775643
JD리체스클리닉,1093265811,skin_treatment_hospital,피부시술병원,skin_treatment_hospital|hospital,confirmed,kakao_category:피부과|리프팅|써마지|울쎄라|제모|피부과|필러,"의료,건강 > 병원 > 피부과",HP8,병원,02-516-0777,서울 강남구 논현동 200-7,서울 강남구 강남대로 476,127.0247908671,37.5049067674,http://place.map.kakao.com/1093265811
JK성형외과의원,8563509,skin_treatment_hospital,피부시술병원,skin_treatment_hospital|hospital,medium,리프팅,"의료,건강 > 병원 > 성형외과",HP8,병원,02-777-7797,서울 강남구 신사동 584-2,서울 강남구 논현로 835,127.027964367,37.5230892196,http://place.map.kakao.com/8563509
JNK의원 액취증클리닉,1350484810,skin_treatment_hospital,피부시술병원,skin_treatment_hospital|hospital,medium,보톡스,"의료,건강 > 병원 > 일반의원",HP8,병원,02-544-3009,서울 강남구 논현동 3-2,서울 강남구 도산대로 120,127.0218764139,37.5167285215,http://place.map.kakao.com/1350484810
JW정원성형외과의원,19674486,skin_treatment_hospital,피부시술병원,skin_treatment_hospital|hospital,medium,피부레이저,"의료,건강 > 병원 > 성형외과",HP8,병원,02-541-5114,서울 강남구 삼성동 120-12,서울 강남구 삼성로 553,127.0540511029,37.5108706647,http://place.map.kakao.com/19674486
JY성형외과의원,2060353933,skin_treatment_hospital,피부시술병원,skin_treatment_hospital|hospital,high,리프팅|보톡스|써마지|울쎄라|필러,"의료,건강 > 병원 > 성형외과",HP8,병원,02-512-5800,서울 강남구 청담동 124-3,서울 강남구 도산대로 509,127.048953405,37.5247077933,http://place.map.kakao.com/2060353933
LH성형외과,10059056,skin_treatment_hospital,피부시술병원,skin_treatment_hospital|hospital,medium,보톡스,"의료,건강 > 병원 > 성형외과",HP8,병원,02-512-5120,서울 강남구 신사동 576-6,서울 강남구 압구정로28길 24,127.0274582537,37.5249562154,http://place.map.kakao.com/10059056
SC301의원,18661606,skin_treatment_hospital,피부시술병원,skin_treatment_hospital|hospital,high,피부레이저|필러,"의료,건강 > 병원 > 성형외과",HP8,병원,1666-1301,서울 강남구 삼성동 77-10,서울 강남구 영동대로 611,127.0594402456,37.5146973429,http://place.map.kakao.com/18661606
SW피부과 선릉점,12315815,skin_treatment_hospital,피부시술병원,skin_treatment_hospital|hospital,confirmed,kakao_category:피부과|피부과,"의료,건강 > 병원 > 피부과",HP8,병원,,서울 강남구 역삼동 705-25,서울 강남구 선릉로 513,127.0483526735,37.5052745088,http://place.map.kakao.com/12315815
V&MJ피부과의원,1313768854,skin_treatment_hospital,피부시술병원,skin_treatment_hospital|hospital,confirmed,kakao_category:피부과|리프팅|보톡스|써마지|울쎄라|피부과|피부레이저|필러,"의료,건강 > 병원 > 피부과",HP8,병원,02-540-8300,서울 강남구 신사동 630-16,서울 강남구 도산대로 303,127.0344459437,37.5221000082,http://place.map.kakao.com/1313768854
VS라인의원,277434336,skin_treatment_hospital,피부시술병원,skin_treatment_hospital|hospital,confirmed,kakao_category:피부과|피부과|피부레이저|필러,"의료,건강 > 병원 > 피부과",HP8,병원,02-6949-3727,서울 강남구 신사동 600,서울 강남구 압구정로30길 51,127.029361782,37.5239259118,http://place.map.kakao.com/277434336
W클리닉 삼성점,1628451623,skin_treatment_hospital,피부시술병원,skin_treatment_hospital|hospital,confirmed,kakao_category:피부과|리프팅|보톡스|써마지|여드름|울쎄라|제모|피부과|피부레이저|필러,"의료,건강 > 병원 > 피부과",HP8,병원,02-567-9993,서울 강남구 삼성동 158-23,서울 강남구 테헤란로 513,127.0588943367,37.5080355908,http://place.map.kakao.com/1628451623
가넷성형외과의원,334965442,skin_treatment_hospital,피부시술병원,skin_treatment_hospital|hospital,high,리프팅|보톡스|피부레이저|필러,"의료,건강 > 병원 > 성형외과",HP8,병원,02-517-8800,서울 강남구 신사동 600,서울 강남구 압구정로30길 51,127.0293663081,37.5239286137,http://place.map.kakao.com/334965442
가암염원석성형외과의원,430797069,skin_treatment_hospital,피부시술병원,skin_treatment_hospital|hospital,medium,보톡스,"의료,건강 > 병원 > 성형외과",HP8,병원,,서울 강남구 신사동 577-5,서울 강남구 논현로171길 15,127.0271394264,37.5254851774,http://place.map.kakao.com/430797069
가인성형외과의원,8639197,skin_treatment_hospital,피부시술병원,skin_treatment_hospital|hospital,high,리프팅|필러,"의료,건강 > 병원 > 성형외과",HP8,병원,02-518-1800,서울 강남구 신사동 592-15,서울 강남구 논현로 830,127.0285524332,37.5226142505,http://place.map.kakao.com/8639197
강남12의원,27504101,skin_treatment_hospital,피부시술병원,skin_treatment_hospital|hospital,high,리프팅|보톡스|필러,"의료,건강 > 병원 > 성형외과",HP8,병원,02-567-3000,서울 강남구 역삼동 822-5,서울 강남구 테헤란로 111,127.0292807277,37.498881615,http://place.map.kakao.com/27504101
강남라렌의원,513018119,skin_treatment_hospital,피부시술병원,skin_treatment_hospital|hospital,confirmed,kakao_category:피부과|리프팅|보톡스|여드름|피부과|피부레이저|필러,"의료,건강 > 병원 > 피부과",HP8,병원,02-894-7781,서울 강남구 역삼동 825-9,서울 강남구 강남대로 378,127.0286330144,37.4966544858,http://place.map.kakao.com/513018119
강남로미모의원,8343660,skin_treatment_hospital,피부시술병원,skin_treatment_hospital|hospital,confirmed,kakao_category:피부과|피부과|피부레이저,"의료,건강 > 병원 > 피부과",HP8,병원,02-566-6623,서울 강남구 역삼동 822-2,서울 강남구 테헤란로 107,127.0287593081,37.4986618975,http://place.map.kakao.com/8343660
강남미의원,16068108,skin_treatment_hospital,피부시술병원,skin_treatment_hospital|hospital,medium,울쎄라,"의료,건강 > 병원 > 성형외과",HP8,병원,02-564-7328,서울 강남구 역삼동 823-22,서울 강남구 테헤란로 128,127.0325807451,37.4991384387,http://place.map.kakao.com/16068108
강남브엘의원,362051166,skin_treatment_hospital,피부시술병원,skin_treatment_hospital|hospital,high,보톡스|써마지,"의료,건강 > 병원 > 일반의원",HP8,병원,02-517-3777,서울 강남구 논현동 201-12,서울 강남구 봉은사로 111,127.0257002662,37.5051957957,http://place.map.kakao.com/362051166
강남브이에스라인의원,436584765,skin_treatment_hospital,피부시술병원,skin_treatment_hospital|hospital,confirmed,kakao_category:피부과|리프팅|보톡스|써마지|여드름|울쎄라|제모|피부과|필러,"의료,건강 > 병원 > 피부과",HP8,병원,02-535-1312,서울 강남구 역삼동 822-2,서울 강남구 테헤란로 107,127.0287536613,37.498681721,http://place.map.kakao.com/436584765
강남비앤비의원,1405903583,skin_treatment_hospital,피부시술병원,skin_treatment_hospital|hospital,confirmed,kakao_category:피부과|리프팅|보톡스|여드름|피부과|필러,"의료,건강 > 병원 > 피부과",HP8,병원,02-544-6633,서울 강남구 신사동 501,서울 강남구 강남대로 616,127.0198437753,37.516862229,http://place.map.kakao.com/1405903583
강남비엘에스의원,55927573,skin_treatment_hospital,피부시술병원,skin_treatment_hospital|hospital,confirmed,kakao_category:피부과|보톡스|써마지|피부과|피부레이저|필러,"의료,건강 > 병원 > 피부과",HP8,병원,02-6677-2777,서울 강남구 역삼동 815,서울 강남구 강남대로 432,127.0266307823,37.5012347689,http://place.map.kakao.com/55927573
강남삼성성형외과의원,596060286,skin_treatment_hospital,피부시술병원,skin_treatment_hospital|hospital,high,리프팅|필러,"의료,건강 > 병원 > 성형외과",HP8,병원,02-3477-4700,서울 강남구 논현동 164-11,서울 강남구 강남대로 506,127.0234978449,37.5074839064,http://place.map.kakao.com/596060286
강남서연성형외과의원,23279278,skin_treatment_hospital,피부시술병원,skin_treatment_hospital|hospital,high,보톡스|필러,"의료,건강 > 병원 > 성형외과",HP8,병원,02-535-8889,서울 강남구 신사동 512-6,서울 강남구 강남대로154길 20,127.0208202073,37.5177585594,http://place.map.kakao.com/23279278
강남셀리팅의원,676921043,skin_treatment_hospital,피부시술병원,skin_treatment_hospital|hospital,confirmed,kakao_category:피부과|리프팅|보톡스|써마지|울쎄라|피부과|필러,"의료,건강 > 병원 > 피부과",HP8,병원,02-555-1382,서울 강남구 역삼동 648-26,서울 강남구 테헤란로 121,127.031063215,37.4994163574,http://place.map.kakao.com/676921043
강남우태하피부과의원,8731536,skin_treatment_hospital,피부시술병원,skin_treatment_hospital|hospital,confirmed,kakao_category:피부과|여드름|피부과|피부레이저,"의료,건강 > 병원 > 피부과",HP8,병원,02-567-1675,서울 강남구 역삼동 826-23,서울 강남구 강남대로 370,127.0292207424,37.495854248,http://place.map.kakao.com/8731536
강남초이스피부과,1223622961,skin_treatment_hospital,피부시술병원,skin_treatment_hospital|hospital,confirmed,kakao_category:피부과|피부과,"의료,건강 > 병원 > 피부과",HP8,병원,,서울 강남구 역삼동 705-27,서울 강남구 테헤란로 337,127.0484506883,37.5047913119,http://place.map.kakao.com/1223622961
강남타임의원,1504705268,skin_treatment_hospital,피부시술병원,skin_treatment_hospital|hospital,confirmed,kakao_category:피부과|리프팅|보톡스|여드름|피부과|피부레이저|필러,"의료,건강 > 병원 > 피부과",HP8,병원,02-6953-0572,서울 강남구 논현동 200-7,서울 강남구 강남대로 476,127.0247908671,37.5049067674,http://place.map.kakao.com/1504705268
강남피어리의원,14593073,skin_treatment_hospital,피부시술병원,skin_treatment_hospital|hospital,high,리프팅|보톡스|울쎄라|필러,"의료,건강 > 병원 > 성형외과",HP8,병원,02-515-0202,서울 강남구 논현동 18,서울 강남구 강남대로 590,127.0203996679,37.5145348417,http://place.map.kakao.com/14593073
갤러리아피부과의원 개포도곡점,1074948680,skin_treatment_hospital,피부시술병원,skin_treatment_hospital|hospital,confirmed,kakao_category:피부과|리프팅|보톡스|써마지|여드름|울쎄라|피부과|피부레이저|필러,"의료,건강 > 병원 > 피부과",HP8,병원,02-573-9839,서울 강남구 개포동 167-9,서울 강남구 선릉로 34,127.0607547941,37.4828271844,http://place.map.kakao.com/1074948680
갤러리의원,26425355,skin_treatment_hospital,피부시술병원,skin_treatment_hospital|hospital,confirmed,kakao_category:피부과|피부과,"의료,건강 > 병원 > 피부과",HP8,병원,02-553-7975,서울 강남구 역삼동 708-37,서울 강남구 선릉로 427,127.0493283046,37.5030493052,http://place.map.kakao.com/26425355
고고성형외과의원,1907869690,skin_treatment_hospital,피부시술병원,skin_treatment_hospital|hospital,high,리프팅|필러,"의료,건강 > 병원 > 성형외과",HP8,병원,02-546-2500,서울 강남구 신사동 598-3,서울 강남구 논현로 838,127.0286522619,37.5233458404,http://place.map.kakao.com/1907869690
고슬림외과의원,222789590,skin_treatment_hospital,피부시술병원,skin_treatment_hospital|hospital,high,보톡스|필러,"의료,건강 > 병원 > 성형외과",HP8,병원,02-2088-3374,서울 강남구 논현동 4,서울 강남구 도산대로 122,127.022130957,37.5168456045,http://place.map.kakao.com/222789590
고우석제이엠오피부과의원,1771649252,skin_treatment_hospital,피부시술병원,skin_treatment_hospital|hospital,confirmed,kakao_category:피부과|제모|피부과|피부레이저,"의료,건강 > 병원 > 피부과",HP8,병원,02-3445-3456,서울 강남구 논현동 1-1,서울 강남구 도산대로 104,127.0203424,37.5160782711,http://place.map.kakao.com/1771649252
고유성형외과의원,845496548,skin_treatment_hospital,피부시술병원,skin_treatment_hospital|hospital,high,보톡스|필러,"의료,건강 > 병원 > 성형외과",HP8,병원,02-540-6888,서울 강남구 신사동 502-6,서울 강남구 강남대로 624,127.0195011943,37.5174677604,http://place.map.kakao.com/845496548
고정아의원,1807391631,skin_treatment_hospital,피부시술병원,skin_treatment_hospital|hospital,confirmed,kakao_category:피부과|리프팅|보톡스|써마지|울쎄라|피부과|피부레이저|필러,"의료,건강 > 병원 > 피부과",HP8,병원,02-548-2500,서울 강남구 논현동 5-1,서울 강남구 도산대로 134,127.023401394,37.5173427136,http://place.map.kakao.com/1807391631
골드제이의원,60007325,skin_treatment_hospital,피부시술병원,skin_treatment_hospital|hospital,confirmed,kakao_category:피부과|리프팅|보톡스|써마지|여드름|울쎄라|피부과|피부레이저|필러,"의료,건강 > 병원 > 피부과",HP8,병원,02-501-7715,서울 강남구 대치동 889-11,서울 강남구 테헤란로 408,127.0503866888,37.5044679421,http://place.map.kakao.com/60007325
골든디아망성형외과,1665296806,skin_treatment_hospital,피부시술병원,skin_treatment_hospital|hospital,high,리프팅|보톡스|써마지|필러,"의료,건강 > 병원 > 성형외과",HP8,병원,02-6204-8832,서울 강남구 청담동 3,서울 강남구 도산대로 420,127.0421954041,37.5230543586,http://place.map.kakao.com/1665296806
공간성형외과의원,1400379811,skin_treatment_hospital,피부시술병원,skin_treatment_hospital|hospital,medium,필러,"의료,건강 > 병원 > 성형외과",HP8,병원,02-511-2230,서울 강남구 신사동 501,서울 강남구 강남대로 616,127.0197872123,37.5168415154,http://place.map.kakao.com/1400379811
광피부과의원 청담,127090318,skin_treatment_hospital,피부시술병원,skin_treatment_hospital|hospital,confirmed,kakao_category:피부과|리프팅|보톡스|써마지|여드름|울쎄라|피부과|피부레이저|필러,"의료,건강 > 병원 > 피부과",HP8,병원,02-566-2701,서울 강남구 논현동 92,서울 강남구 도산대로 318,127.0366348177,37.5219867242,http://place.map.kakao.com/127090318
굿라이프클리닉,280060403,skin_treatment_hospital,피부시술병원,skin_treatment_hospital|hospital,confirmed,kakao_category:피부과|리프팅|울쎄라|피부과|피부레이저|필러,"의료,건강 > 병원 > 피부과",HP8,병원,02-2135-1355,서울 강남구 논현동 200-7,서울 강남구 강남대로 476,127.0248677677,37.5048905331,http://place.map.kakao.com/280060403
굿모나의원,1580594595,skin_treatment_hospital,피부시술병원,skin_treatment_hospital|hospital,confirmed,kakao_category:피부과|보톡스|피부과|피부레이저,"의료,건강 > 병원 > 피부과",HP8,병원,02-542-5824,서울 강남구 신사동 583,서울 강남구 논현로 843,127.0279750357,37.5243947696,http://place.map.kakao.com/1580594595
권오정리얼뷰티의원,748626711,skin_treatment_hospital,피부시술병원,skin_treatment_hospital|hospital,confirmed,kakao_category:피부과|리프팅|보톡스|써마지|여드름|울쎄라|피부과|피부레이저|필러,"의료,건강 > 병원 > 피부과",HP8,병원,02-569-5757,서울 강남구 대치동 897-15,서울 강남구 선릉로86길 12,127.0508879118,37.503105407,http://place.map.kakao.com/748626711
그날성형외과의원,440550398,skin_treatment_hospital,피부시술병원,skin_treatment_hospital|hospital,high,리프팅|보톡스|필러,"의료,건강 > 병원 > 성형외과",HP8,병원,02-540-4008,서울 강남구 역삼동 820-8,서울 강남구 강남대로 408,127.0275969816,37.4992433238,http://place.map.kakao.com/440550398
그랜드성형외과의원,8706814,skin_treatment_hospital,피부시술병원,skin_treatment_hospital|hospital,high,리프팅|써마지|필러,"의료,건강 > 병원 > 성형외과",HP8,병원,1588-5153,서울 강남구 신사동 583-3,서울 강남구 논현로 841,127.0279251677,37.5241470058,http://place.map.kakao.com/8706814
그로브원피부과의원,1550369735,skin_treatment_hospital,피부시술병원,skin_treatment_hospital|hospital,confirmed,kakao_category:피부과|피부과,"의료,건강 > 병원 > 피부과",HP8,병원,02-6227-0426,서울 강남구 청담동 91-9,서울 강남구 도산대로 427,127.0425590416,37.5239489236,http://place.map.kakao.com/1550369735
그리다성형외과의원,409514854,skin_treatment_hospital,피부시술병원,skin_treatment_hospital|hospital,high,보톡스|써마지|필러,"의료,건강 > 병원 > 성형외과",HP8,병원,02-558-0090,서울 강남구 역삼동 820-8,서울 강남구 강남대로 408,127.0275415589,37.4992181085,http://place.map.kakao.com/409514854
그림성형외과의원,13601522,skin_treatment_hospital,피부시술병원,skin_treatment_hospital|hospital,high,리프팅|보톡스|피부레이저|필러,"의료,건강 > 병원 > 성형외과",HP8,병원,02-543-5467,서울 강남구 논현동 211-21,서울 강남구 언주로 641,127.0348606947,37.5139232813,http://place.map.kakao.com/13601522
글래시피부과의원,832231617,skin_treatment_hospital,피부시술병원,skin_treatment_hospital|hospital,confirmed,kakao_category:피부과|리프팅|보톡스|여드름|피부과|피부레이저|필러,"의료,건강 > 병원 > 피부과",HP8,병원,02-515-5255,서울 강남구 청담동 100,서울 강남구 도산대로81길 51,127.0458292143,37.5271687826,http://place.map.kakao.com/832231617
글로리의원,801831837,skin_treatment_hospital,피부시술병원,skin_treatment_hospital|hospital,confirmed,kakao_category:피부과|리프팅|보톡스|써마지|여드름|울쎄라|피부과|피부레이저|필러,"의료,건강 > 병원 > 피부과",HP8,병원,02-6958-7525,서울 강남구 논현동 234-25,서울 강남구 봉은사로 207,127.0346655955,37.5078451629,http://place.map.kakao.com/801831837
글로비성형외과의원,19716959,skin_treatment_hospital,피부시술병원,skin_treatment_hospital|hospital,high,리프팅|필러,"의료,건강 > 병원 > 성형외과",HP8,병원,02-515-3399,서울 강남구 신사동 583,서울 강남구 논현로 843,127.027982964,37.5244199958,http://place.map.kakao.com/19716959
글로비지테라안티에이징의원,333159040,skin_treatment_hospital,피부시술병원,skin_treatment_hospital|hospital,high,리프팅|보톡스|써마지|여드름|울쎄라|피부과|피부레이저,"의료,건강 > 병원 > 성형외과",HP8,병원,02-516-3398,서울 강남구 신사동 583,서울 강남구 논현로 843,127.0279750357,37.5243947696,http://place.map.kakao.com/333159040
기분좋은피부과의원,986414441,skin_treatment_hospital,피부시술병원,skin_treatment_hospital|hospital,confirmed,kakao_category:피부과|보톡스|여드름|피부과,"의료,건강 > 병원 > 피부과",HP8,병원,02-512-1675,서울 강남구 신사동 587-14,서울 강남구 도산대로 211,127.0296817397,37.5205957259,http://place.map.kakao.com/986414441
김덕현피부과의원,16617271,skin_treatment_hospital,피부시술병원,skin_treatment_hospital|hospital,confirmed,kakao_category:피부과|피부과,"의료,건강 > 병원 > 피부과",HP8,병원,02-549-8599,서울 강남구 논현동 143,서울 강남구 강남대로 532,127.0224715127,37.5095654272,http://place.map.kakao.com/16617271
김송이클리닉,1761671060,skin_treatment_hospital,피부시술병원,skin_treatment_hospital|hospital,confirmed,kakao_category:피부과|리프팅|보톡스|여드름|피부과|필러,"의료,건강 > 병원 > 피부과",HP8,병원,02-6406-8443,서울 강남구 청담동 83-20,서울 강남구 선릉로158길 15,127.041331448,37.5256747789,http://place.map.kakao.com/1761671060
김영재 의원,1861411320,skin_treatment_hospital,피부시술병원,skin_treatment_hospital|hospital,medium,리프팅,"의료,건강 > 병원 > 성형외과",HP8,병원,02-546-7171,서울 강남구 청담동 48-7,서울 강남구 삼성로 772,127.0480227935,37.5236026455,http://place.map.kakao.com/1861411320
김인중성형외과의원,8810767,skin_treatment_hospital,피부시술병원,skin_treatment_hospital|hospital,high,보톡스|필러,"의료,건강 > 병원 > 성형외과",HP8,병원,02-3445-5599,서울 강남구 신사동 610,서울 강남구 압구정로30길 12,127.0290823082,37.5267028698,http://place.map.kakao.com/8810767
김종서성형외과,8815281,skin_treatment_hospital,피부시술병원,skin_treatment_hospital|hospital,high,리프팅|보톡스|써마지|필러,"의료,건강 > 병원 > 성형외과",HP8,병원,02-3416-0070,서울 강남구 신사동 599-4,서울 강남구 논현로 842,127.0287520786,37.5240413901,http://place.map.kakao.com/8815281
김지연위쉬성형외과의원,13601614,skin_treatment_hospital,피부시술병원,skin_treatment_hospital|hospital,medium,피부레이저,"의료,건강 > 병원 > 성형외과",HP8,병원,02-549-8841,서울 강남구 청담동 80-4,서울 강남구 압구정로 432,127.0440255521,37.5265558864,http://place.map.kakao.com/13601614
김진권피부과의원,13502406,skin_treatment_hospital,피부시술병원,skin_treatment_hospital|hospital,confirmed,kakao_category:피부과|피부과,"의료,건강 > 병원 > 피부과",HP8,병원,02-445-5373,서울 강남구 일원동 683,서울 강남구 일원로 33,127.0810573172,37.4908961401,http://place.map.kakao.com/13502406
김형진베이직성형외과의원,19120357,skin_treatment_hospital,피부시술병원,skin_treatment_hospital|hospital,high,리프팅|보톡스|필러,"의료,건강 > 병원 > 성형외과",HP8,병원,02-544-5222,서울 강남구 신사동 591,서울 강남구 논현로 824,127.0284842973,37.5219259009,http://place.map.kakao.com/19120357
김혜영피부과의원,9734484,skin_treatment_hospital,피부시술병원,skin_treatment_hospital|hospital,confirmed,kakao_category:피부과|여드름|피부과|피부레이저,"의료,건강 > 병원 > 피부과",HP8,병원,02-567-0307,서울 강남구 대치동 936,서울 강남구 선릉로 312,127.0526573219,37.4975400186,http://place.map.kakao.com/9734484
꿈꾸는성형외과의원,1186812657,skin_treatment_hospital,피부시술병원,skin_treatment_hospital|hospital,high,리프팅|보톡스|써마지|울쎄라|피부레이저|필러,"의료,건강 > 병원 > 성형외과",HP8,병원,02-552-3500,서울 강남구 역삼동 816,서울 강남구 강남대로 422,127.0269833246,37.5003922484,http://place.map.kakao.com/1186812657
꿈꾸는클리닉,27114283,skin_treatment_hospital,피부시술병원,skin_treatment_hospital|hospital,confirmed,kakao_category:피부과|피부과,"의료,건강 > 병원 > 피부과",HP8,병원,1544-5226,서울 강남구 신사동 629-26,서울 강남구 도산대로 237,127.0330272076,37.5217048733,http://place.map.kakao.com/27114283
나나성형외과의원,652160914,skin_treatment_hospital,피부시술병원,skin_treatment_hospital|hospital,high,리프팅|피부레이저|필러,"의료,건강 > 병원 > 성형외과",HP8,병원,02-544-0601,서울 강남구 청담동 78-14,서울 강남구 압구정로 406,127.0412192314,37.5273317609,http://place.map.kakao.com/652160914
나를의원,1811384501,skin_treatment_hospital,피부시술병원,skin_treatment_hospital|hospital,confirmed,kakao_category:피부과|리프팅|보톡스|피부과|피부레이저|필러,"의료,건강 > 병원 > 피부과",HP8,병원,02-543-1020,서울 강남구 신사동 541-7,서울 강남구 가로수길 18,127.0235116919,37.5191771344,http://place.map.kakao.com/1811384501
나아성형외과의원,26543390,skin_treatment_hospital,피부시술병원,skin_treatment_hospital|hospital,high,리프팅|보톡스|써마지|여드름|피부레이저|필러,"의료,건강 > 병원 > 성형외과",HP8,병원,02-514-7997,서울 강남구 신사동 501,서울 강남구 강남대로 616,127.0196933442,37.5169073043,http://place.map.kakao.com/26543390
네이처피부과의원,23151326,skin_treatment_hospital,피부시술병원,skin_treatment_hospital|hospital,confirmed,kakao_category:피부과|피부과,"의료,건강 > 병원 > 피부과",HP8,병원,02-512-3375,서울 강남구 논현동 94-21,서울 강남구 선릉로 753,127.0392716481,37.5218687465,http://place.map.kakao.com/23151326
노드의원,1754628388,skin_treatment_hospital,피부시술병원,skin_treatment_hospital|hospital,confirmed,kakao_category:피부과|리프팅|울쎄라|피부과,"의료,건강 > 병원 > 피부과",HP8,병원,02-6011-8800,서울 강남구 역삼동 824-22,서울 강남구 테헤란로8길 8,127.0310434868,37.4982009051,http://place.map.kakao.com/1754628388
노바에스피부과의원,27388191,skin_treatment_hospital,피부시술병원,skin_treatment_hospital|hospital,confirmed,kakao_category:피부과|여드름|피부과|피부레이저,"의료,건강 > 병원 > 피부과",HP8,병원,02-554-9565,서울 강남구 역삼동 820-11,서울 강남구 강남대로 402,127.0278297713,37.49877835,http://place.map.kakao.com/27388191
노블앤코의원,25647783,skin_treatment_hospital,피부시술병원,skin_treatment_hospital|hospital,high,리프팅|보톡스|여드름|피부레이저|필러,"의료,건강 > 병원 > 성형외과",HP8,병원,02-6247-3100,서울 강남구 역삼동 816,서울 강남구 강남대로 422,127.026960691,37.5003490052,http://place.map.kakao.com/25647783
노블와이성형외과의원,15199988,skin_treatment_hospital,피부시술병원,skin_treatment_hospital|hospital,high,리프팅|보톡스|피부레이저|필러,"의료,건강 > 병원 > 성형외과",HP8,병원,02-3446-7300,서울 강남구 신사동 585-15,서울 강남구 논현로 823,127.0279594053,37.5219188183,http://place.map.kakao.com/15199988
노상훈성형외과의원,1633689284,skin_treatment_hospital,피부시술병원,skin_treatment_hospital|hospital,high,보톡스|필러,"의료,건강 > 병원 > 성형외과",HP8,병원,0507-1417-3639,서울 강남구 논현동 2,서울 강남구 도산대로 110,127.0210211398,37.516279977,http://place.map.kakao.com/1633689284
노즈랩의원,851524732,skin_treatment_hospital,피부시술병원,skin_treatment_hospital|hospital,high,리프팅|필러,"의료,건강 > 병원 > 성형외과",HP8,병원,02-516-0302,서울 강남구 논현동 50-1,서울 강남구 강남대로 556,127.0215446422,37.51159286,http://place.map.kakao.com/851524732
누브의원,1392422337,skin_treatment_hospital,피부시술병원,skin_treatment_hospital|hospital,confirmed,kakao_category:피부과|보톡스|피부과|필러,"의료,건강 > 병원 > 피부과",HP8,병원,02-6207-7179,서울 강남구 역삼동 707-12,서울 강남구 테헤란로44길 7,127.0448957535,37.5023996459,http://place.map.kakao.com/1392422337
누의원,1977760516,skin_treatment_hospital,피부시술병원,skin_treatment_hospital|hospital,confirmed,kakao_category:피부과|보톡스|써마지|울쎄라|피부과|필러,"의료,건강 > 병원 > 피부과",HP8,병원,02-6951-0304,서울 강남구 신사동 650-12,서울 강남구 도산대로45길 10-7,127.0364104324,37.5234869629,http://place.map.kakao.com/1977760516
눈높이성형외과의원,1846523529,skin_treatment_hospital,피부시술병원,skin_treatment_hospital|hospital,high,리프팅|보톡스|피부레이저|필러,"의료,건강 > 병원 > 성형외과",HP8,병원,0503-7151-2878,서울 강남구 역삼동 814-1,서울 강남구 강남대로 446,127.0259469783,37.5023891096,http://place.map.kakao.com/1846523529
눈피부과의원,14750768,skin_treatment_hospital,피부시술병원,skin_treatment_hospital|hospital,confirmed,kakao_category:피부과|보톡스|피부과|피부레이저,"의료,건강 > 병원 > 피부과",HP8,병원,0502-5551-2075,서울 강남구 신사동 565-18,서울 강남구 도산대로27길 33,127.0273791313,37.5220432926,http://place.map.kakao.com/14750768
뉴브의원,696130312,skin_treatment_hospital,피부시술병원,skin_treatment_hospital|hospital,confirmed,kakao_category:피부과|리프팅|보톡스|여드름|피부과|피부레이저|필러,"의료,건강 > 병원 > 피부과",HP8,병원,02-546-2926,서울 강남구 논현동 120,서울 강남구 강남대로 548,127.0220161413,37.5110566754,http://place.map.kakao.com/696130312
뉴셀의원,1548936696,skin_treatment_hospital,피부시술병원,skin_treatment_hospital|hospital,confirmed,kakao_category:피부과|여드름|피부과,"의료,건강 > 병원 > 피부과",HP8,병원,1533-1701,서울 강남구 청담동 87-11,서울 강남구 도산대로 417,127.0411177441,37.5238115808,http://place.map.kakao.com/1548936696
뉴엘의원,548910206,skin_treatment_hospital,피부시술병원,skin_treatment_hospital|hospital,confirmed,kakao_category:피부과|리프팅|보톡스|써마지|여드름|울쎄라|피부과|피부레이저|필러,"의료,건강 > 병원 > 피부과",HP8,병원,02-515-9998,서울 강남구 논현동 5,서울 강남구 도산대로 134,127.0233244764,37.5173463328,http://place.map.kakao.com/548910206
뉴케이의원,1202074463,skin_treatment_hospital,피부시술병원,skin_treatment_hospital|hospital,confirmed,kakao_category:피부과|리프팅|여드름|울쎄라|피부과|피부레이저|필러,"의료,건강 > 병원 > 피부과",HP8,병원,02-596-1100,서울 강남구 역삼동 815-2,서울 강남구 강남대로 430,127.0266713997,37.50096626,http://place.map.kakao.com/1202074463
다나성형외과의원,157042204,skin_treatment_hospital,피부시술병원,skin_treatment_hospital|hospital,medium,피부레이저,"의료,건강 > 병원 > 성형외과",HP8,병원,02-512-0922,서울 강남구 논현동 1,서울 강남구 강남대로 606,127.0201466463,37.5158305286,http://place.map.kakao.com/157042204
다름성형외과,1556788302,skin_treatment_hospital,피부시술병원,skin_treatment_hospital|hospital,high,리프팅|보톡스|필러,"의료,건강 > 병원 > 성형외과",HP8,병원,02-558-5011,서울 강남구 역삼동 821-1,서울 강남구 테헤란로 101,127.0280728499,37.4986179133,http://place.map.kakao.com/1556788302
다비다성형외과의원,905522688,skin_treatment_hospital,피부시술병원,skin_treatment_hospital|hospital,high,리프팅|보톡스|울쎄라|피부레이저|필러,"의료,건강 > 병원 > 성형외과",HP8,병원,02-6953-6056,서울 강남구 신사동 591-18,서울 강남구 논현로 822,127.028446911,37.5217790465,http://place.map.kakao.com/905522688
다시온의원,1726868482,skin_treatment_hospital,피부시술병원,skin_treatment_hospital|hospital,confirmed,kakao_category:피부과|리프팅|보톡스|여드름|울쎄라|피부과|피부레이저|필러,"의료,건강 > 병원 > 피부과",HP8,병원,02-557-5353,서울 강남구 역삼동 832-7,서울 강남구 강남대로 320,127.0310227582,37.4918316931,http://place.map.kakao.com/1726868482
다움성형외과의원,1425642797,skin_treatment_hospital,피부시술병원,skin_treatment_hospital|hospital,high,리프팅|보톡스|여드름|울쎄라|피부레이저|필러,"의료,건강 > 병원 > 성형외과",HP8,병원,02-538-5045,서울 강남구 역삼동 825-13,서울 강남구 강남대로 388,127.0284591528,37.4974149773,http://place.map.kakao.com/1425642797
다인피부과의원,8217554,skin_treatment_hospital,피부시술병원,skin_treatment_hospital|hospital,confirmed,kakao_category:피부과|보톡스|여드름|피부과,"의료,건강 > 병원 > 피부과",HP8,병원,02-542-0080,서울 강남구 신사동 660-10,서울 강남구 압구정로50길 8,127.0380438902,37.5278085554,http://place.map.kakao.com/8217554
닥터고운선의원,1156891154,skin_treatment_hospital,피부시술병원,skin_treatment_hospital|hospital,confirmed,kakao_category:피부과|리프팅|보톡스|써마지|여드름|울쎄라|피부과|피부레이저|필러,"의료,건강 > 병원 > 피부과",HP8,병원,02-511-7587,서울 강남구 신사동 639-7,서울 강남구 언주로174길 29,127.0364737671,37.5281027773,http://place.map.kakao.com/1156891154
닥터뉴셀의원,2066955167,skin_treatment_hospital,피부시술병원,skin_treatment_hospital|hospital,confirmed,kakao_category:피부과|리프팅|보톡스|써마지|여드름|울쎄라|피부과|피부레이저|필러,"의료,건강 > 병원 > 피부과",HP8,병원,02-6956-2227,서울 강남구 역삼동 809-8,서울 강남구 강남대로 458,127.0254632894,37.5034199653,http://place.map.kakao.com/2066955167
닥터디자이너의원 청담점,1418526753,skin_treatment_hospital,피부시술병원,skin_treatment_hospital|hospital,confirmed,kakao_category:피부과|리프팅|보톡스|울쎄라|피부과|필러,"의료,건강 > 병원 > 피부과",HP8,병원,0507-1456-8883,서울 강남구 청담동 100-17,서울 강남구 압구정로 445,127.0461093905,37.5265388732,http://place.map.kakao.com/1418526753
닥터로미성형외과의원,1256717586,skin_treatment_hospital,피부시술병원,skin_treatment_hospital|hospital,high,피부레이저|필러,"의료,건강 > 병원 > 성형외과",HP8,병원,02-515-5551,서울 강남구 신사동 514-16,서울 강남구 도산대로 121,127.0217284305,37.5174079054,http://place.map.kakao.com/1256717586
닥터망고의원,855934270,skin_treatment_hospital,피부시술병원,skin_treatment_hospital|hospital,medium,보톡스,"의료,건강 > 병원 > 일반의원",HP8,병원,02-6956-8880,서울 강남구 역삼동 601,서울 강남구 봉은사로 108,127.0255914666,37.5045335804,http://place.map.kakao.com/855934270
닥터미소의원,14616825,skin_treatment_hospital,피부시술병원,skin_treatment_hospital|hospital,high,리프팅|보톡스|여드름|피부레이저|필러,"의료,건강 > 병원 > 일반의원",HP8,병원,02-3478-2580,서울 강남구 신사동 578-3,서울 강남구 논현로175길 15,127.0274088089,37.5258617341,http://place.map.kakao.com/14616825
닥터밸리의원,13509632,skin_treatment_hospital,피부시술병원,skin_treatment_hospital|hospital,confirmed,kakao_category:피부과|리프팅|보톡스|피부과|필러,"의료,건강 > 병원 > 피부과",HP8,병원,02-3452-8877,서울 강남구 대치동 944-20,서울 강남구 테헤란로92길 14,127.0611419817,37.5070334325,http://place.map.kakao.com/13509632
닥터베이직의원,17698290,skin_treatment_hospital,피부시술병원,skin_treatment_hospital|hospital,confirmed,kakao_category:피부과|리프팅|피부과,"의료,건강 > 병원 > 피부과",HP8,병원,1544-1311,서울 강남구 논현동 200,서울 강남구 강남대로 478,127.0246608678,37.5050960057,http://place.map.kakao.com/17698290
닥터본성형외과의원,365418773,skin_treatment_hospital,피부시술병원,skin_treatment_hospital|hospital,high,리프팅|보톡스|필러,"의료,건강 > 병원 > 성형외과",HP8,병원,02-540-6066,서울 강남구 신사동 547-1,서울 강남구 가로수길 80,127.0227063842,37.5232282009,http://place.map.kakao.com/365418773
닥터봄춘의원,25590881,skin_treatment_hospital,피부시술병원,skin_treatment_hospital|hospital,medium,리프팅,"의료,건강 > 병원 > 일반의원",HP8,병원,02-565-6163,서울 강남구 논현동 235-10,서울 강남구 봉은사로 211,127.0352221003,37.5079423068,http://place.map.kakao.com/25590881
닥터비성형외과,1416777071,skin_treatment_hospital,피부시술병원,skin_treatment_hospital|hospital,high,리프팅|보톡스|여드름|울쎄라|필러,"의료,건강 > 병원 > 성형외과",HP8,병원,02-501-0911,서울 강남구 대치동 316,서울 강남구 삼성로 212,127.0635749331,37.495224467,http://place.map.kakao.com/1416777071
닥터소녀로의원,1418955671,skin_treatment_hospital,피부시술병원,skin_treatment_hospital|hospital,confirmed,kakao_category:피부과|리프팅|보톡스|제모|피부과|피부레이저|필러,"의료,건강 > 병원 > 피부과",HP8,병원,02-512-7500,서울 강남구 신사동 581-7,서울 강남구 논현로171길 4,127.0280286824,37.5256705761,http://place.map.kakao.com/1418955671
닥터손유나의원,27416033,skin_treatment_hospital,피부시술병원,skin_treatment_hospital|hospital,confirmed,kakao_category:피부과|리프팅|보톡스|피부과|필러,"의료,건강 > 병원 > 피부과",HP8,병원,02-3443-1117,서울 강남구 신사동 666-17,서울 강남구 도산대로53길 6,127.0384286177,37.5235538987,http://place.map.kakao.com/27416033
닥터송포유의원,2122700581,skin_treatment_hospital,피부시술병원,skin_treatment_hospital|hospital,high,리프팅|피부레이저|필러,"의료,건강 > 병원 > 성형외과",HP8,병원,02-517-3309,서울 강남구 역삼동 653-5,서울 강남구 봉은사로 232,127.0377274213,37.5081821015,http://place.map.kakao.com/2122700581
닥터스키니의원,1741464307,skin_treatment_hospital,피부시술병원,skin_treatment_hospital|hospital,medium,보톡스,"의료,건강 > 병원 > 일반의원",HP8,병원,02-561-7575,서울 강남구 역삼동 816-3,서울 강남구 강남대로 416,127.0271708303,37.4997741152,http://place.map.kakao.com/1741464307
닥터스프링의원,1118314427,skin_treatment_hospital,피부시술병원,skin_treatment_hospital|hospital,medium,필러,"의료,건강 > 병원 > 일반의원",HP8,병원,02-541-0610,서울 강남구 청담동 22-11,서울 강남구 도산대로58길 12,127.0413353879,37.5225636164,http://place.map.kakao.com/1118314427
닥터스피부과의원 신사별관,1276300405,skin_treatment_hospital,피부시술병원,skin_treatment_hospital|hospital,confirmed,kakao_category:피부과|리프팅|써마지|울쎄라|피부과|피부레이저,"의료,건강 > 병원 > 피부과",HP8,병원,02-6203-1637,서울 강남구 신사동 536-17,서울 강남구 가로수길 17,127.0229641559,37.5190393887,http://place.map.kakao.com/1276300405
닥터스피부과의원 신사점,1646907531,skin_treatment_hospital,피부시술병원,skin_treatment_hospital|hospital,confirmed,kakao_category:피부과|리프팅|보톡스|써마지|여드름|울쎄라|피부과|피부레이저|필러,"의료,건강 > 병원 > 피부과",HP8,병원,1670-1637,서울 강남구 논현동 5-13,서울 강남구 도산대로12길 7,127.0237520173,37.5172300182,http://place.map.kakao.com/1646907531
닥터스피부과의원 한티점,627579394,skin_treatment_hospital,피부시술병원,skin_treatment_hospital|hospital,confirmed,kakao_category:피부과|리프팅|써마지|피부과,"의료,건강 > 병원 > 피부과",HP8,병원,02-567-3630,서울 강남구 역삼동 765-7,서울 강남구 선릉로 311,127.0520736512,37.4973276398,http://place.map.kakao.com/627579394
닥터에버스의원 강남점,232121549,skin_treatment_hospital,피부시술병원,skin_treatment_hospital|hospital,confirmed,kakao_category:피부과|보톡스|써마지|울쎄라|제모|피부과|필러,"의료,건강 > 병원 > 피부과",HP8,병원,02-2138-0777,서울 강남구 역삼동 809-8,서울 강남구 강남대로 458,127.0254632894,37.5034199653,http://place.map.kakao.com/232121549
닥터에버스의원 청담점,856357703,skin_treatment_hospital,피부시술병원,skin_treatment_hospital|hospital,confirmed,kakao_category:피부과|리프팅|보톡스|써마지|울쎄라|제모|피부과|피부레이저|필러,"의료,건강 > 병원 > 피부과",HP8,병원,02-6949-1800,서울 강남구 청담동 84-7,서울 강남구 선릉로 830,127.0404424407,37.5260111605,http://place.map.kakao.com/856357703
닥터오메종프리베의원 바디센터,836656244,skin_treatment_hospital,피부시술병원,skin_treatment_hospital|hospital,confirmed,kakao_category:피부과|피부과,"의료,건강 > 병원 > 피부과",HP8,병원,02-515-9889,서울 강남구 신사동 591-19,서울 강남구 논현로158길 6-1,127.0288734129,37.5218573302,http://place.map.kakao.com/836656244
닥터웰메이드원 피부과의원,25743794,skin_treatment_hospital,피부시술병원,skin_treatment_hospital|hospital,confirmed,kakao_category:피부과|리프팅|보톡스|써마지|여드름|울쎄라|피부과|피부레이저|필러,"의료,건강 > 병원 > 피부과",HP8,병원,02-511-0079,서울 강남구 신사동 635-4,서울 강남구 언주로168길 5,127.0340328338,37.5266159518,http://place.map.kakao.com/25743794
닥터윤뷰티플클리닉,26498010,skin_treatment_hospital,피부시술병원,skin_treatment_hospital|hospital,confirmed,kakao_category:피부과|리프팅|보톡스|여드름|피부과|피부레이저|필러,"의료,건강 > 병원 > 피부과",HP8,병원,02-546-0300,서울 강남구 논현동 158,서울 강남구 학동로20길 55,127.0271949217,37.5100726008,http://place.map.kakao.com/26498010
닥터이레이저피부과의원,2109133,skin_treatment_hospital,피부시술병원,skin_treatment_hospital|hospital,confirmed,kakao_category:피부과|리프팅|보톡스|써마지|여드름|피부과|피부레이저|필러,"의료,건강 > 병원 > 피부과",HP8,병원,02-543-2202,서울 강남구 청담동 84-7,서울 강남구 선릉로 830,127.040443607,37.5260760323,http://place.map.kakao.com/2109133
닥터정리반의원,1383509088,skin_treatment_hospital,피부시술병원,skin_treatment_hospital|hospital,confirmed,kakao_category:피부과|리프팅|보톡스|써마지|울쎄라|피부과|피부레이저|필러,"의료,건강 > 병원 > 피부과",HP8,병원,02-1833-8308,서울 강남구 신사동 639-3,서울 강남구 압구정로 320,127.0364547491,37.528543373,http://place.map.kakao.com/1383509088
닥터진의원,1986270481,skin_treatment_hospital,피부시술병원,skin_treatment_hospital|hospital,confirmed,kakao_category:피부과|리프팅|써마지|여드름|울쎄라|피부과|피부레이저|필러,"의료,건강 > 병원 > 피부과",HP8,병원,02-547-2222,서울 강남구 청담동 85-3,서울 강남구 선릉로 820,127.040211094,37.524960671,http://place.map.kakao.com/1986270481
닥터크리미의원,23515930,skin_treatment_hospital,피부시술병원,skin_treatment_hospital|hospital,confirmed,kakao_category:피부과|리프팅|보톡스|피부과|피부레이저|필러,"의료,건강 > 병원 > 피부과",HP8,병원,1833-3397,서울 강남구 신사동 501,서울 강남구 강남대로 616,127.019767984,37.5168460236,http://place.map.kakao.com/23515930
닥터홈즈의원,13507755,skin_treatment_hospital,피부시술병원,skin_treatment_hospital|hospital,confirmed,kakao_category:피부과|리프팅|보톡스|써마지|울쎄라|제모|피부과|필러,"의료,건강 > 병원 > 피부과",HP8,병원,02-1661-1077,서울 강남구 신사동 536-8,서울 강남구 강남대로152길 45,127.0230126056,37.518416786,http://place.map.kakao.com/13507755
달비성형외과의원,1966750649,skin_treatment_hospital,피부시술병원,skin_treatment_hospital|hospital,high,보톡스|필러,"의료,건강 > 병원 > 성형외과",HP8,병원,02-515-7070,서울 강남구 신사동 502-16,서울 강남구 도산대로1길 13,127.0197930323,37.5174632068,http://place.map.kakao.com/1966750649
담의원,22377598,skin_treatment_hospital,피부시술병원,skin_treatment_hospital|hospital,confirmed,kakao_category:피부과|리프팅|보톡스|써마지|여드름|울쎄라|피부과|피부레이저|필러,"의료,건강 > 병원 > 피부과",HP8,병원,02-547-0540,서울 강남구 삼성동 65-9,서울 강남구 삼성로126길 6,127.0517121598,37.5175571604,http://place.map.kakao.com/22377598
대영성형외과의원,7820508,skin_treatment_hospital,피부시술병원,skin_treatment_hospital|hospital,high,리프팅|피부레이저,"의료,건강 > 병원 > 성형외과",HP8,병원,02-3446-7788,서울 강남구 신사동 661-1,서울 강남구 압구정로 338,127.0389535355,37.5279380031,http://place.map.kakao.com/7820508
대치더블유피부과의원,534448658,skin_treatment_hospital,피부시술병원,skin_treatment_hospital|hospital,confirmed,kakao_category:피부과|피부과,"의료,건강 > 병원 > 피부과",HP8,병원,02-2038-0259,서울 강남구 대치동 1019-1,서울 강남구 삼성로 233,127.0608994404,37.4980550369,http://place.map.kakao.com/534448658
대치샘물피부과,27583115,skin_treatment_hospital,피부시술병원,skin_treatment_hospital|hospital,confirmed,kakao_category:피부과|피부과,"의료,건강 > 병원 > 피부과",HP8,병원,02-564-1191,서울 강남구 대치동 622-1,서울 강남구 남부순환로 2927,127.0603960565,37.493658383,http://place.map.kakao.com/27583115
대치수피부과의원,21026871,skin_treatment_hospital,피부시술병원,skin_treatment_hospital|hospital,confirmed,kakao_category:피부과|보톡스|써마지|여드름|피부과|피부레이저|필러,"의료,건강 > 병원 > 피부과",HP8,병원,02-577-1175,서울 강남구 대치동 606-1,서울 강남구 남부순환로 2941,127.0619174622,37.4942387449,http://place.map.kakao.com/21026871
더가든피부과의원,1578836144,skin_treatment_hospital,피부시술병원,skin_treatment_hospital|hospital,confirmed,kakao_category:피부과|보톡스|써마지|피부과,"의료,건강 > 병원 > 피부과",HP8,병원,02-6949-5750,서울 강남구 신사동 514-18,서울 강남구 도산대로 117,127.0211695701,37.517167439,http://place.map.kakao.com/1578836144
더공감성형외과의원,1744637446,skin_treatment_hospital,피부시술병원,skin_treatment_hospital|hospital,medium,피부레이저,"의료,건강 > 병원 > 성형외과",HP8,병원,02-1833-7119,서울 강남구 역삼동 766-22,서울 강남구 도곡로 313,127.0502620345,37.4956615623,http://place.map.kakao.com/1744637446
더나인 피부과의원,13502177,skin_treatment_hospital,피부시술병원,skin_treatment_hospital|hospital,confirmed,kakao_category:피부과|여드름|피부과,"의료,건강 > 병원 > 피부과",HP8,병원,02-561-6718,서울 강남구 대치동 889-56,서울 강남구 테헤란로64길 14,127.0510242135,37.5039703135,http://place.map.kakao.com/13502177
더도어성형외과의원,1913764564,skin_treatment_hospital,피부시술병원,skin_treatment_hospital|hospital,high,리프팅|필러,"의료,건강 > 병원 > 성형외과",HP8,병원,02-6227-7500,서울 강남구 역삼동 649-10,서울 강남구 테헤란로 115,127.0298869565,37.4990760805,http://place.map.kakao.com/1913764564
더라인성형외과의원,10723506,skin_treatment_hospital,피부시술병원,skin_treatment_hospital|hospital,medium,필러,"의료,건강 > 병원 > 성형외과",HP8,병원,1899-0252,서울 강남구 신사동 532-5,서울 강남구 가로수길 65,127.0224776064,37.5223416581,http://place.map.kakao.com/10723506
더루루의원,1869413329,skin_treatment_hospital,피부시술병원,skin_treatment_hospital|hospital,confirmed,kakao_category:피부과|보톡스|피부과|필러,"의료,건강 > 병원 > 피부과",HP8,병원,02-546-4543,서울 강남구 논현동 2-15,서울 강남구 도산대로 114,127.021227051,37.5164331108,http://place.map.kakao.com/1869413329
더리젠성형외과의원,1597577874,skin_treatment_hospital,피부시술병원,skin_treatment_hospital|hospital,medium,피부과,"의료,건강 > 병원 > 성형외과",HP8,병원,02-6958-8790,서울 강남구 신사동 583,서울 강남구 논현로 843,127.0279750357,37.5243947696,http://place.map.kakao.com/1597577874
더리즈의원,1488358466,skin_treatment_hospital,피부시술병원,skin_treatment_hospital|hospital,confirmed,kakao_category:피부과|리프팅|피부과|피부레이저,"의료,건강 > 병원 > 피부과",HP8,병원,02-567-2505,서울 강남구 역삼동 705-27,서울 강남구 테헤란로 337,127.0484574764,37.5047949132,http://place.map.kakao.com/1488358466
더마스터의원,18338532,skin_treatment_hospital,피부시술병원,skin_treatment_hospital|hospital,confirmed,kakao_category:피부과|리프팅|피부과|피부레이저|필러,"의료,건강 > 병원 > 피부과",HP8,병원,02-563-7080,서울 강남구 청담동 85-16,서울 강남구 도산대로55길 29,127.04056772,37.5254687143,http://place.map.kakao.com/18338532
더마주피부과의원,26782375,skin_treatment_hospital,피부시술병원,skin_treatment_hospital|hospital,confirmed,kakao_category:피부과|리프팅|써마지|여드름|울쎄라|피부과|피부레이저,"의료,건강 > 병원 > 피부과",HP8,병원,02-549-9277,서울 강남구 삼성동 77-11,서울 강남구 영동대로 607,127.0594740647,37.5145531653,http://place.map.kakao.com/26782375
더멘토성형외과의원,16931713,skin_treatment_hospital,피부시술병원,skin_treatment_hospital|hospital,high,리프팅|피부레이저|필러,"의료,건강 > 병원 > 성형외과",HP8,병원,02-544-7876,서울 강남구 논현동 118-16,서울 강남구 학동로 337,127.0400292828,37.5170967798,http://place.map.kakao.com/16931713
더모어피부과의원,527206053,skin_treatment_hospital,피부시술병원,skin_treatment_hospital|hospital,confirmed,kakao_category:피부과|리프팅|써마지|피부과,"의료,건강 > 병원 > 피부과",HP8,병원,02-541-5888,서울 강남구 논현동 62,서울 강남구 도산대로 228,127.0321601729,37.5204995707,http://place.map.kakao.com/527206053
더미소피부과의원,8712601,skin_treatment_hospital,피부시술병원,skin_treatment_hospital|hospital,confirmed,kakao_category:피부과|리프팅|보톡스|여드름|피부과|피부레이저|필러,"의료,건강 > 병원 > 피부과",HP8,병원,02-541-2223,서울 강남구 신사동 634-5,서울 강남구 언주로 846,127.0337327425,37.5259556034,http://place.map.kakao.com/8712601
더블유성형외과의원,12437293,skin_treatment_hospital,피부시술병원,skin_treatment_hospital|hospital,high,보톡스|필러,"의료,건강 > 병원 > 성형외과",HP8,병원,02-535-7433,서울 강남구 신사동 501,서울 강남구 강남대로 616,127.0197985277,37.5168559296,http://place.map.kakao.com/12437293
더새로이의원,1687453410,skin_treatment_hospital,피부시술병원,skin_treatment_hospital|hospital,high,리프팅|보톡스|여드름|피부레이저|필러,"의료,건강 > 병원 > 성형외과",HP8,병원,02-569-8575,서울 강남구 논현동 106,서울 강남구 언주로 720,127.0357335838,37.5179865469,http://place.map.kakao.com/1687453410
더서울피부과의원,1466681538,skin_treatment_hospital,피부시술병원,skin_treatment_hospital|hospital,confirmed,kakao_category:피부과|리프팅|여드름|피부과|피부레이저|필러,"의료,건강 > 병원 > 피부과",HP8,병원,02-514-8575,서울 강남구 신사동 598-3,서울 강남구 논현로 838,127.0286522619,37.5233458404,http://place.map.kakao.com/1466681538
더성형외과의원,7836136,skin_treatment_hospital,피부시술병원,skin_treatment_hospital|hospital,high,리프팅|보톡스|써마지|울쎄라|피부레이저|필러,"의료,건강 > 병원 > 성형외과",HP8,병원,1644-5998,서울 강남구 신사동 610-5,서울 강남구 논현로 868,127.0288852241,37.5260857317,http://place.map.kakao.com/7836136
더셀피부과의원 강남본점,1218284157,skin_treatment_hospital,피부시술병원,skin_treatment_hospital|hospital,confirmed,kakao_category:피부과|리프팅|보톡스|써마지|여드름|울쎄라|피부과|피부레이저|필러,"의료,건강 > 병원 > 피부과",HP8,병원,02-568-1009,서울 강남구 도곡동 542-6,서울 강남구 도곡로 228,127.0437729248,37.4930332047,http://place.map.kakao.com/1218284157
더스완성형외과의원,555793760,skin_treatment_hospital,피부시술병원,skin_treatment_hospital|hospital,high,리프팅|보톡스,"의료,건강 > 병원 > 성형외과",HP8,병원,02-514-2230,서울 강남구 역삼동 702-30,서울 강남구 테헤란로51길 7,127.0467179205,37.5045919867,http://place.map.kakao.com/555793760
더신사의원,2110591187,skin_treatment_hospital,피부시술병원,skin_treatment_hospital|hospital,confirmed,kakao_category:피부과|리프팅|보톡스|써마지|여드름|울쎄라|피부과|피부레이저|필러,"의료,건강 > 병원 > 피부과",HP8,병원,02-6958-8505,서울 강남구 신사동 515-8,서울 강남구 도산대로11길 11,127.0224141407,37.5181700262,http://place.map.kakao.com/2110591187
더안청담의원,187991685,skin_treatment_hospital,피부시술병원,skin_treatment_hospital|hospital,confirmed,kakao_category:피부과|리프팅|보톡스|써마지|여드름|울쎄라|피부과|피부레이저|필러,"의료,건강 > 병원 > 피부과",HP8,병원,02-540-5777,서울 강남구 청담동 1-2,서울 강남구 도산대로 406,127.0400153755,37.5228271637,http://place.map.kakao.com/187991685
더왈츠의원,1737285980,skin_treatment_hospital,피부시술병원,skin_treatment_hospital|hospital,confirmed,kakao_category:피부과|리프팅|보톡스|써마지|여드름|울쎄라|제모|피부과|피부레이저|필러,"의료,건강 > 병원 > 피부과",HP8,병원,02-535-1119,서울 강남구 역삼동 819-2,서울 강남구 강남대로94길 18,127.0287923941,37.4994187347,http://place.map.kakao.com/1737285980
더원성형외과,9720864,skin_treatment_hospital,피부시술병원,skin_treatment_hospital|hospital,high,리프팅|필러,"의료,건강 > 병원 > 성형외과",HP8,병원,02-512-3452,서울 강남구 신사동 569-29,서울 강남구 압구정로28길 40,127.0274918288,37.523966907,http://place.map.kakao.com/9720864
더웨이성형외과,743601249,skin_treatment_hospital,피부시술병원,skin_treatment_hospital|hospital,high,리프팅|보톡스|필러,"의료,건강 > 병원 > 성형외과",HP8,병원,02-534-8700,서울 강남구 역삼동 822-3,서울 강남구 테헤란로 107,127.0287559224,37.4986799185,http://place.map.kakao.com/743601249
더이쁨풀의원,288449407,skin_treatment_hospital,피부시술병원,skin_treatment_hospital|hospital,confirmed,kakao_category:피부과|리프팅|보톡스|여드름|피부과|피부레이저|필러,"의료,건강 > 병원 > 피부과",HP8,병원,02-508-7775,서울 강남구 역삼동 696-42,서울 강남구 선릉로93길 6,127.047899348,37.505687136,http://place.map.kakao.com/288449407
더제이의원,1276502043,skin_treatment_hospital,피부시술병원,skin_treatment_hospital|hospital,confirmed,kakao_category:피부과|보톡스|피부과|피부레이저|필러,"의료,건강 > 병원 > 피부과",HP8,병원,1577-7051,서울 강남구 논현동 118-16,서울 강남구 학동로 337,127.0399297249,37.5170661794,http://place.map.kakao.com/1276502043
더클래식의원성형외과,2084077934,skin_treatment_hospital,피부시술병원,skin_treatment_hospital|hospital,medium,리프팅,"의료,건강 > 병원 > 성형외과",HP8,병원,02-542-4335,서울 강남구 논현동 207-1,서울 강남구 학동로 206,127.0315974889,37.5140079927,http://place.map.kakao.com/2084077934
더타이트성형외과의원,1166334385,skin_treatment_hospital,피부시술병원,skin_treatment_hospital|hospital,high,리프팅|울쎄라,"의료,건강 > 병원 > 성형외과",HP8,병원,02-545-8828,서울 강남구 논현동 201-13,서울 강남구 봉은사로 109,127.0255826181,37.5051174338,http://place.map.kakao.com/1166334385
더플랜성형외과,1473257676,skin_treatment_hospital,피부시술병원,skin_treatment_hospital|hospital,high,리프팅|보톡스|피부과|필러,"의료,건강 > 병원 > 성형외과",HP8,병원,02-543-5009,서울 강남구 신사동 573-1,서울 강남구 압구정로20길 6,127.0245802063,37.5246837556,http://place.map.kakao.com/1473257676
더플러스성형외과의원,1161336050,skin_treatment_hospital,피부시술병원,skin_treatment_hospital|hospital,high,리프팅|필러,"의료,건강 > 병원 > 성형외과",HP8,병원,02-6933-7587,서울 강남구 신사동 536-9,서울 강남구 가로수길 9,127.0230217037,37.5185753608,http://place.map.kakao.com/1161336050
더피크의원,1434891572,skin_treatment_hospital,피부시술병원,skin_treatment_hospital|hospital,confirmed,kakao_category:피부과|리프팅|보톡스|써마지|울쎄라|피부과|필러,"의료,건강 > 병원 > 피부과",HP8,병원,02-6953-5874,서울 강남구 청담동 91,서울 강남구 도산대로57길 8,127.0414381091,37.5242088109,http://place.map.kakao.com/1434891572
더하다성형외과의원,831531533,skin_treatment_hospital,피부시술병원,skin_treatment_hospital|hospital,medium,필러,"의료,건강 > 병원 > 성형외과",HP8,병원,02-555-4232,서울 강남구 역삼동 601,서울 강남구 봉은사로 108,127.025591462,37.5045200653,http://place.map.kakao.com/831531533
더힐피부과의원 신사본점,1730388987,skin_treatment_hospital,피부시술병원,skin_treatment_hospital|hospital,confirmed,kakao_category:피부과|리프팅|보톡스|써마지|여드름|울쎄라|피부과|피부레이저|필러,"의료,건강 > 병원 > 피부과",HP8,병원,02-541-9790,서울 강남구 신사동 504-11,서울 강남구 강남대로 652,127.0188400707,37.5198735464,http://place.map.kakao.com/1730388987
데이뷰의원 강남점,471153280,skin_treatment_hospital,피부시술병원,skin_treatment_hospital|hospital,confirmed,kakao_category:피부과|리프팅|보톡스|써마지|여드름|울쎄라|제모|피부과|필러,"의료,건강 > 병원 > 피부과",HP8,병원,02-2138-2225,서울 강남구 논현동 165-7,서울 강남구 강남대로 494,127.0241127641,37.5063962694,http://place.map.kakao.com/471153280
도곡유스앤영의원,316382393,skin_treatment_hospital,피부시술병원,skin_treatment_hospital|hospital,high,리프팅|피부레이저|필러,"의료,건강 > 병원 > 일반의원",HP8,병원,02-555-7900,서울 강남구 대치동 653,서울 강남구 남부순환로 2911,127.0579265939,37.4924603792,http://place.map.kakao.com/316382393
도브의원,11596242,skin_treatment_hospital,피부시술병원,skin_treatment_hospital|hospital,confirmed,kakao_category:피부과|리프팅|보톡스|써마지|여드름|울쎄라|피부과|피부레이저|필러,"의료,건강 > 병원 > 피부과",HP8,병원,02-3443-8555,서울 강남구 논현동 7-14,서울 강남구 도산대로 174,127.0276009084,37.5191248925,http://place.map.kakao.com/11596242
동안중심의원,20492770,skin_treatment_hospital,피부시술병원,skin_treatment_hospital|hospital,confirmed,kakao_category:피부과|리프팅|보톡스|써마지|여드름|울쎄라|피부과|피부레이저|필러,"의료,건강 > 병원 > 피부과",HP8,병원,02-542-7586,서울 강남구 신사동 642-7,서울 강남구 압구정로48길 26,127.0367537094,37.5268286739,http://place.map.kakao.com/20492770
두드림성형외과의원,23489275,skin_treatment_hospital,피부시술병원,skin_treatment_hospital|hospital,high,리프팅|보톡스|피부레이저|필러,"의료,건강 > 병원 > 성형외과",HP8,병원,02-564-6500,서울 강남구 역삼동 649-10,서울 강남구 테헤란로 115,127.0299118245,37.499047242,http://place.map.kakao.com/23489275
두한성형외과,9787819,skin_treatment_hospital,피부시술병원,skin_treatment_hospital|hospital,high,리프팅|보톡스|피부레이저|필러,"의료,건강 > 병원 > 성형외과",HP8,병원,02-543-9870,서울 강남구 신사동 618-2,서울 강남구 언주로 869,127.0332880104,37.5281956204,http://place.map.kakao.com/9787819
드네의원,1982996533,skin_treatment_hospital,피부시술병원,skin_treatment_hospital|hospital,high,리프팅|보톡스|여드름|피부레이저|필러,"의료,건강 > 병원 > 일반의원",HP8,병원,02-516-8875,서울 강남구 신사동 549-6,서울 강남구 논현로175길 58,127.0241830545,37.5244469641,http://place.map.kakao.com/1982996533
드라마 성형외과 의원,1374529719,skin_treatment_hospital,피부시술병원,skin_treatment_hospital|hospital,medium,필러,"의료,건강 > 병원 > 성형외과",HP8,병원,02-540-2570,서울 강남구 논현동 50,서울 강남구 강남대로 560,127.0213863881,37.5119289634,http://place.map.kakao.com/1374529719
드림성형외과의원,27016196,skin_treatment_hospital,피부시술병원,skin_treatment_hospital|hospital,high,리프팅|보톡스|써마지|울쎄라|피부레이저|필러,"의료,건강 > 병원 > 성형외과",HP8,병원,02-546-1616,서울 강남구 신사동 603-2,서울 강남구 논현로 848,127.0288733556,37.5246441311,http://place.map.kakao.com/27016196
드림클리닉,631774918,skin_treatment_hospital,피부시술병원,skin_treatment_hospital|hospital,confirmed,kakao_category:피부과|피부과,"의료,건강 > 병원 > 피부과",HP8,병원,02-546-1666,서울 강남구 신사동 603-2,서울 강남구 논현로 848,127.0288292137,37.5245855767,http://place.map.kakao.com/631774918
드림피부과의원,7854102,skin_treatment_hospital,피부시술병원,skin_treatment_hospital|hospital,confirmed,kakao_category:피부과|여드름|피부과|피부레이저,"의료,건강 > 병원 > 피부과",HP8,병원,02-546-1613,서울 강남구 신사동 575,서울 강남구 압구정로 152,127.026177856,37.5255376525,http://place.map.kakao.com/7854102
드보라의원,2088455144,skin_treatment_hospital,피부시술병원,skin_treatment_hospital|hospital,medium,피부과,"의료,건강 > 병원 > 성형외과",HP8,병원,02-556-3156,서울 강남구 역삼동 830-71,서울 강남구 역삼로 123,127.0330308851,37.4941133999,http://place.map.kakao.com/2088455144
드올의원,375510018,skin_treatment_hospital,피부시술병원,skin_treatment_hospital|hospital,confirmed,kakao_category:피부과|리프팅|보톡스|울쎄라|피부과|피부레이저|필러,"의료,건강 > 병원 > 피부과",HP8,병원,02-6959-4688,서울 강남구 논현동 4,서울 강남구 도산대로 122,127.0221253012,37.5168456056,http://place.map.kakao.com/375510018
디데이성형외과의원,1025097227,skin_treatment_hospital,피부시술병원,skin_treatment_hospital|hospital,medium,필러,"의료,건강 > 병원 > 성형외과",HP8,병원,02-542-8887,서울 강남구 논현동 5-1,서울 강남구 도산대로 134,127.0234206119,37.5173048676,http://place.map.kakao.com/1025097227
디마레클리닉 강남본점,14077265,skin_treatment_hospital,피부시술병원,skin_treatment_hospital|hospital,high,리프팅|보톡스,"의료,건강 > 병원 > 성형외과",HP8,병원,02-511-4414,서울 강남구 역삼동 601-18,서울 강남구 봉은사로 116,127.0263832378,37.5048064109,http://place.map.kakao.com/14077265
디바성형외과의원,13506377,skin_treatment_hospital,피부시술병원,skin_treatment_hospital|hospital,medium,리프팅,"의료,건강 > 병원 > 성형외과",HP8,병원,02-542-7002,서울 강남구 논현동 18-4,서울 강남구 강남대로 584,127.0206200706,37.5139356358,http://place.map.kakao.com/13506377
디바인성형외과의원,970500220,skin_treatment_hospital,피부시술병원,skin_treatment_hospital|hospital,high,리프팅|보톡스|필러,"의료,건강 > 병원 > 성형외과",HP8,병원,02-545-5110,서울 강남구 논현동 2-15,서울 강남구 도산대로 114,127.0212168753,37.5164493307,http://place.map.kakao.com/970500220
디비성형외과의원,925395305,skin_treatment_hospital,피부시술병원,skin_treatment_hospital|hospital,medium,필러,"의료,건강 > 병원 > 성형외과",HP8,병원,02-553-9870,서울 강남구 역삼동 825-8,서울 강남구 강남대로 376,127.028791301,37.4965715547,http://place.map.kakao.com/925395305
디아더피부과의원,1351615221,skin_treatment_hospital,피부시술병원,skin_treatment_hospital|hospital,confirmed,kakao_category:피부과|보톡스|피부과,"의료,건강 > 병원 > 피부과",HP8,병원,02-6949-2790,서울 강남구 신사동 630-19,서울 강남구 도산대로 307,127.0349324178,37.5221971736,http://place.map.kakao.com/1351615221
디아뜨의원,15957497,skin_treatment_hospital,피부시술병원,skin_treatment_hospital|hospital,confirmed,kakao_category:피부과|피부과,"의료,건강 > 병원 > 피부과",HP8,병원,02-540-5479,서울 강남구 신사동 501,서울 강남구 강남대로 616,127.019767984,37.5168460236,http://place.map.kakao.com/15957497
디알피부과의원,1374020868,skin_treatment_hospital,피부시술병원,skin_treatment_hospital|hospital,confirmed,kakao_category:피부과|리프팅|보톡스|여드름|울쎄라|피부과|피부레이저|필러,"의료,건강 > 병원 > 피부과",HP8,병원,02-561-1675,서울 강남구 청담동 1-1,서울 강남구 도산대로 404,127.0398604493,37.5229281284,http://place.map.kakao.com/1374020868
디앤에이피부과의원,12969285,skin_treatment_hospital,피부시술병원,skin_treatment_hospital|hospital,confirmed,kakao_category:피부과|리프팅|써마지|여드름|울쎄라|피부과|피부레이저,"의료,건강 > 병원 > 피부과",HP8,병원,02-3444-1003,서울 강남구 신사동 617-5,서울 강남구 언주로 871,127.0333583137,37.5285578033,http://place.map.kakao.com/12969285
디에스의원,27307757,skin_treatment_hospital,피부시술병원,skin_treatment_hospital|hospital,high,리프팅|보톡스|여드름|울쎄라|피부레이저|필러,"의료,건강 > 병원 > 성형외과",HP8,병원,02-418-0330,서울 강남구 신사동 639-4,서울 강남구 압구정로 322,127.0367047798,37.5285586126,http://place.map.kakao.com/27307757
디에이성형외과의원,20692023,skin_treatment_hospital,피부시술병원,skin_treatment_hospital|hospital,high,리프팅|보톡스|여드름|울쎄라|필러,"의료,건강 > 병원 > 성형외과",HP8,병원,02-515-4600,서울 강남구 역삼동 648-22,서울 강남구 테헤란로 125,127.0316784976,37.4996054053,http://place.map.kakao.com/20692023
디에이치페이스업의원,1961845536,skin_treatment_hospital,피부시술병원,skin_treatment_hospital|hospital,confirmed,kakao_category:피부과|리프팅|써마지|여드름|피부과|피부레이저|필러,"의료,건강 > 병원 > 피부과",HP8,병원,02-543-4742,서울 강남구 논현동 199-5,서울 강남구 강남대로 480,127.0245647894,37.5052618107,http://place.map.kakao.com/1961845536
디에이피부과의원 도산,1372473764,skin_treatment_hospital,피부시술병원,skin_treatment_hospital|hospital,confirmed,kakao_category:피부과|리프팅|보톡스|써마지|울쎄라|피부과|필러,"의료,건강 > 병원 > 피부과",HP8,병원,02-512-3300,서울 강남구 신사동 656-11,서울 강남구 도산대로51길 27,127.0377686691,37.5249470612,http://place.map.kakao.com/1372473764
디엠성형외과의원,1101032081,skin_treatment_hospital,피부시술병원,skin_treatment_hospital|hospital,medium,리프팅,"의료,건강 > 병원 > 성형외과",HP8,병원,1899-0834,서울 강남구 신사동 579-1,서울 강남구 압구정로 158,127.0269699905,37.5261970079,http://place.map.kakao.com/1101032081
디엠피부과의원,1723074658,skin_treatment_hospital,피부시술병원,skin_treatment_hospital|hospital,confirmed,kakao_category:피부과|리프팅|보톡스|써마지|여드름|울쎄라|제모|피부과|필러,"의료,건강 > 병원 > 피부과",HP8,병원,02-3445-0803,서울 강남구 신사동 579-1,서울 강남구 압구정로 158,127.0269790421,37.5262006098,http://place.map.kakao.com/1723074658
디오디피부과의원 청담,490420752,skin_treatment_hospital,피부시술병원,skin_treatment_hospital|hospital,confirmed,kakao_category:피부과|리프팅|보톡스|써마지|여드름|울쎄라|피부과|피부레이저|필러,"의료,건강 > 병원 > 피부과",HP8,병원,02-6203-6263,서울 강남구 청담동 91-11,서울 강남구 도산대로 423,127.0421902497,37.5239454519,http://place.map.kakao.com/490420752
디유성형외과의원,1314772685,skin_treatment_hospital,피부시술병원,skin_treatment_hospital|hospital,high,리프팅|보톡스|필러,"의료,건강 > 병원 > 성형외과",HP8,병원,02-562-0507,서울 강남구 역삼동 822-1,서울 강남구 테헤란로 105,127.0285263374,37.4986349238,http://place.map.kakao.com/1314772685
디의원,1226263006,skin_treatment_hospital,피부시술병원,skin_treatment_hospital|hospital,confirmed,kakao_category:피부과|리프팅|보톡스|써마지|여드름|울쎄라|피부과|피부레이저|필러,"의료,건강 > 병원 > 피부과",HP8,병원,02-541-7500,서울 강남구 청담동 100-17,서울 강남구 압구정로 445,127.046111652,37.5265370703,http://place.map.kakao.com/1226263006
디캐럿의원 신사본점,550915077,skin_treatment_hospital,피부시술병원,skin_treatment_hospital|hospital,confirmed,kakao_category:피부과|리프팅|보톡스|써마지|여드름|울쎄라|제모|피부과|피부레이저|필러,"의료,건강 > 병원 > 피부과",HP8,병원,0502-5550-3569,서울 강남구 신사동 586-6,서울 강남구 논현로 807,127.0278334331,37.5208259316,http://place.map.kakao.com/550915077
디케이메드클리닉의원,329966476,skin_treatment_hospital,피부시술병원,skin_treatment_hospital|hospital,confirmed,kakao_category:피부과|피부과,"의료,건강 > 병원 > 피부과",HP8,병원,02-783-8256,서울 강남구 신사동 595,서울 강남구 논현로168길 30,127.0305890046,37.523457079,http://place.map.kakao.com/329966476
디토셀의원,376087379,skin_treatment_hospital,피부시술병원,skin_treatment_hospital|hospital,confirmed,kakao_category:피부과|리프팅|써마지|울쎄라|피부과|필러,"의료,건강 > 병원 > 피부과",HP8,병원,02-564-7774,서울 강남구 역삼동 688-3,서울 강남구 언주로 554,127.0402130505,37.5075262509,http://place.map.kakao.com/376087379
디파인피부과의원,1276311703,skin_treatment_hospital,피부시술병원,skin_treatment_hospital|hospital,confirmed,kakao_category:피부과|리프팅|보톡스|써마지|여드름|울쎄라|피부과,"의료,건강 > 병원 > 피부과",HP8,병원,02-6205-3468,서울 강남구 도곡동 467-14,서울 강남구 언주로30길 39,127.0532142501,37.48874594,http://place.map.kakao.com/1276311703
땡큐성형외과의원,2099083504,skin_treatment_hospital,피부시술병원,skin_treatment_hospital|hospital,high,리프팅|보톡스|울쎄라|피부과|피부레이저|필러,"의료,건강 > 병원 > 성형외과",HP8,병원,02-567-0900,서울 강남구 역삼동 814-1,서울 강남구 강남대로 446,127.026011474,37.5024828,http://place.map.kakao.com/2099083504
뚜뚜의원,1549553937,skin_treatment_hospital,피부시술병원,skin_treatment_hospital|hospital,confirmed,kakao_category:피부과|리프팅|보톡스|피부과|피부레이저|필러,"의료,건강 > 병원 > 피부과",HP8,병원,02-501-0824,서울 강남구 역삼동 610-5,서울 강남구 봉은사로24길 24,127.0323368778,37.5053185041,http://place.map.kakao.com/1549553937
라라성형외과의원,517939701,skin_treatment_hospital,피부시술병원,skin_treatment_hospital|hospital,high,리프팅|울쎄라|필러,"의료,건강 > 병원 > 성형외과",HP8,병원,02-532-8078,서울 강남구 역삼동 808,서울 강남구 강남대로 470,127.0250609759,37.5043291659,http://place.map.kakao.com/517939701
라르떼의원,12435361,skin_treatment_hospital,피부시술병원,skin_treatment_hospital|hospital,confirmed,kakao_category:피부과|보톡스|여드름|피부과|피부레이저|필러,"의료,건강 > 병원 > 피부과",HP8,병원,02-3288-1600,서울 강남구 삼성동 141-35,서울 강남구 테헤란로 401,127.0491463512,37.5049703246,http://place.map.kakao.com/12435361
라리안청담의원,2076538323,skin_treatment_hospital,피부시술병원,skin_treatment_hospital|hospital,confirmed,kakao_category:피부과|리프팅|보톡스|써마지|여드름|울쎄라|피부과|필러,"의료,건강 > 병원 > 피부과",HP8,병원,02-517-3335,서울 강남구 청담동 89-9,서울 강남구 도산대로59길 9,127.0419281167,37.5245149788,http://place.map.kakao.com/2076538323
라메스피부과의원,13332034,skin_treatment_hospital,피부시술병원,skin_treatment_hospital|hospital,confirmed,kakao_category:피부과|리프팅|보톡스|써마지|여드름|피부과|피부레이저,"의료,건강 > 병원 > 피부과",HP8,병원,02-549-5052,서울 강남구 역삼동 653-4,서울 강남구 언주로 563,127.0381683927,37.5079341835,http://place.map.kakao.com/13332034
라봄성형외과의원,11644241,skin_treatment_hospital,피부시술병원,skin_treatment_hospital|hospital,high,리프팅|보톡스|필러,"의료,건강 > 병원 > 성형외과",HP8,병원,1661-7120,서울 강남구 신사동 599,서울 강남구 논현로 842,127.0287305833,37.5240377913,http://place.map.kakao.com/11644241
라비앙성형외과의원,507451578,skin_treatment_hospital,피부시술병원,skin_treatment_hospital|hospital,high,리프팅|보톡스|써마지|울쎄라,"의료,건강 > 병원 > 성형외과",HP8,병원,02-515-1000,서울 강남구 신사동 666-8,서울 강남구 선릉로 805,127.0389820973,37.5241258539,http://place.map.kakao.com/507451578
라비앙의원,160291511,skin_treatment_hospital,피부시술병원,skin_treatment_hospital|hospital,high,리프팅|보톡스|써마지|울쎄라|피부레이저,"의료,건강 > 병원 > 일반의원",HP8,병원,02-543-1000,서울 강남구 신사동 666-8,서울 강남구 선릉로 805,127.0390692264,37.5241681722,http://place.map.kakao.com/160291511
라셀라의원,1158908815,skin_treatment_hospital,피부시술병원,skin_treatment_hospital|hospital,confirmed,kakao_category:피부과|보톡스|피부과|필러,"의료,건강 > 병원 > 피부과",HP8,병원,02-547-4546,서울 강남구 청담동 91-15,서울 강남구 도산대로57길 6,127.0415963842,37.5240258518,http://place.map.kakao.com/1158908815
라셀릭의원,1184603459,skin_treatment_hospital,피부시술병원,skin_treatment_hospital|hospital,confirmed,kakao_category:피부과|피부과,"의료,건강 > 병원 > 피부과",HP8,병원,02-512-1006,서울 강남구 삼성동 71-9,서울 강남구 봉은사로 503,127.0538098235,37.513515222,http://place.map.kakao.com/1184603459
라스트성형외과의원,1984937310,skin_treatment_hospital,피부시술병원,skin_treatment_hospital|hospital,medium,피부레이저,"의료,건강 > 병원 > 성형외과",HP8,병원,02-549-5929,서울 강남구 논현동 5,서울 강남구 도산대로 134,127.0233787743,37.5173535301,http://place.map.kakao.com/1984937310
라움성형외과의원,7879902,skin_treatment_hospital,피부시술병원,skin_treatment_hospital|hospital,medium,피부레이저,"의료,건강 > 병원 > 성형외과",HP8,병원,02-549-7788,서울 강남구 신사동 603-2,서울 강남구 논현로 848,127.0288292123,37.5245819727,http://place.map.kakao.com/7879902
라이블리성형외과의원,1981281666,skin_treatment_hospital,피부시술병원,skin_treatment_hospital|hospital,high,리프팅|보톡스,"의료,건강 > 병원 > 성형외과",HP8,병원,02-540-2200,서울 강남구 논현동 18,서울 강남구 강남대로 590,127.0204155048,37.514539344,http://place.map.kakao.com/1981281666
라이즈성형외과의원,1832483715,skin_treatment_hospital,피부시술병원,skin_treatment_hospital|hospital,medium,필러,"의료,건강 > 병원 > 성형외과",HP8,병원,02-515-9101,서울 강남구 신사동 586-1,서울 강남구 논현로 815,127.0278619124,37.5213611206,http://place.map.kakao.com/1832483715
라이트성형외과의원,65566017,skin_treatment_hospital,피부시술병원,skin_treatment_hospital|hospital,high,리프팅|여드름|울쎄라|필러,"의료,건강 > 병원 > 성형외과",HP8,병원,02-543-0300,서울 강남구 신사동 583,서울 강남구 논현로 843,127.0279739044,37.5243947699,http://place.map.kakao.com/65566017
라인마스터의원,1523995208,skin_treatment_hospital,피부시술병원,skin_treatment_hospital|hospital,high,보톡스|울쎄라|필러,"의료,건강 > 병원 > 성형외과",HP8,병원,02-556-4200,서울 강남구 삼성동 141-33,서울 강남구 테헤란로 403,127.0495083368,37.5050837001,http://place.map.kakao.com/1523995208
라인앤뷰의원,147647651,skin_treatment_hospital,피부시술병원,skin_treatment_hospital|hospital,high,리프팅|보톡스|울쎄라|피부레이저|필러,"의료,건강 > 병원 > 성형외과",HP8,병원,02-1600-9833,서울 강남구 신사동 514-2,서울 강남구 도산대로 119,127.0214659781,37.5173259621,http://place.map.kakao.com/147647651
라클라쎄의원,1727550734,skin_treatment_hospital,피부시술병원,skin_treatment_hospital|hospital,high,리프팅|보톡스|여드름|울쎄라|피부레이저|필러,"의료,건강 > 병원 > 일반의원",HP8,병원,02-563-3101,서울 강남구 역삼동 821,서울 강남구 테헤란로 101,127.0280638046,37.4986224205,http://place.map.kakao.com/1727550734
라프린의원,13506299,skin_treatment_hospital,피부시술병원,skin_treatment_hospital|hospital,confirmed,kakao_category:피부과|리프팅|보톡스|써마지|울쎄라|피부과|피부레이저|필러,"의료,건강 > 병원 > 피부과",HP8,병원,1899-7812,서울 강남구 청담동 47-2,서울 강남구 삼성로 709,127.0495528684,37.5194114497,http://place.map.kakao.com/13506299
라현의원,211021327,skin_treatment_hospital,피부시술병원,skin_treatment_hospital|hospital,high,리프팅|보톡스|피부레이저,"의료,건강 > 병원 > 성형외과",HP8,병원,02-3445-1155,서울 강남구 청담동 3,서울 강남구 도산대로 420,127.0420699155,37.5231958608,http://place.map.kakao.com/211021327
레스트의원,1792326653,skin_treatment_hospital,피부시술병원,skin_treatment_hospital|hospital,high,보톡스|필러,"의료,건강 > 병원 > 일반의원",HP8,병원,02-6951-2522,서울 강남구 청담동 88-20,서울 강남구 선릉로158길 12,127.0410179099,37.5253595375,http://place.map.kakao.com/1792326653
레아주서울피부과의원,719889936,skin_treatment_hospital,피부시술병원,skin_treatment_hospital|hospital,confirmed,kakao_category:피부과|리프팅|여드름|피부과|필러,"의료,건강 > 병원 > 피부과",HP8,병원,02-511-7501,서울 강남구 신사동 583-3,서울 강남구 논현로 841,127.0279149736,37.5241127701,http://place.map.kakao.com/719889936
레알성형외과의원,10356642,skin_treatment_hospital,피부시술병원,skin_treatment_hospital|hospital,high,리프팅|보톡스|피부레이저|필러,"의료,건강 > 병원 > 성형외과",HP8,병원,1588-3699,서울 강남구 신사동 580,서울 강남구 압구정로 164,127.0276228616,37.5265113067,http://place.map.kakao.com/10356642
레어피부과의원,1978352886,skin_treatment_hospital,피부시술병원,skin_treatment_hospital|hospital,confirmed,kakao_category:피부과|보톡스|피부과,"의료,건강 > 병원 > 피부과",HP8,병원,02-543-2575,서울 강남구 청담동 89-6,서울 강남구 선릉로152길 21,127.0414631565,37.5244971229,http://place.map.kakao.com/1978352886
레이의원,26217809,skin_treatment_hospital,피부시술병원,skin_treatment_hospital|hospital,confirmed,kakao_category:피부과|리프팅|보톡스|여드름|피부과|피부레이저|필러,"의료,건강 > 병원 > 피부과",HP8,병원,02-3446-0121,서울 강남구 신사동 654-5,서울 강남구 선릉로153길 13,127.0383035997,37.5246315382,http://place.map.kakao.com/26217809
레이첼의원,1328953326,skin_treatment_hospital,피부시술병원,skin_treatment_hospital|hospital,high,보톡스|써마지|울쎄라,"의료,건강 > 병원 > 성형외과",HP8,병원,02-517-5300,서울 강남구 신사동 664-1,서울 강남구 압구정로54길 5,127.039772353,37.5274547932,http://place.map.kakao.com/1328953326
레지움피부과의원,2141660495,skin_treatment_hospital,피부시술병원,skin_treatment_hospital|hospital,confirmed,kakao_category:피부과|피부과,"의료,건강 > 병원 > 피부과",HP8,병원,02-2088-1500,서울 강남구 신사동 501-2,서울 강남구 도산대로 107,127.0201084426,37.5167801929,http://place.map.kakao.com/2141660495
로렌클리닉,8416751,skin_treatment_hospital,피부시술병원,skin_treatment_hospital|hospital,high,리프팅|보톡스|써마지|울쎄라|필러,"의료,건강 > 병원 > 성형외과",HP8,병원,02-561-5773,서울 강남구 신사동 501,서울 강남구 강남대로 616,127.019795134,37.5168550291,http://place.map.kakao.com/8416751
로렐의원,1667825246,skin_treatment_hospital,피부시술병원,skin_treatment_hospital|hospital,confirmed,kakao_category:피부과|리프팅|보톡스|써마지|여드름|울쎄라|피부과|피부레이저|필러,"의료,건강 > 병원 > 피부과",HP8,병원,02-543-0407,서울 강남구 청담동 88-38,서울 강남구 선릉로152길 17,127.0408917842,37.5243450527,http://place.map.kakao.com/1667825246
로사클리닉,515054134,skin_treatment_hospital,피부시술병원,skin_treatment_hospital|hospital,confirmed,kakao_category:피부과|리프팅|써마지|여드름|울쎄라|피부과|필러,"의료,건강 > 병원 > 피부과",HP8,병원,02-555-3388,서울 강남구 청담동 88-1,서울 강남구 도산대로55길 26,127.0407904513,37.52522807,http://place.map.kakao.com/515054134
로웰성형외과의원 강남점,2119417229,skin_treatment_hospital,피부시술병원,skin_treatment_hospital|hospital,high,리프팅|피부레이저|필러,"의료,건강 > 병원 > 성형외과",HP8,병원,02-6951-1001,서울 강남구 역삼동 648-26,서울 강남구 테헤란로 121,127.031063215,37.4994163574,http://place.map.kakao.com/2119417229
로이성형외과의원,1261537419,skin_treatment_hospital,피부시술병원,skin_treatment_hospital|hospital,high,리프팅|피부레이저,"의료,건강 > 병원 > 성형외과",HP8,병원,02-516-5525,서울 강남구 신사동 504-11,서울 강남구 강남대로 652,127.0190323294,37.51969782,http://place.map.kakao.com/1261537419
로이셀의원,837283859,skin_treatment_hospital,피부시술병원,skin_treatment_hospital|hospital,confirmed,kakao_category:피부과|리프팅|울쎄라|피부과|필러,"의료,건강 > 병원 > 피부과",HP8,병원,02-511-5560,서울 강남구 청담동 100,서울 강남구 도산대로81길 51,127.0457612825,37.5270814118,http://place.map.kakao.com/837283859
로코코성형외과의원,13057609,skin_treatment_hospital,피부시술병원,skin_treatment_hospital|hospital,high,보톡스|필러,"의료,건강 > 병원 > 성형외과",HP8,병원,02-2135-2702,서울 강남구 신사동 599,서울 강남구 논현로 842,127.0287566881,37.5242612336,http://place.map.kakao.com/13057609
롤리팝성형외과의원,1093922326,skin_treatment_hospital,피부시술병원,skin_treatment_hospital|hospital,high,리프팅|보톡스|피부레이저|필러,"의료,건강 > 병원 > 성형외과",HP8,병원,02-543-1011,서울 강남구 신사동 514-2,서울 강남구 도산대로 119,127.0214580593,37.5173232606,http://place.map.kakao.com/1093922326
루나의원,1472069903,skin_treatment_hospital,피부시술병원,skin_treatment_hospital|hospital,confirmed,kakao_category:피부과|보톡스|여드름|피부과|피부레이저,"의료,건강 > 병원 > 피부과",HP8,병원,02-511-0883,서울 강남구 신사동 639-1,서울 강남구 압구정로 316,127.0360373606,37.5286912654,http://place.map.kakao.com/1472069903
루미에의원,1420138712,skin_treatment_hospital,피부시술병원,skin_treatment_hospital|hospital,confirmed,kakao_category:피부과|리프팅|보톡스|써마지|여드름|제모|피부과|피부레이저|필러,"의료,건강 > 병원 > 피부과",HP8,병원,02-558-8275,서울 강남구 역삼동 814-1,서울 강남구 강남대로 446,127.0259141919,37.502419751,http://place.map.kakao.com/1420138712
루미인피부과의원,1056543950,skin_treatment_hospital,피부시술병원,skin_treatment_hospital|hospital,confirmed,kakao_category:피부과|리프팅|보톡스|써마지|여드름|울쎄라|제모|피부과|피부레이저,"의료,건강 > 병원 > 피부과",HP8,병원,02-565-8273,서울 강남구 대치동 922-1,서울 강남구 선릉로 324,127.0521016231,37.4985241639,http://place.map.kakao.com/1056543950
루브르성형외과의원,1171668739,skin_treatment_hospital,피부시술병원,skin_treatment_hospital|hospital,high,리프팅|보톡스,"의료,건강 > 병원 > 성형외과",HP8,병원,02-535-1719,서울 강남구 논현동 200-7,서울 강남구 강남대로 476,127.0247908671,37.5049067674,http://place.map.kakao.com/1171668739
루비성형외과의원,17646487,skin_treatment_hospital,피부시술병원,skin_treatment_hospital|hospital,high,리프팅|보톡스|써마지|울쎄라|필러,"의료,건강 > 병원 > 성형외과",HP8,병원,1661-8897,서울 강남구 논현동 1-3,서울 강남구 도산대로 108,127.020645558,37.5161250706,http://place.map.kakao.com/17646487
루비의원 신사점,616978541,skin_treatment_hospital,피부시술병원,skin_treatment_hospital|hospital,confirmed,kakao_category:피부과|리프팅|보톡스|써마지|여드름|울쎄라|피부과|필러,"의료,건강 > 병원 > 피부과",HP8,병원,02-512-8895,서울 강남구 신사동 514-2,서울 강남구 도산대로 119,127.0214659781,37.5173259621,http://place.map.kakao.com/616978541
루비의원 양재점,2098478606,skin_treatment_hospital,피부시술병원,skin_treatment_hospital|hospital,confirmed,kakao_category:피부과|리프팅|보톡스|울쎄라|피부과|피부레이저|필러,"의료,건강 > 병원 > 피부과",HP8,병원,02-577-7203,서울 강남구 도곡동 953-11,서울 강남구 강남대로 238,127.0347567822,37.4849667757,http://place.map.kakao.com/2098478606
루비피부과의원 신사점,315920034,skin_treatment_hospital,피부시술병원,skin_treatment_hospital|hospital,confirmed,kakao_category:피부과|피부과,"의료,건강 > 병원 > 피부과",HP8,병원,02-512-8895,서울 강남구 신사동 514-2,서울 강남구 도산대로 119,127.0214659781,37.5173259621,http://place.map.kakao.com/315920034
루센느의원,571233135,skin_treatment_hospital,피부시술병원,skin_treatment_hospital|hospital,confirmed,kakao_category:피부과|리프팅|써마지|울쎄라|피부과|필러,"의료,건강 > 병원 > 피부과",HP8,병원,02-6952-3663,서울 강남구 논현동 200-6,서울 강남구 봉은사로 105,127.0250238686,37.5049715906,http://place.map.kakao.com/571233135
루셀의원,846867503,skin_treatment_hospital,피부시술병원,skin_treatment_hospital|hospital,high,보톡스|써마지,"의료,건강 > 병원 > 가정의학과",HP8,병원,02-511-5944,서울 강남구 청담동 80-19,서울 강남구 압구정로72길 8,127.0450276172,37.5261167206,http://place.map.kakao.com/846867503
루아베피부과의원,58475226,skin_treatment_hospital,피부시술병원,skin_treatment_hospital|hospital,confirmed,kakao_category:피부과|여드름|피부과,"의료,건강 > 병원 > 피부과",HP8,병원,02-3444-7577,서울 강남구 청담동 92-4,서울 강남구 도산대로 435,127.0432887468,37.5240252436,http://place.map.kakao.com/58475226
루아크성형외과의원,1880511394,skin_treatment_hospital,피부시술병원,skin_treatment_hospital|hospital,high,리프팅|보톡스|써마지|울쎄라|피부레이저|필러,"의료,건강 > 병원 > 성형외과",HP8,병원,02-6204-5566,서울 강남구 논현동 93-2,서울 강남구 도산대로 328,127.0379642212,37.5224025676,http://place.map.kakao.com/1880511394
루엘의원,1828795786,skin_treatment_hospital,피부시술병원,skin_treatment_hospital|hospital,confirmed,kakao_category:피부과|리프팅|보톡스|써마지|여드름|울쎄라|피부과|피부레이저|필러,"의료,건강 > 병원 > 피부과",HP8,병원,02-514-1011,서울 강남구 논현동 202-19,서울 강남구 봉은사로 117,127.0264512841,37.5053397908,http://place.map.kakao.com/1828795786
루호성형외과의원,1310778419,skin_treatment_hospital,피부시술병원,skin_treatment_hospital|hospital,high,리프팅|보톡스|필러,"의료,건강 > 병원 > 성형외과",HP8,병원,02-516-0013,서울 강남구 신사동 501,서울 강남구 강남대로 616,127.0197657245,37.5168568361,http://place.map.kakao.com/1310778419
룬피부과의원,1673698177,skin_treatment_hospital,피부시술병원,skin_treatment_hospital|hospital,confirmed,kakao_category:피부과|리프팅|써마지|피부과|필러,"의료,건강 > 병원 > 피부과",HP8,병원,02-512-7788,서울 강남구 청담동 85-2,서울 강남구 선릉로 822,127.0401727906,37.5252589157,http://place.map.kakao.com/1673698177
르디테의원,2117978390,skin_treatment_hospital,피부시술병원,skin_treatment_hospital|hospital,confirmed,kakao_category:피부과|울쎄라|피부과,"의료,건강 > 병원 > 피부과",HP8,병원,02-6085-0578,서울 강남구 신사동 514-16,서울 강남구 도산대로 121,127.0217284305,37.5174079054,http://place.map.kakao.com/2117978390
르메디크의원,1630386773,skin_treatment_hospital,피부시술병원,skin_treatment_hospital|hospital,confirmed,kakao_category:피부과|리프팅|보톡스|써마지|여드름|울쎄라|피부과|피부레이저,"의료,건강 > 병원 > 피부과",HP8,병원,02-543-2121,서울 강남구 청담동 89-21,서울 강남구 도산대로57길 20,127.0416783285,37.5249133102,http://place.map.kakao.com/1630386773
르모아의원,303572031,skin_treatment_hospital,피부시술병원,skin_treatment_hospital|hospital,confirmed,kakao_category:피부과|보톡스|써마지|울쎄라|피부과,"의료,건강 > 병원 > 피부과",HP8,병원,02-565-2486,서울 강남구 역삼동 765-3,서울 강남구 선릉로 301,127.0524654586,37.4964706093,http://place.map.kakao.com/303572031
르쏘메의원,684915905,skin_treatment_hospital,피부시술병원,skin_treatment_hospital|hospital,high,보톡스|써마지|필러,"의료,건강 > 병원 > 일반의원",HP8,병원,02-543-8754,서울 강남구 청담동 50,서울 강남구 도산대로 518,127.0497641655,37.5241668531,http://place.map.kakao.com/684915905
르제이의원,63611797,skin_treatment_hospital,피부시술병원,skin_treatment_hospital|hospital,medium,써마지,"의료,건강 > 병원 > 일반의원",HP8,병원,02-516-7153,서울 강남구 논현동 5-1,서울 강남구 도산대로 134,127.0233810366,37.5173535297,http://place.map.kakao.com/63611797
리노보의원 압구정,25630192,skin_treatment_hospital,피부시술병원,skin_treatment_hospital|hospital,confirmed,kakao_category:피부과|리프팅|보톡스|여드름|제모|피부과|피부레이저|필러,"의료,건강 > 병원 > 피부과",HP8,병원,02-593-1356,서울 강남구 신사동 583-3,서울 강남구 논현로 841,127.0279149833,37.5241388992,http://place.map.kakao.com/25630192
리뉴아의원,643755802,skin_treatment_hospital,피부시술병원,skin_treatment_hospital|hospital,high,리프팅|보톡스,"의료,건강 > 병원 > 일반의원",HP8,병원,02-2135-2149,서울 강남구 신사동 665-8,서울 강남구 선릉로153길 8,127.03886149,37.5249692318,http://place.map.kakao.com/643755802
리뉴얼의원,14091150,skin_treatment_hospital,피부시술병원,skin_treatment_hospital|hospital,confirmed,kakao_category:피부과|리프팅|보톡스|써마지|울쎄라|제모|피부과|피부레이저|필러,"의료,건강 > 병원 > 피부과",HP8,병원,02-512-8800,서울 강남구 신사동 663-14,서울 강남구 선릉로157길 18,127.038393789,37.5262298868,http://place.map.kakao.com/14091150
리뉴외과의원,765263399,skin_treatment_hospital,피부시술병원,skin_treatment_hospital|hospital,high,리프팅|울쎄라|필러,"의료,건강 > 병원 > 성형외과",HP8,병원,02-549-0119,서울 강남구 신사동 666-15,서울 강남구 도산대로 335,127.0385190261,37.5233754708,http://place.map.kakao.com/765263399
리더스피부과 강남도곡점,16415860,skin_treatment_hospital,피부시술병원,skin_treatment_hospital|hospital,confirmed,kakao_category:피부과|리프팅|보톡스|써마지|여드름|울쎄라|피부과|피부레이저,"의료,건강 > 병원 > 피부과",HP8,병원,1588-7833,서울 강남구 도곡동 467-7,서울 강남구 언주로30길 21,127.0520021843,37.4888509966,http://place.map.kakao.com/16415860
리더스피부과 삼성중앙점,443622925,skin_treatment_hospital,피부시술병원,skin_treatment_hospital|hospital,confirmed,kakao_category:피부과|리프팅|보톡스|써마지|여드름|울쎄라|피부과|피부레이저|필러,"의료,건강 > 병원 > 피부과",HP8,병원,02-545-3575,서울 강남구 삼성동 49-12,서울 강남구 봉은사로 469,127.0507902866,37.5125840199,http://place.map.kakao.com/443622925
리더스피부과 압구정점,22540851,skin_treatment_hospital,피부시술병원,skin_treatment_hospital|hospital,confirmed,kakao_category:피부과|리프팅|보톡스|써마지|울쎄라|피부과|피부레이저|필러,"의료,건강 > 병원 > 피부과",HP8,병원,1588-7833,서울 강남구 신사동 623-1,서울 강남구 언주로 843,127.0329475349,37.5257422875,http://place.map.kakao.com/22540851
리더스피부과 청담명품거리점,1942356395,skin_treatment_hospital,피부시술병원,skin_treatment_hospital|hospital,confirmed,kakao_category:피부과|피부과,"의료,건강 > 병원 > 피부과",HP8,병원,1588-7833,서울 강남구 청담동 100-17,서울 강남구 압구정로 445,127.0461026082,37.5265478859,http://place.map.kakao.com/1942356395
리더스피부과의원 청담점,800792035,skin_treatment_hospital,피부시술병원,skin_treatment_hospital|hospital,confirmed,kakao_category:피부과|리프팅|보톡스|써마지|여드름|울쎄라|피부과|피부레이저|필러,"의료,건강 > 병원 > 피부과",HP8,병원,1588-7833,서울 강남구 청담동 87-4,서울 강남구 도산대로 409,127.0404853194,37.52371359,http://place.map.kakao.com/800792035
리드림의원,1850046357,skin_treatment_hospital,피부시술병원,skin_treatment_hospital|hospital,confirmed,kakao_category:피부과|피부과,"의료,건강 > 병원 > 피부과",HP8,병원,02-527-9999,서울 강남구 삼성동 158-23,서울 강남구 테헤란로 513,127.0588898041,37.5080247811,http://place.map.kakao.com/1850046357
리드미피부과의원,7881189,skin_treatment_hospital,피부시술병원,skin_treatment_hospital|hospital,confirmed,kakao_category:피부과|피부과,"의료,건강 > 병원 > 피부과",HP8,병원,02-567-9357,서울 강남구 대치동 938-22,서울 강남구 도곡로 409,127.0551812817,37.4973802895,http://place.map.kakao.com/7881189
리드성형외과의원,1466214958,skin_treatment_hospital,피부시술병원,skin_treatment_hospital|hospital,high,보톡스|써마지|울쎄라|피부레이저|필러,"의료,건강 > 병원 > 성형외과",HP8,병원,0503-7150-5965,서울 강남구 도곡동 467-7,서울 강남구 언주로30길 21,127.0519004562,37.4889051018,http://place.map.kakao.com/1466214958
리디안의원,229049816,skin_treatment_hospital,피부시술병원,skin_treatment_hospital|hospital,high,리프팅|피부레이저,"의료,건강 > 병원 > 성형외과",HP8,병원,02-6959-5508,서울 강남구 신사동 598-6,서울 강남구 논현로 836,127.0285978533,37.5230611368,http://place.map.kakao.com/229049816
리라피부과의원,1681891318,skin_treatment_hospital,피부시술병원,skin_treatment_hospital|hospital,confirmed,kakao_category:피부과|리프팅|보톡스|여드름|울쎄라|피부과|피부레이저|필러,"의료,건강 > 병원 > 피부과",HP8,병원,02-512-4568,서울 강남구 청담동 86,서울 강남구 선릉로 806,127.0396448913,37.5238904716,http://place.map.kakao.com/1681891318
리메이크강남의원,1867948585,skin_treatment_hospital,피부시술병원,skin_treatment_hospital|hospital,medium,필러,"의료,건강 > 병원 > 일반의원",HP8,병원,02-6952-6242,서울 강남구 논현동 146-6,서울 강남구 학동로6길 36,127.0254688457,37.5097882681,http://place.map.kakao.com/1867948585
리모성형외과의원,954662936,skin_treatment_hospital,피부시술병원,skin_treatment_hospital|hospital,high,리프팅|보톡스|필러,"의료,건강 > 병원 > 성형외과",HP8,병원,02-556-3323,서울 강남구 역삼동 809-16,서울 강남구 강남대로 458,127.0254632894,37.5034199653,http://place.map.kakao.com/954662936
리무브의원 강남,95766817,skin_treatment_hospital,피부시술병원,skin_treatment_hospital|hospital,confirmed,kakao_category:피부과|보톡스|써마지|피부과|필러,"의료,건강 > 병원 > 피부과",HP8,병원,02-2038-8037,서울 강남구 역삼동 601-1,서울 강남구 봉은사로 110,127.0258188066,37.5045803832,http://place.map.kakao.com/95766817
리본성형외과의원,9067332,skin_treatment_hospital,피부시술병원,skin_treatment_hospital|hospital,high,리프팅|보톡스|피부레이저|필러,"의료,건강 > 병원 > 성형외과",HP8,병원,02-543-3355,서울 강남구 논현동 2,서울 강남구 도산대로 110,127.0210166109,37.5162646608,http://place.map.kakao.com/9067332
리브영의원,744135859,skin_treatment_hospital,피부시술병원,skin_treatment_hospital|hospital,confirmed,kakao_category:피부과|보톡스|써마지|울쎄라|피부과,"의료,건강 > 병원 > 피부과",HP8,병원,0503-7154-4709,서울 강남구 신사동 614-2,서울 강남구 압구정로 208,127.029899461,37.5275919546,http://place.map.kakao.com/744135859
리브의원 강남,735728524,skin_treatment_hospital,피부시술병원,skin_treatment_hospital|hospital,confirmed,kakao_category:피부과|보톡스|피부과,"의료,건강 > 병원 > 피부과",HP8,병원,02-6952-6608,서울 강남구 역삼동 808,서울 강남구 강남대로 470,127.0250609759,37.5043291659,http://place.map.kakao.com/735728524
리비안성형외과,1574440653,skin_treatment_hospital,피부시술병원,skin_treatment_hospital|hospital,high,리프팅|피부레이저,"의료,건강 > 병원 > 성형외과",HP8,병원,02-546-2563,서울 강남구 청담동 84-7,서울 강남구 선릉로 830,127.0404424407,37.5260111605,http://place.map.kakao.com/1574440653
리스토리성형외과의원,933369838,skin_treatment_hospital,피부시술병원,skin_treatment_hospital|hospital,high,리프팅|보톡스|필러,"의료,건강 > 병원 > 성형외과",HP8,병원,02-557-2452,서울 강남구 역삼동 808-4,서울 강남구 강남대로 468,127.02514574,37.5041561548,http://place.map.kakao.com/933369838
리스펙성형외과의원,1981054269,skin_treatment_hospital,피부시술병원,skin_treatment_hospital|hospital,high,리프팅|필러,"의료,건강 > 병원 > 성형외과",HP8,병원,02-532-0888,서울 강남구 역삼동 820-10,서울 강남구 강남대로 406,127.027730298,37.4988973062,http://place.map.kakao.com/1981054269
리아성형외과의원,772329968,skin_treatment_hospital,피부시술병원,skin_treatment_hospital|hospital,high,리프팅|보톡스,"의료,건강 > 병원 > 성형외과",HP8,병원,02-6413-2020,서울 강남구 논현동 5-1,서울 강남구 도산대로 134,127.0233810366,37.5173535297,http://place.map.kakao.com/772329968
리아이성형외과의원,1295002175,skin_treatment_hospital,피부시술병원,skin_treatment_hospital|hospital,high,리프팅|보톡스|필러,"의료,건강 > 병원 > 성형외과",HP8,병원,02-549-7889,서울 강남구 논현동 1-1,서울 강남구 도산대로 104,127.0203469243,37.5160773693,http://place.map.kakao.com/1295002175
리앤채움의원,20347984,skin_treatment_hospital,피부시술병원,skin_treatment_hospital|hospital,confirmed,kakao_category:피부과|보톡스|피부과,"의료,건강 > 병원 > 피부과",HP8,병원,02-548-8275,서울 강남구 신사동 584-3,서울 강남구 논현로 837,127.027953145,37.5233315919,http://place.map.kakao.com/20347984
리엔델클리닉,815472359,skin_treatment_hospital,피부시술병원,skin_treatment_hospital|hospital,confirmed,kakao_category:피부과|리프팅|보톡스|써마지|여드름|피부과|피부레이저|필러,"의료,건강 > 병원 > 피부과",HP8,병원,02-518-8278,서울 강남구 청담동 85-3,서울 강남구 선릉로 820,127.0401093412,37.5250760339,http://place.map.kakao.com/815472359
리연케이의원,27296474,skin_treatment_hospital,피부시술병원,skin_treatment_hospital|hospital,confirmed,kakao_category:피부과|리프팅|보톡스|써마지|여드름|울쎄라|피부과|피부레이저|필러,"의료,건강 > 병원 > 피부과",HP8,병원,02-558-5581,서울 강남구 신사동 663-20,서울 강남구 언주로172길 64,127.0390275255,37.526638734,http://place.map.kakao.com/27296474
리오브피부과의원,1492037887,skin_treatment_hospital,피부시술병원,skin_treatment_hospital|hospital,confirmed,kakao_category:피부과|리프팅|보톡스|피부과,"의료,건강 > 병원 > 피부과",HP8,병원,02-6958-8815,서울 강남구 신사동 615-4,서울 강남구 압구정로36길 8,127.0313205398,37.5279510861,http://place.map.kakao.com/1492037887
리오셀의원,332818280,skin_treatment_hospital,피부시술병원,skin_treatment_hospital|hospital,confirmed,kakao_category:피부과|리프팅|보톡스|피부과|필러,"의료,건강 > 병원 > 피부과",HP8,병원,02-515-1546,서울 강남구 논현동 234-28,서울 강남구 논현로 604,127.034040055,37.5076480248,http://place.map.kakao.com/332818280
리올의원,1376048940,skin_treatment_hospital,피부시술병원,skin_treatment_hospital|hospital,confirmed,kakao_category:피부과|리프팅|보톡스|써마지|울쎄라|피부과|필러,"의료,건강 > 병원 > 피부과",HP8,병원,0503-7152-8012,서울 강남구 논현동 5-4,서울 강남구 도산대로 138,127.0237860163,37.5174327371,http://place.map.kakao.com/1376048940
리원피부과의원,231577139,skin_treatment_hospital,피부시술병원,skin_treatment_hospital|hospital,confirmed,kakao_category:피부과|리프팅|보톡스|써마지|여드름|울쎄라|피부과|피부레이저|필러,"의료,건강 > 병원 > 피부과",HP8,병원,02-543-0210,서울 강남구 신사동 652-16,서울 강남구 도산대로 327,127.0376127462,37.523077531,http://place.map.kakao.com/231577139
리을피부과의원,1020312352,skin_treatment_hospital,피부시술병원,skin_treatment_hospital|hospital,confirmed,kakao_category:피부과|보톡스|써마지|울쎄라|피부과|필러,"의료,건강 > 병원 > 피부과",HP8,병원,02-511-1030,서울 강남구 논현동 62-13,서울 강남구 언주로 735,127.0336750054,37.5208298166,http://place.map.kakao.com/1020312352
리젠의원,13596645,skin_treatment_hospital,피부시술병원,skin_treatment_hospital|hospital,confirmed,kakao_category:피부과|리프팅|보톡스|여드름|울쎄라|피부과|피부레이저|필러,"의료,건강 > 병원 > 피부과",HP8,병원,02-6952-8658,서울 강남구 논현동 143-6,서울 강남구 강남대로 528,127.0225698359,37.5093086221,http://place.map.kakao.com/13596645
리즈벨의원,27444135,skin_treatment_hospital,피부시술병원,skin_treatment_hospital|hospital,high,리프팅|보톡스|여드름|울쎄라|피부과|피부레이저|필러,"의료,건강 > 병원 > 성형외과",HP8,병원,1522-0248,서울 강남구 신사동 547-3,서울 강남구 가로수길 74,127.0227379596,37.5229002299,http://place.map.kakao.com/27444135
리즈온 위드 연세슬림라인의원,14104183,skin_treatment_hospital,피부시술병원,skin_treatment_hospital|hospital,confirmed,kakao_category:피부과|리프팅|보톡스|피부과,"의료,건강 > 병원 > 피부과",HP8,병원,02-541-7767,서울 강남구 신사동 582-9,서울 강남구 논현로 853,127.0280952159,37.5251047309,http://place.map.kakao.com/14104183
리츠피부과의원,17698231,skin_treatment_hospital,피부시술병원,skin_treatment_hospital|hospital,confirmed,kakao_category:피부과|리프팅|제모|피부과|피부레이저,"의료,건강 > 병원 > 피부과",HP8,병원,02-561-4555,서울 강남구 역삼동 820-11,서울 강남구 강남대로 402,127.0278060024,37.4987233942,http://place.map.kakao.com/17698231
리코성형외과의원,16328437,skin_treatment_hospital,피부시술병원,skin_treatment_hospital|hospital,high,리프팅|보톡스|필러,"의료,건강 > 병원 > 성형외과",HP8,병원,02-544-5200,서울 강남구 논현동 4,서울 강남구 도산대로 122,127.0221343525,37.5168528119,http://place.map.kakao.com/16328437
리터닝성형외과의원,1449501500,skin_treatment_hospital,피부시술병원,skin_treatment_hospital|hospital,high,리프팅|보톡스|울쎄라|필러,"의료,건강 > 병원 > 성형외과",HP8,병원,02-6221-1121,서울 강남구 역삼동 821,서울 강남구 테헤란로 101,127.0280660667,37.498623321,http://place.map.kakao.com/1449501500
리트머스성형외과의원,1574549512,skin_treatment_hospital,피부시술병원,skin_treatment_hospital|hospital,high,리프팅|보톡스|필러,"의료,건강 > 병원 > 성형외과",HP8,병원,02-567-8988,서울 강남구 대치동 945-5,서울 강남구 테헤란로 528,127.0620363774,37.508125885,http://place.map.kakao.com/1574549512
리팅성형외과의원 서울점,1176797899,skin_treatment_hospital,피부시술병원,skin_treatment_hospital|hospital,high,리프팅|보톡스|필러,"의료,건강 > 병원 > 성형외과",HP8,병원,1899-9717,서울 강남구 신사동 514-2,서울 강남구 도산대로 119,127.0214648467,37.5173250613,http://place.map.kakao.com/1176797899
리파인의원,241501537,skin_treatment_hospital,피부시술병원,skin_treatment_hospital|hospital,confirmed,kakao_category:피부과|보톡스|써마지|피부과|필러,"의료,건강 > 병원 > 피부과",HP8,병원,02-544-1005,서울 강남구 신사동 574-4,서울 강남구 논현로175길 38,127.0255521394,37.5251918047,http://place.map.kakao.com/241501537
리프성형외과의원,1348643169,skin_treatment_hospital,피부시술병원,skin_treatment_hospital|hospital,high,리프팅|보톡스|피부레이저|필러,"의료,건강 > 병원 > 성형외과",HP8,병원,02-549-6962,서울 강남구 신사동 570-12,서울 강남구 논현로167길 9,127.0274263821,37.5244210274,http://place.map.kakao.com/1348643169
리프톤피부과의원,473126555,skin_treatment_hospital,피부시술병원,skin_treatment_hospital|hospital,confirmed,kakao_category:피부과|리프팅|보톡스|써마지|여드름|울쎄라|피부과|피부레이저|필러,"의료,건강 > 병원 > 피부과",HP8,병원,02-6677-6300,서울 강남구 신사동 514-2,서울 강남구 도산대로 119,127.0215372649,37.5174088415,http://place.map.kakao.com/473126555
리프티의원,1733848817,skin_treatment_hospital,피부시술병원,skin_treatment_hospital|hospital,medium,울쎄라,"의료,건강 > 병원 > 성형외과",HP8,병원,02-517-7582,서울 강남구 청담동 93-5,서울 강남구 도산대로63길 15,127.0433933778,37.5249838717,http://place.map.kakao.com/1733848817
리피부과의원,1096770346,skin_treatment_hospital,피부시술병원,skin_treatment_hospital|hospital,confirmed,kakao_category:피부과|여드름|피부과,"의료,건강 > 병원 > 피부과",HP8,병원,02-567-0575,서울 강남구 대치동 1022-2,서울 강남구 도곡로 442,127.0588162858,37.4979299515,http://place.map.kakao.com/1096770346
리핌성형외과의원,93308776,skin_treatment_hospital,피부시술병원,skin_treatment_hospital|hospital,high,리프팅|울쎄라|필러,"의료,건강 > 병원 > 성형외과",HP8,병원,02-3444-7788,서울 강남구 신사동 579-3,서울 강남구 압구정로 162,127.0274655374,37.5263095189,http://place.map.kakao.com/93308776
리핏의원,2084948939,skin_treatment_hospital,피부시술병원,skin_treatment_hospital|hospital,confirmed,kakao_category:피부과|피부과,"의료,건강 > 병원 > 피부과",HP8,병원,02-501-3288,서울 강남구 삼성동 144-25,서울 강남구 테헤란로 443,127.055596616,37.5069496761,http://place.map.kakao.com/2084948939
린의원,155557683,skin_treatment_hospital,피부시술병원,skin_treatment_hospital|hospital,high,리프팅|보톡스,"의료,건강 > 병원 > 가정의학과",HP8,병원,02-3448-3003,서울 강남구 청담동 99-20,서울 강남구 압구정로 450,127.0459506177,37.5259010256,http://place.map.kakao.com/155557683
릴리브의원,230942269,skin_treatment_hospital,피부시술병원,skin_treatment_hospital|hospital,confirmed,kakao_category:피부과|리프팅|보톡스|울쎄라|피부과|필러,"의료,건강 > 병원 > 피부과",HP8,병원,02-2138-2775,서울 강남구 신사동 599,서울 강남구 논현로 842,127.0287305833,37.5240377913,http://place.map.kakao.com/230942269
림피부과의원,571367870,skin_treatment_hospital,피부시술병원,skin_treatment_hospital|hospital,confirmed,kakao_category:피부과|리프팅|보톡스|써마지|여드름|울쎄라|피부과|피부레이저|필러,"의료,건강 > 병원 > 피부과",HP8,병원,02-545-3462,서울 강남구 신사동 578-4,서울 강남구 압구정로28길 14,127.0275841092,37.5257283449,http://place.map.kakao.com/571367870
링크성형외과의원,1026393505,skin_treatment_hospital,피부시술병원,skin_treatment_hospital|hospital,high,리프팅|보톡스|써마지|울쎄라|필러,"의료,건강 > 병원 > 성형외과",HP8,병원,02-577-8388,서울 강남구 논현동 200,서울 강남구 강남대로 478,127.0246699188,37.5051059149,http://place.map.kakao.com/1026393505
마시멜로의원,1070380416,skin_treatment_hospital,피부시술병원,skin_treatment_hospital|hospital,confirmed,kakao_category:피부과|피부과,"의료,건강 > 병원 > 피부과",HP8,병원,02-3443-7878,서울 강남구 청담동 84-10,서울 강남구 선릉로158길 5,127.0405531743,37.52576605,http://place.map.kakao.com/1070380416
마이디피부과의원 양재점,8336783,skin_treatment_hospital,피부시술병원,skin_treatment_hospital|hospital,confirmed,kakao_category:피부과|피부과,"의료,건강 > 병원 > 피부과",HP8,병원,02-576-5033,서울 강남구 도곡동 953-3,서울 강남구 강남대로 242,127.0340921279,37.4853616111,http://place.map.kakao.com/8336783
마이미의원,1937658565,skin_treatment_hospital,피부시술병원,skin_treatment_hospital|hospital,confirmed,kakao_category:피부과|리프팅|보톡스|여드름|울쎄라|제모|피부과|피부레이저|필러,"의료,건강 > 병원 > 피부과",HP8,병원,02-563-2332,서울 강남구 역삼동 705-18,서울 강남구 테헤란로 333,127.048012943,37.5046968851,http://place.map.kakao.com/1937658565
마침표성형외과의원,192604198,skin_treatment_hospital,피부시술병원,skin_treatment_hospital|hospital,high,여드름|필러,"의료,건강 > 병원 > 성형외과",HP8,병원,02-514-8878,서울 강남구 신사동 581-15,서울 강남구 논현로 867,127.0281917798,37.5261823065,http://place.map.kakao.com/192604198
마크성형외과,1841342912,skin_treatment_hospital,피부시술병원,skin_treatment_hospital|hospital,medium,필러,"의료,건강 > 병원 > 성형외과",HP8,병원,02-514-1080,서울 강남구 논현동 5-4,서울 강남구 도산대로 138,127.0237487154,37.5175192409,http://place.map.kakao.com/1841342912
맑은미피부과의원,8351229,skin_treatment_hospital,피부시술병원,skin_treatment_hospital|hospital,confirmed,kakao_category:피부과|리프팅|보톡스|써마지|여드름|울쎄라|제모|피부과|피부레이저,"의료,건강 > 병원 > 피부과",HP8,병원,02-564-7072,서울 강남구 대치동 507-2,서울 강남구 삼성로 155,127.0630049769,37.4938534399,http://place.map.kakao.com/8351229
맑은선의원,69860390,skin_treatment_hospital,피부시술병원,skin_treatment_hospital|hospital,confirmed,kakao_category:피부과|리프팅|보톡스|제모|피부과|피부레이저,"의료,건강 > 병원 > 피부과",HP8,병원,02-6953-6199,서울 강남구 역삼동 705-24,서울 강남구 선릉로 515,127.048250932,37.5054518305,http://place.map.kakao.com/69860390
매직피부과의원,9020686,skin_treatment_hospital,피부시술병원,skin_treatment_hospital|hospital,confirmed,kakao_category:피부과|리프팅|보톡스|여드름|피부과|피부레이저,"의료,건강 > 병원 > 피부과",HP8,병원,02-3453-3114,서울 강남구 역삼동 708-1,서울 강남구 테헤란로 328,127.0477216578,37.5037122042,http://place.map.kakao.com/9020686
맥스웰피부과의원 강남점,7938626,skin_treatment_hospital,피부시술병원,skin_treatment_hospital|hospital,confirmed,kakao_category:피부과|피부과|피부레이저,"의료,건강 > 병원 > 피부과",HP8,병원,02-566-5824,서울 강남구 역삼동 824-20,서울 강남구 테헤란로 120,127.0308547915,37.4985892883,http://place.map.kakao.com/7938626
머스트성형외과의원,1208863776,skin_treatment_hospital,피부시술병원,skin_treatment_hospital|hospital,medium,리프팅,"의료,건강 > 병원 > 성형외과",HP8,병원,02-6952-1705,서울 강남구 논현동 143-6,서울 강남구 강남대로 528,127.0226433492,37.509295093,http://place.map.kakao.com/1208863776
메리성형외과의원,431579505,skin_treatment_hospital,피부시술병원,skin_treatment_hospital|hospital,high,리프팅|보톡스,"의료,건강 > 병원 > 성형외과",HP8,병원,02-512-1552,서울 강남구 신사동 580-5,서울 강남구 논현로175길 6,127.0277596783,37.5263220642,http://place.map.kakao.com/431579505
메이드유의원 강남본점,7786069,skin_treatment_hospital,피부시술병원,skin_treatment_hospital|hospital,confirmed,kakao_category:피부과|리프팅|보톡스|써마지|여드름|피부과|필러,"의료,건강 > 병원 > 피부과",HP8,병원,02-547-4711,서울 강남구 논현동 164-2,서울 강남구 강남대로 516,127.0231384263,37.5082687526,http://place.map.kakao.com/7786069
메이린압구정의원,156088361,skin_treatment_hospital,피부시술병원,skin_treatment_hospital|hospital,medium,써마지,"의료,건강 > 병원 > 일반의원",HP8,병원,02-517-5767,서울 강남구 신사동 627-20,서울 강남구 언주로 815,127.0328547388,37.5230924655,http://place.map.kakao.com/156088361
메이린클리닉 청담점,557152736,skin_treatment_hospital,피부시술병원,skin_treatment_hospital|hospital,confirmed,kakao_category:피부과|리프팅|써마지|여드름|피부과|피부레이저,"의료,건강 > 병원 > 피부과",HP8,병원,02-3445-9103,서울 강남구 청담동 80-4,서울 강남구 압구정로 432,127.0440798845,37.5266072233,http://place.map.kakao.com/557152736
메이트성형외과의원,284360549,skin_treatment_hospital,피부시술병원,skin_treatment_hospital|hospital,medium,피부레이저,"의료,건강 > 병원 > 성형외과",HP8,병원,02-508-8800,서울 강남구 역삼동 601,서울 강남구 봉은사로 108,127.025568851,37.5045443974,http://place.map.kakao.com/284360549
메이퓨어의원 강남점,1874469247,skin_treatment_hospital,피부시술병원,skin_treatment_hospital|hospital,confirmed,kakao_category:피부과|보톡스|피부과|필러,"의료,건강 > 병원 > 피부과",HP8,병원,02-6959-5676,서울 강남구 역삼동 831-32,서울 강남구 역삼로1길 18,127.030645008,37.4944230882,http://place.map.kakao.com/1874469247
메이퓨어의원 수서점,452310263,skin_treatment_hospital,피부시술병원,skin_treatment_hospital|hospital,confirmed,kakao_category:피부과|보톡스|여드름|피부과|피부레이저,"의료,건강 > 병원 > 피부과",HP8,병원,02-451-9960,서울 강남구 수서동 724,서울 강남구 광평로 280,127.1031383839,37.4873253537,http://place.map.kakao.com/452310263
메종프리베의원,1647557565,skin_treatment_hospital,피부시술병원,skin_treatment_hospital|hospital,confirmed,kakao_category:피부과|보톡스|피부과|피부레이저|필러,"의료,건강 > 병원 > 피부과",HP8,병원,02-515-9889,서울 강남구 신사동 591-2,서울 강남구 논현로158길 6,127.0287784405,37.5219888998,http://place.map.kakao.com/1647557565
멘토의원,12087293,skin_treatment_hospital,피부시술병원,skin_treatment_hospital|hospital,confirmed,kakao_category:피부과|보톡스|피부과|피부레이저,"의료,건강 > 병원 > 피부과",HP8,병원,02-552-4080,서울 강남구 대치동 988,서울 강남구 삼성로 314,127.0606477294,37.5000373799,http://place.map.kakao.com/12087293
멜로우피부과의원 신사점,619108291,skin_treatment_hospital,피부시술병원,skin_treatment_hospital|hospital,confirmed,kakao_category:피부과|써마지|울쎄라|피부과|필러,"의료,건강 > 병원 > 피부과",HP8,병원,02-548-5007,서울 강남구 논현동 5-4,서울 강남구 도산대로 138,127.0237860163,37.5174327371,http://place.map.kakao.com/619108291
멜로우피부과의원 청담점,711563268,skin_treatment_hospital,피부시술병원,skin_treatment_hospital|hospital,confirmed,kakao_category:피부과|리프팅|보톡스|써마지|여드름|피부과|피부레이저|필러,"의료,건강 > 병원 > 피부과",HP8,병원,02-6448-5404,서울 강남구 청담동 91-8,서울 강남구 도산대로 429,127.0427864387,37.5239740695,http://place.map.kakao.com/711563268
모건피부과의원,26820427,skin_treatment_hospital,피부시술병원,skin_treatment_hospital|hospital,confirmed,kakao_category:피부과|보톡스|써마지|피부과,"의료,건강 > 병원 > 피부과",HP8,병원,02-511-5859,서울 강남구 신사동 583-3,서울 강남구 논현로 841,127.0277588687,37.524137134,http://place.map.kakao.com/26820427
모나라피부과의원,1586135989,skin_treatment_hospital,피부시술병원,skin_treatment_hospital|hospital,confirmed,kakao_category:피부과|피부과|피부레이저,"의료,건강 > 병원 > 피부과",HP8,병원,02-6956-9115,서울 강남구 신사동 577-5,서울 강남구 논현로171길 15,127.0271394264,37.5254851774,http://place.map.kakao.com/1586135989
모던스탠다드의원,556015698,skin_treatment_hospital,피부시술병원,skin_treatment_hospital|hospital,confirmed,kakao_category:피부과|보톡스|제모|피부과|피부레이저,"의료,건강 > 병원 > 피부과",HP8,병원,02-6232-5732,서울 강남구 역삼동 809-16,서울 강남구 강남대로 458,127.0254610287,37.5034235698,http://place.map.kakao.com/556015698
모델라인의원 강남점,24856156,skin_treatment_hospital,피부시술병원,skin_treatment_hospital|hospital,high,리프팅|보톡스|피부레이저|필러,"의료,건강 > 병원 > 일반의원",HP8,병원,1899-4969,서울 강남구 역삼동 651-5,서울 강남구 봉은사로 218,127.0360023549,37.5076375319,http://place.map.kakao.com/24856156
모델로피부과의원,13502013,skin_treatment_hospital,피부시술병원,skin_treatment_hospital|hospital,confirmed,kakao_category:피부과|피부과|필러,"의료,건강 > 병원 > 피부과",HP8,병원,02-591-5800,서울 강남구 청담동 89,서울 강남구 압구정로60길 21,127.0419616849,37.5258745792,http://place.map.kakao.com/13502013
모두모의원 서울,508761163,skin_treatment_hospital,피부시술병원,skin_treatment_hospital|hospital,confirmed,kakao_category:피부과|보톡스|피부과|피부레이저,"의료,건강 > 병원 > 피부과",HP8,병원,02-6205-9559,서울 강남구 논현동 18-4,서울 강남구 강남대로 584,127.0206200706,37.5139356358,http://place.map.kakao.com/508761163
모든모의원,797791901,skin_treatment_hospital,피부시술병원,skin_treatment_hospital|hospital,confirmed,kakao_category:피부과|피부과|피부레이저,"의료,건강 > 병원 > 피부과",HP8,병원,02-544-3666,서울 강남구 신사동 541-1,서울 강남구 논현로151길 57,127.023494801,37.5194222107,http://place.map.kakao.com/797791901
모리스의원,252229372,skin_treatment_hospital,피부시술병원,skin_treatment_hospital|hospital,confirmed,kakao_category:피부과|제모|피부과,"의료,건강 > 병원 > 피부과",HP8,병원,02-555-6231,서울 강남구 역삼동 825-9,서울 강남구 강남대로 378,127.0286330148,37.4966553868,http://place.map.kakao.com/252229372
모리의원,26532767,skin_treatment_hospital,피부시술병원,skin_treatment_hospital|hospital,confirmed,kakao_category:피부과|피부과|피부레이저,"의료,건강 > 병원 > 피부과",HP8,병원,02-562-8878,서울 강남구 역삼동 708-26,서울 강남구 선릉로 431,127.0490888322,37.5034881946,http://place.map.kakao.com/26532767
모리치피부과의원,9767140,skin_treatment_hospital,피부시술병원,skin_treatment_hospital|hospital,confirmed,kakao_category:피부과|피부과,"의료,건강 > 병원 > 피부과",HP8,병원,02-518-6888,서울 강남구 신사동 580-5,서울 강남구 논현로175길 6,127.0279429657,37.5263697741,http://place.map.kakao.com/9767140
모멘텀헤어라인의원,421504580,skin_treatment_hospital,피부시술병원,skin_treatment_hospital|hospital,confirmed,kakao_category:피부과|보톡스|피부과|피부레이저,"의료,건강 > 병원 > 피부과",HP8,병원,02-555-2868,서울 강남구 역삼동 705-30,서울 강남구 테헤란로 339,127.048597727,37.5048110736,http://place.map.kakao.com/421504580
모아이의원,1130447472,skin_treatment_hospital,피부시술병원,skin_treatment_hospital|hospital,confirmed,kakao_category:피부과|피부과|피부레이저,"의료,건강 > 병원 > 피부과",HP8,병원,02-2039-2390,서울 강남구 삼성동 141-35,서울 강남구 테헤란로 401,127.0491463512,37.5049703246,http://place.map.kakao.com/1130447472
모앤라인성형외과의원,1877060233,skin_treatment_hospital,피부시술병원,skin_treatment_hospital|hospital,medium,피부레이저,"의료,건강 > 병원 > 성형외과",HP8,병원,02-517-4890,서울 강남구 논현동 1-1,서울 강남구 도산대로 104,127.0203424,37.5160782711,http://place.map.kakao.com/1877060233
모앤제일의원,1543345714,skin_treatment_hospital,피부시술병원,skin_treatment_hospital|hospital,confirmed,kakao_category:피부과|피부과,"의료,건강 > 병원 > 피부과",HP8,병원,02-557-3312,서울 강남구 역삼동 822-5,서울 강남구 테헤란로 111,127.0292942912,37.4988635915,http://place.map.kakao.com/1543345714
모엠의원,987328152,skin_treatment_hospital,피부시술병원,skin_treatment_hospital|hospital,medium,보톡스,"의료,건강 > 병원 > 일반의원",HP8,병원,02-552-0301,서울 강남구 역삼동 821,서울 강남구 테헤란로 101,127.0280638046,37.4986224205,http://place.map.kakao.com/987328152
모우다의원,1652528369,skin_treatment_hospital,피부시술병원,skin_treatment_hospital|hospital,medium,보톡스,"의료,건강 > 병원 > 일반의원",HP8,병원,0507-1442-5890,서울 강남구 신사동 585-15,서울 강남구 논현로 823,127.0279424352,37.5219143173,http://place.map.kakao.com/1652528369
모우림의원,1341244035,skin_treatment_hospital,피부시술병원,skin_treatment_hospital|hospital,medium,피부레이저,"의료,건강 > 병원 > 일반의원",HP8,병원,02-6952-7377,서울 강남구 신사동 610-5,서울 강남구 논현로 868,127.0288852241,37.5260857317,http://place.map.kakao.com/1341244035
모원성형외과의원,1357799781,skin_treatment_hospital,피부시술병원,skin_treatment_hospital|hospital,medium,피부레이저,"의료,건강 > 병원 > 성형외과",HP8,병원,02-543-1190,서울 강남구 신사동 514-2,서울 강남구 도산대로 119,127.0214659781,37.5173259621,http://place.map.kakao.com/1357799781
모텐셜의원,369034383,skin_treatment_hospital,피부시술병원,skin_treatment_hospital|hospital,confirmed,kakao_category:피부과|피부과|피부레이저,"의료,건강 > 병원 > 피부과",HP8,병원,02-518-1023,서울 강남구 청담동 87-8,서울 강남구 도산대로 415,127.040920888,37.5237792131,http://place.map.kakao.com/369034383
모티브성형외과의원,19978715,skin_treatment_hospital,피부시술병원,skin_treatment_hospital|hospital,medium,필러,"의료,건강 > 병원 > 성형외과",HP8,병원,02-517-7911,서울 강남구 신사동 598-3,서울 강남구 논현로 838,127.0286161046,37.5234575735,http://place.map.kakao.com/19978715
모프로의원,1473141272,skin_treatment_hospital,피부시술병원,skin_treatment_hospital|hospital,confirmed,kakao_category:피부과|보톡스|피부과|피부레이저,"의료,건강 > 병원 > 피부과",HP8,병원,02-546-5824,서울 강남구 신사동 561-31,서울 강남구 도산대로 157,127.0256326122,37.5190235227,http://place.map.kakao.com/1473141272
모힐의원,26357631,skin_treatment_hospital,피부시술병원,skin_treatment_hospital|hospital,confirmed,kakao_category:피부과|피부과,"의료,건강 > 병원 > 피부과",HP8,병원,1899-7527,서울 강남구 신사동 585-13,서울 강남구 논현로 833,127.0280230842,37.5228017858,http://place.map.kakao.com/26357631
몬스터의원,934355426,skin_treatment_hospital,피부시술병원,skin_treatment_hospital|hospital,confirmed,kakao_category:피부과|리프팅|보톡스|써마지|여드름|울쎄라|피부과|피부레이저|필러,"의료,건강 > 병원 > 피부과",HP8,병원,02-543-2488,서울 강남구 신사동 610-3,서울 강남구 압구정로30길 16,127.0290606974,37.5264037424,http://place.map.kakao.com/934355426
무드온성형외과의원,275217582,skin_treatment_hospital,피부시술병원,skin_treatment_hospital|hospital,high,리프팅|보톡스|피부레이저|필러,"의료,건강 > 병원 > 성형외과",HP8,병원,0503-7152-7063,서울 강남구 논현동 18-4,서울 강남구 강남대로 584,127.0206630588,37.5139581534,http://place.map.kakao.com/275217582
문의원,1235136851,skin_treatment_hospital,피부시술병원,skin_treatment_hospital|hospital,confirmed,kakao_category:피부과|리프팅|보톡스|여드름|울쎄라|피부과|피부레이저|필러,"의료,건강 > 병원 > 피부과",HP8,병원,02-3443-8979,서울 강남구 신사동 595-6,서울 강남구 논현로168길 40,127.0313275515,37.5230757614,http://place.map.kakao.com/1235136851
뮤즈클리닉 강남점 본관,27175976,skin_treatment_hospital,피부시술병원,skin_treatment_hospital|hospital,confirmed,kakao_category:피부과|리프팅|보톡스|여드름|피부과|피부레이저|필러,"의료,건강 > 병원 > 피부과",HP8,병원,1544-2994,서울 강남구 역삼동 809-12,서울 강남구 강남대로 452,127.0257175363,37.5027892063,http://place.map.kakao.com/27175976
미 성형외과의원,7884466,skin_treatment_hospital,피부시술병원,skin_treatment_hospital|hospital,high,리프팅|보톡스|여드름|피부레이저|필러,"의료,건강 > 병원 > 성형외과",HP8,병원,02-3444-1900,서울 강남구 청담동 47,서울 강남구 삼성로133길 3,127.0491933083,37.5196521678,http://place.map.kakao.com/7884466
미나성형외과,1553475090,skin_treatment_hospital,피부시술병원,skin_treatment_hospital|hospital,medium,리프팅,"의료,건강 > 병원 > 성형외과",HP8,병원,02-561-8221,서울 강남구 역삼동 822-1,서울 강남구 테헤란로 105,127.0285116477,37.4986655616,http://place.map.kakao.com/1553475090
미노성형외과의원,1111222747,skin_treatment_hospital,피부시술병원,skin_treatment_hospital|hospital,high,리프팅|보톡스|필러,"의료,건강 > 병원 > 성형외과",HP8,병원,02-6204-6333,서울 강남구 역삼동 601,서울 강남구 봉은사로 108,127.0255937267,37.5045281739,http://place.map.kakao.com/1111222747
미라젠의원,1552997003,skin_treatment_hospital,피부시술병원,skin_treatment_hospital|hospital,confirmed,kakao_category:피부과|피부과,"의료,건강 > 병원 > 피부과",HP8,병원,02-6205-5600,서울 강남구 청담동 40-2,서울 강남구 선릉로 720,127.040862888,37.5190696916,http://place.map.kakao.com/1552997003
미랩의원,22213740,skin_treatment_hospital,피부시술병원,skin_treatment_hospital|hospital,confirmed,kakao_category:피부과|리프팅|보톡스|써마지|여드름|울쎄라|피부과|피부레이저|필러,"의료,건강 > 병원 > 피부과",HP8,병원,02-544-0030,서울 강남구 신사동 663-4,서울 강남구 선릉로157길 24,127.0380024151,37.5263345296,http://place.map.kakao.com/22213740
미모던피부과의원,540589964,skin_treatment_hospital,피부시술병원,skin_treatment_hospital|hospital,confirmed,kakao_category:피부과|리프팅|보톡스|써마지|여드름|울쎄라|피부과|피부레이저|필러,"의료,건강 > 병원 > 피부과",HP8,병원,02-6207-5238,서울 강남구 수서동 724,서울 강남구 광평로 280,127.1030976612,37.4873127751,http://place.map.kakao.com/540589964
미병원,11642218,skin_treatment_hospital,피부시술병원,skin_treatment_hospital|hospital,high,리프팅|보톡스|필러,"의료,건강 > 병원 > 성형외과",HP8,병원,1688-7734,서울 강남구 신사동 626-4,서울 강남구 논현로168길 35,127.0312146103,37.5235154805,http://place.map.kakao.com/11642218
미사랑성형외과의원,26330633,skin_treatment_hospital,피부시술병원,skin_treatment_hospital|hospital,high,리프팅|보톡스|울쎄라|필러,"의료,건강 > 병원 > 성형외과",HP8,병원,1577-7765,서울 강남구 논현동 143-14,서울 강남구 강남대로 526,127.0226840272,37.5091653405,http://place.map.kakao.com/26330633
미샹떼의원,1862467835,skin_treatment_hospital,피부시술병원,skin_treatment_hospital|hospital,medium,리프팅,"의료,건강 > 병원 > 성형외과",HP8,병원,02-6933-0607,서울 강남구 신사동 592-4,서울 강남구 논현로 826,127.028544358,37.5222033953,http://place.map.kakao.com/1862467835
미서울의원,1716338604,skin_treatment_hospital,피부시술병원,skin_treatment_hospital|hospital,confirmed,kakao_category:피부과|리프팅|보톡스|피부과|필러,"의료,건강 > 병원 > 피부과",HP8,병원,02-533-9010,서울 강남구 역삼동 825-8,서울 강남구 강남대로 376,127.0287720604,37.4965292121,http://place.map.kakao.com/1716338604
미소가인피부과의원 삼성점,483068656,skin_treatment_hospital,피부시술병원,skin_treatment_hospital|hospital,confirmed,kakao_category:피부과|리프팅|보톡스|써마지|여드름|피부과|피부레이저,"의료,건강 > 병원 > 피부과",HP8,병원,02-545-3324,서울 강남구 삼성동 107,서울 강남구 영동대로 602,127.0605781394,37.5146841508,http://place.map.kakao.com/483068656
미소안피부과,8304139,skin_treatment_hospital,피부시술병원,skin_treatment_hospital|hospital,confirmed,kakao_category:피부과|리프팅|보톡스|여드름|피부과|피부레이저|필러,"의료,건강 > 병원 > 피부과",HP8,병원,02-514-2561,서울 강남구 논현동 235-11,서울 강남구 봉은사로 213,127.0353375344,37.5080918392,http://place.map.kakao.com/8304139
미소유성형외과의원,9774319,skin_treatment_hospital,피부시술병원,skin_treatment_hospital|hospital,medium,필러,"의료,건강 > 병원 > 성형외과",HP8,병원,02-545-0220,서울 강남구 논현동 199-5,서울 강남구 강남대로 480,127.024555751,37.5052906447,http://place.map.kakao.com/9774319
미엘르인 청담의원,1724803895,skin_treatment_hospital,피부시술병원,skin_treatment_hospital|hospital,confirmed,kakao_category:피부과|리프팅|보톡스|써마지|여드름|울쎄라|제모|피부과|필러,"의료,건강 > 병원 > 피부과",HP8,병원,02-544-0110,서울 강남구 청담동 87-8,서울 강남구 도산대로 415,127.040920888,37.5237792131,http://place.map.kakao.com/1724803895
미오름성형외과의원,26887779,skin_treatment_hospital,피부시술병원,skin_treatment_hospital|hospital,high,리프팅|보톡스|피부레이저|필러,"의료,건강 > 병원 > 성형외과",HP8,병원,02-565-7525,서울 강남구 역삼동 820-8,서울 강남구 강남대로 408,127.0275754878,37.4992244077,http://place.map.kakao.com/26887779
미오의원,1192386212,skin_treatment_hospital,피부시술병원,skin_treatment_hospital|hospital,confirmed,kakao_category:피부과|피부과,"의료,건강 > 병원 > 피부과",HP8,병원,02-558-5550,서울 강남구 역삼동 826-24,서울 강남구 강남대로 372,127.0290704117,37.4960353874,http://place.map.kakao.com/1192386212
미인도의원 강남점,1916619415,skin_treatment_hospital,피부시술병원,skin_treatment_hospital|hospital,high,리프팅|울쎄라|피부과|필러,"의료,건강 > 병원 > 성형외과",HP8,병원,02-545-6634,서울 강남구 논현동 120,서울 강남구 강남대로 548,127.0218860625,37.5110341745,http://place.map.kakao.com/1916619415
미인만들기성형외과의원,1993761853,skin_treatment_hospital,피부시술병원,skin_treatment_hospital|hospital,medium,보톡스,"의료,건강 > 병원 > 성형외과",HP8,병원,010-5302-2881,서울 강남구 논현동 122-1,서울 강남구 학동로 110,127.0230455,37.5113538106,http://place.map.kakao.com/1993761853
미인피부과의원,27439256,skin_treatment_hospital,피부시술병원,skin_treatment_hospital|hospital,confirmed,kakao_category:피부과|리프팅|보톡스|피부과|필러,"의료,건강 > 병원 > 피부과",HP8,병원,02-594-3375,서울 강남구 청담동 118-17,서울 강남구 압구정로 461,127.0471718996,37.5250941472,http://place.map.kakao.com/27439256
미자인의원,155438353,skin_treatment_hospital,피부시술병원,skin_treatment_hospital|hospital,high,리프팅|필러,"의료,건강 > 병원 > 성형외과",HP8,병원,02-1599-3008,서울 강남구 신사동 563-37,서울 강남구 논현로 803,127.0277597078,37.5202952582,http://place.map.kakao.com/155438353
미파문에스테틱,27111466,skin_treatment_hospital,피부시술병원,skin_treatment_hospital|hospital,confirmed,kakao_category:피부과|보톡스|여드름|피부과|피부레이저,"의료,건강 > 병원 > 피부과",HP8,병원,02-564-2065,서울 강남구 역삼동 808-5,서울 강남구 강남대로 468,127.0251163505,37.5042021124,http://place.map.kakao.com/27111466
미플러스성형외과,7879964,skin_treatment_hospital,피부시술병원,skin_treatment_hospital|hospital,high,울쎄라|필러,"의료,건강 > 병원 > 성형외과",HP8,병원,02-511-2970,서울 강남구 신사동 570-5,서울 강남구 논현로167길 11,127.0271956103,37.5244381998,http://place.map.kakao.com/7879964
민앤민의원,804380651,skin_treatment_hospital,피부시술병원,skin_treatment_hospital|hospital,confirmed,kakao_category:피부과|리프팅|보톡스|여드름|울쎄라|피부과|피부레이저|필러,"의료,건강 > 병원 > 피부과",HP8,병원,02-6203-0275,서울 강남구 역삼동 820-9,서울 강남구 강남대로 406,127.0276160921,37.4989324722,http://place.map.kakao.com/804380651
민의원,22102861,skin_treatment_hospital,피부시술병원,skin_treatment_hospital|hospital,confirmed,kakao_category:피부과|리프팅|보톡스|울쎄라|피부과|피부레이저|필러,"의료,건강 > 병원 > 피부과",HP8,병원,02-515-2119,서울 강남구 논현동 93,서울 강남구 도산대로 326,127.0377469988,37.5223521811,http://place.map.kakao.com/22102861
밀리의원,1964173936,skin_treatment_hospital,피부시술병원,skin_treatment_hospital|hospital,confirmed,kakao_category:피부과|리프팅|보톡스|써마지|여드름|울쎄라|제모|피부과|피부레이저|필러,"의료,건강 > 병원 > 피부과",HP8,병원,02-6367-1212,서울 강남구 신사동 631-34,서울 강남구 도산대로45길 17,127.0350619498,37.5234188948,http://place.map.kakao.com/1964173936
바나나 성형외과의원,680553506,skin_treatment_hospital,피부시술병원,skin_treatment_hospital|hospital,high,피부레이저|필러,"의료,건강 > 병원 > 성형외과",HP8,병원,02-517-9979,서울 강남구 논현동 2,서울 강남구 도산대로 110,127.0210188773,37.5162790764,http://place.map.kakao.com/680553506
바노바기성형외과의원,37681976,skin_treatment_hospital,피부시술병원,skin_treatment_hospital|hospital,high,리프팅|피부과|필러,"의료,건강 > 병원 > 성형외과",HP8,병원,1588-6508,서울 강남구 역삼동 641-9,서울 강남구 논현로 517,127.0357828381,37.5026874756,http://place.map.kakao.com/37681976
바노바기피부과의원,11358904,skin_treatment_hospital,피부시술병원,skin_treatment_hospital|hospital,confirmed,kakao_category:피부과|리프팅|여드름|피부과|필러,"의료,건강 > 병원 > 피부과",HP8,병원,02-3288-3322,서울 강남구 논현동 236-11,서울 강남구 봉은사로 219,127.0360241264,37.5082249805,http://place.map.kakao.com/11358904
바로그의원 강남점,644242278,skin_treatment_hospital,피부시술병원,skin_treatment_hospital|hospital,high,리프팅|보톡스|써마지|여드름|울쎄라|피부레이저|필러,"의료,건강 > 병원 > 일반의원",HP8,병원,02-565-7779,서울 강남구 역삼동 820-5,서울 강남구 강남대로 410,127.0273493507,37.499333482,http://place.map.kakao.com/644242278
바바성형외과의원,446600868,skin_treatment_hospital,피부시술병원,skin_treatment_hospital|hospital,high,리프팅|울쎄라,"의료,건강 > 병원 > 성형외과",HP8,병원,02-6207-8570,서울 강남구 신사동 582-10,서울 강남구 논현로 857,127.0280953062,37.5253452985,http://place.map.kakao.com/446600868
바우스의원,148456369,skin_treatment_hospital,피부시술병원,skin_treatment_hospital|hospital,confirmed,kakao_category:피부과|리프팅|울쎄라|피부과,"의료,건강 > 병원 > 피부과",HP8,병원,02-518-0708,서울 강남구 신사동 651-19,서울 강남구 도산대로49길 9,127.0370710273,37.5233750331,http://place.map.kakao.com/148456369
바이브성형외과의원,984033213,skin_treatment_hospital,피부시술병원,skin_treatment_hospital|hospital,high,리프팅|필러,"의료,건강 > 병원 > 성형외과",HP8,병원,0507-1412-4888,서울 강남구 논현동 200-7,서울 강남구 강남대로 476,127.0247908677,37.5049085694,http://place.map.kakao.com/984033213
바이슈의원,469084105,skin_treatment_hospital,피부시술병원,skin_treatment_hospital|hospital,confirmed,kakao_category:피부과|리프팅|보톡스|써마지|여드름|울쎄라|피부과|피부레이저|필러,"의료,건강 > 병원 > 피부과",HP8,병원,02-511-3453,서울 강남구 논현동 165-8,서울 강남구 강남대로 492,127.0241127032,37.5062070583,http://place.map.kakao.com/469084105
바이원의원,478033382,skin_treatment_hospital,피부시술병원,skin_treatment_hospital|hospital,high,보톡스|필러,"의료,건강 > 병원 > 일반의원",HP8,병원,02-518-1820,서울 강남구 논현동 2,서울 강남구 도산대로 110,127.0210211398,37.516279977,http://place.map.kakao.com/478033382
바탕성형외과의원,634716208,skin_treatment_hospital,피부시술병원,skin_treatment_hospital|hospital,medium,리프팅,"의료,건강 > 병원 > 성형외과",HP8,병원,02-517-5953,서울 강남구 논현동 200-7,서울 강남구 강남대로 476,127.0247772949,37.5049049682,http://place.map.kakao.com/634716208
박성주조에피부과의원,658239822,skin_treatment_hospital,피부시술병원,skin_treatment_hospital|hospital,confirmed,kakao_category:피부과|보톡스|여드름|피부과|피부레이저|필러,"의료,건강 > 병원 > 피부과",HP8,병원,02-2058-0730,서울 강남구 도곡동 411-17,서울 강남구 남부순환로 2732,127.0448745013,37.4857832837,http://place.map.kakao.com/658239822
박현성형외과,12000298,skin_treatment_hospital,피부시술병원,skin_treatment_hospital|hospital,high,보톡스|필러,"의료,건강 > 병원 > 성형외과",HP8,병원,02-511-9200,서울 강남구 청담동 89-8,서울 강남구 선릉로152길 25,127.0417244387,37.5244249507,http://place.map.kakao.com/12000298
반니성형외과의원,1210589180,skin_treatment_hospital,피부시술병원,skin_treatment_hospital|hospital,high,리프팅|보톡스|써마지|여드름|울쎄라|피부레이저|필러,"의료,건강 > 병원 > 성형외과",HP8,병원,02-558-2260,서울 강남구 역삼동 822-2,서울 강남구 테헤란로 107,127.0287536613,37.498681721,http://place.map.kakao.com/1210589180
반딧불의원,1366986852,skin_treatment_hospital,피부시술병원,skin_treatment_hospital|hospital,high,보톡스|제모,"의료,건강 > 병원 > 일반의원",HP8,병원,02-6952-7509,서울 강남구 신사동 592-4,서울 강남구 논현로 826,127.0285466294,37.5222268208,http://place.map.kakao.com/1366986852
반의원,1650627484,skin_treatment_hospital,피부시술병원,skin_treatment_hospital|hospital,confirmed,kakao_category:피부과|리프팅|피부과,"의료,건강 > 병원 > 피부과",HP8,병원,02-547-8837,서울 강남구 청담동 88-37,서울 강남구 선릉로152길 17,127.0410286814,37.5243711343,http://place.map.kakao.com/1650627484
밥성형외과,9840397,skin_treatment_hospital,피부시술병원,skin_treatment_hospital|hospital,high,리프팅|보톡스|피부레이저|필러,"의료,건강 > 병원 > 성형외과",HP8,병원,02-549-0500,서울 강남구 신사동 583-3,서울 강남구 논현로 841,127.0278821801,37.5241479169,http://place.map.kakao.com/9840397
방지성에이스의원,1982486682,skin_treatment_hospital,피부시술병원,skin_treatment_hospital|hospital,confirmed,kakao_category:피부과|피부과,"의료,건강 > 병원 > 피부과",HP8,병원,02-514-3690,서울 강남구 신사동 664-8,서울 강남구 선릉로 837,127.0401069005,37.5268564148,http://place.map.kakao.com/1982486682
밴스성형외과의원,62859561,skin_treatment_hospital,피부시술병원,skin_treatment_hospital|hospital,high,보톡스|필러,"의료,건강 > 병원 > 성형외과",HP8,병원,02-511-7705,서울 강남구 논현동 200-7,서울 강남구 강남대로 476,127.024789737,37.5049094706,http://place.map.kakao.com/62859561
밸런스랩성형외과의원,510796557,skin_treatment_hospital,피부시술병원,skin_treatment_hospital|hospital,high,리프팅|보톡스|써마지|울쎄라|피부레이저|필러,"의료,건강 > 병원 > 성형외과",HP8,병원,1661-8581,서울 강남구 신사동 513-1,서울 강남구 도산대로 109,127.020500975,37.5168666218,http://place.map.kakao.com/510796557
베르미의원,563101340,skin_treatment_hospital,피부시술병원,skin_treatment_hospital|hospital,high,리프팅|보톡스|써마지|울쎄라|피부레이저|필러,"의료,건강 > 병원 > 일반의원",HP8,병원,02-544-0225,서울 강남구 청담동 132,서울 강남구 영동대로 722,127.0564044719,37.5224060128,http://place.map.kakao.com/563101340
베리굿피부과의원 압구정점,1404966538,skin_treatment_hospital,피부시술병원,skin_treatment_hospital|hospital,confirmed,kakao_category:피부과|보톡스|피부과|피부레이저|필러,"의료,건강 > 병원 > 피부과",HP8,병원,02-514-3880,서울 강남구 신사동 583-3,서울 강남구 논현로 841,127.0279251687,37.5241497088,http://place.map.kakao.com/1404966538
베스트웰김진왕성형외과의원,8326878,skin_treatment_hospital,피부시술병원,skin_treatment_hospital|hospital,medium,피부과,"의료,건강 > 병원 > 성형외과",HP8,병원,02-511-3713,서울 강남구 신사동 638-5,서울 강남구 압구정로 310,127.0353201375,37.5287752753,http://place.map.kakao.com/8326878
베스트웰피부과의원,708388762,skin_treatment_hospital,피부시술병원,skin_treatment_hospital|hospital,confirmed,kakao_category:피부과|보톡스|써마지|울쎄라|피부과|필러,"의료,건강 > 병원 > 피부과",HP8,병원,02-511-3713,서울 강남구 신사동 638-5,서울 강남구 압구정로 310,127.0352918581,37.5287833927,http://place.map.kakao.com/708388762
베이드의원,218199200,skin_treatment_hospital,피부시술병원,skin_treatment_hospital|hospital,confirmed,kakao_category:피부과|리프팅|보톡스|써마지|여드름|울쎄라|제모|피부과|피부레이저|필러,"의료,건강 > 병원 > 피부과",HP8,병원,02-511-1985,서울 강남구 신사동 584,서울 강남구 논현로 839,127.0280550619,37.5236108785,http://place.map.kakao.com/218199200
벤자민피부과의원,1264372884,skin_treatment_hospital,피부시술병원,skin_treatment_hospital|hospital,confirmed,kakao_category:피부과|리프팅|보톡스|써마지|여드름|울쎄라|피부과|피부레이저|필러,"의료,건강 > 병원 > 피부과",HP8,병원,02-2296-7007,서울 강남구 논현동 5-4,서울 강남구 도산대로 138,127.0237860163,37.5174327371,http://place.map.kakao.com/1264372884
벧엘피부과의원,10382355,skin_treatment_hospital,피부시술병원,skin_treatment_hospital|hospital,confirmed,kakao_category:피부과|리프팅|여드름|피부과|피부레이저,"의료,건강 > 병원 > 피부과",HP8,병원,02-532-3110,서울 강남구 역삼동 681-17,서울 강남구 봉은사로 310,127.0409796315,37.5091495981,http://place.map.kakao.com/10382355
벨리시모클리닉,435994933,skin_treatment_hospital,피부시술병원,skin_treatment_hospital|hospital,high,리프팅|보톡스|써마지|여드름|피부레이저|필러,"의료,건강 > 병원 > 일반의원",HP8,병원,02-3448-7582,서울 강남구 청담동 87-4,서울 강남구 도산대로 409,127.0404853194,37.52371359,http://place.map.kakao.com/435994933
벨포인트의원,823529846,skin_treatment_hospital,피부시술병원,skin_treatment_hospital|hospital,confirmed,kakao_category:피부과|리프팅|보톡스|피부과|필러,"의료,건강 > 병원 > 피부과",HP8,병원,02-548-1358,서울 강남구 논현동 201-13,서울 강남구 봉은사로 109,127.0255984545,37.5051255394,http://place.map.kakao.com/823529846
보메피부과의원,1783976872,skin_treatment_hospital,피부시술병원,skin_treatment_hospital|hospital,confirmed,kakao_category:피부과|피부과,"의료,건강 > 병원 > 피부과",HP8,병원,02-514-1019,서울 강남구 신사동 582-10,서울 강남구 논현로 857,127.0280998313,37.5253452974,http://place.map.kakao.com/1783976872
보셀르의원,26899837,skin_treatment_hospital,피부시술병원,skin_treatment_hospital|hospital,high,리프팅|보톡스|울쎄라|피부과|피부레이저|필러,"의료,건강 > 병원 > 성형외과",HP8,병원,1599-8828,서울 강남구 청담동 87-1,서울 강남구 선릉로152길 12,127.0404480936,37.5239091203,http://place.map.kakao.com/26899837
보스피부과의원,2127100057,skin_treatment_hospital,피부시술병원,skin_treatment_hospital|hospital,confirmed,kakao_category:피부과|리프팅|보톡스|써마지|여드름|울쎄라|피부과|피부레이저|필러,"의료,건강 > 병원 > 피부과",HP8,병원,02-515-5515,서울 강남구 신사동 630,서울 강남구 언주로 806,127.0338137178,37.5223912148,http://place.map.kakao.com/2127100057
봄마루의원,12236346,skin_treatment_hospital,피부시술병원,skin_treatment_hospital|hospital,high,리프팅|보톡스|써마지|울쎄라|피부레이저|피부클리닉|필러,"의료,건강 > 병원 > 일반의원",HP8,병원,02-3446-7516,서울 강남구 신사동 512-13,서울 강남구 강남대로152길 19,127.0209536381,37.5175918501,http://place.map.kakao.com/12236346
봉봉성형외과,17756884,skin_treatment_hospital,피부시술병원,skin_treatment_hospital|hospital,high,리프팅|피부레이저|필러,"의료,건강 > 병원 > 성형외과",HP8,병원,02-542-3100,서울 강남구 논현동 130-17,서울 강남구 논현로 657,127.0310992054,37.5125710235,http://place.map.kakao.com/17756884
뷰라밸성형외과의원,918674432,skin_treatment_hospital,피부시술병원,skin_treatment_hospital|hospital,high,리프팅|보톡스|피부레이저|필러,"의료,건강 > 병원 > 성형외과",HP8,병원,02-536-1104,서울 강남구 역삼동 816,서울 강남구 강남대로 422,127.0269844561,37.5003940501,http://place.map.kakao.com/918674432
뷰성형외과의원,9057912,skin_treatment_hospital,피부시술병원,skin_treatment_hospital|hospital,high,써마지|피부레이저,"의료,건강 > 병원 > 성형외과",HP8,병원,02-539-1177,서울 강남구 논현동 201-16,서울 강남구 봉은사로 107,127.0253903179,37.5050147607,http://place.map.kakao.com/9057912
뷰앤플의원,470164828,skin_treatment_hospital,피부시술병원,skin_treatment_hospital|hospital,confirmed,kakao_category:피부과|리프팅|보톡스|써마지|여드름|울쎄라|피부과|피부레이저|필러,"의료,건강 > 병원 > 피부과",HP8,병원,02-542-0545,서울 강남구 신사동 659-11,서울 강남구 압구정로50길 14,127.0378751319,37.5274283869,http://place.map.kakao.com/470164828
뷰테스의원,1881168770,skin_treatment_hospital,피부시술병원,skin_treatment_hospital|hospital,confirmed,kakao_category:피부과|보톡스|여드름|피부과,"의료,건강 > 병원 > 피부과",HP8,병원,02-6203-6589,서울 강남구 개포동 189,서울 강남구 삼성로 14,127.0738581813,37.4878617616,http://place.map.kakao.com/1881168770
뷰티라운지의원,247536641,skin_treatment_hospital,피부시술병원,skin_treatment_hospital|hospital,confirmed,kakao_category:피부과|리프팅|보톡스|여드름|울쎄라|제모|피부과|피부레이저|필러,"의료,건강 > 병원 > 피부과",HP8,병원,02-6952-9295,서울 강남구 역삼동 814-5,서울 강남구 강남대로 442,127.0260565647,37.5020610293,http://place.map.kakao.com/247536641
뷰티라운지의원 대치,1667581107,skin_treatment_hospital,피부시술병원,skin_treatment_hospital|hospital,confirmed,kakao_category:피부과|리프팅|보톡스|여드름|울쎄라|제모|피부과|피부레이저|필러,"의료,건강 > 병원 > 피부과",HP8,병원,02-2135-9116,서울 강남구 역삼동 765-17,서울 강남구 도곡로 331,127.0521997263,37.4964932521,http://place.map.kakao.com/1667581107
뷰티라인성형외과의원,10445520,skin_treatment_hospital,피부시술병원,skin_treatment_hospital|hospital,high,리프팅|보톡스|필러,"의료,건강 > 병원 > 성형외과",HP8,병원,02-544-0600,서울 강남구 논현동 18,서울 강남구 강남대로 590,127.0204007993,37.5145357425,http://place.map.kakao.com/10445520
뷰티바성형외과,1688965213,skin_treatment_hospital,피부시술병원,skin_treatment_hospital|hospital,high,리프팅|보톡스|써마지|울쎄라|피부레이저|필러,"의료,건강 > 병원 > 성형외과",HP8,병원,02-535-5335,서울 강남구 신사동 501-2,서울 강남구 도산대로 107,127.0201005228,37.5167738872,http://place.map.kakao.com/1688965213
뷰티앤영의원,1604292556,skin_treatment_hospital,피부시술병원,skin_treatment_hospital|hospital,confirmed,kakao_category:피부과|리프팅|보톡스|써마지|여드름|피부과|피부레이저|필러,"의료,건강 > 병원 > 피부과",HP8,병원,02-6326-0229,서울 강남구 신사동 501,서울 강남구 강남대로 616,127.0197985277,37.5168559296,http://place.map.kakao.com/1604292556
브랜뉴의원,12108215,skin_treatment_hospital,피부시술병원,skin_treatment_hospital|hospital,confirmed,kakao_category:피부과|리프팅|보톡스|써마지|여드름|울쎄라|피부과|피부레이저|필러,"의료,건강 > 병원 > 피부과",HP8,병원,02-511-3075,서울 강남구 청담동 141-13,서울 강남구 압구정로 437,127.0451435099,37.5269483013,http://place.map.kakao.com/12108215
브리에의원,1483376087,skin_treatment_hospital,피부시술병원,skin_treatment_hospital|hospital,confirmed,kakao_category:피부과|리프팅|보톡스|써마지|여드름|울쎄라|피부과|피부레이저|필러,"의료,건강 > 병원 > 피부과",HP8,병원,02-2038-7387,서울 강남구 청담동 86,서울 강남구 선릉로 806,127.0396448913,37.5238904716,http://place.map.kakao.com/1483376087
브릴린의원,81994168,skin_treatment_hospital,피부시술병원,skin_treatment_hospital|hospital,confirmed,kakao_category:피부과|리프팅|보톡스|써마지|여드름|울쎄라|제모|피부과|피부레이저|필러,"의료,건강 > 병원 > 피부과",HP8,병원,02-539-5959,서울 강남구 삼성동 159,서울 강남구 테헤란로87길 46,127.0580857588,37.5110831886,http://place.map.kakao.com/81994168
브이모먼트클리닉,1790027633,skin_treatment_hospital,피부시술병원,skin_treatment_hospital|hospital,confirmed,kakao_category:피부과|리프팅|보톡스|써마지|울쎄라|피부과|필러,"의료,건강 > 병원 > 피부과",HP8,병원,02-6959-0781,서울 강남구 신사동 653-20,서울 강남구 도산대로49길 22,127.0373543332,37.5243651455,http://place.map.kakao.com/1790027633
블랑드비의원 압구정점,406385843,skin_treatment_hospital,피부시술병원,skin_treatment_hospital|hospital,confirmed,kakao_category:피부과|리프팅|보톡스|써마지|여드름|울쎄라|피부과|피부레이저|필러,"의료,건강 > 병원 > 피부과",HP8,병원,02-563-0000,서울 강남구 압구정동 450,서울 강남구 압구정로29길 21,127.0276146276,37.5287259712,http://place.map.kakao.com/406385843
블리비의원 청담점,1964753488,skin_treatment_hospital,피부시술병원,skin_treatment_hospital|hospital,confirmed,kakao_category:피부과|피부과,"의료,건강 > 병원 > 피부과",HP8,병원,1833-2790,서울 강남구 신사동 666-10,서울 강남구 선릉로 803,127.038970683,37.5239303401,http://place.map.kakao.com/1964753488
블리스의원,1100855461,skin_treatment_hospital,피부시술병원,skin_treatment_hospital|hospital,high,리프팅|보톡스|울쎄라|피부레이저|필러,"의료,건강 > 병원 > 성형외과",HP8,병원,02-556-7575,서울 강남구 역삼동 601-18,서울 강남구 봉은사로 116,127.026379823,37.5047442422,http://place.map.kakao.com/1100855461
비더뉴의원,1931545567,skin_treatment_hospital,피부시술병원,skin_treatment_hospital|hospital,medium,필러,"의료,건강 > 병원 > 성형외과",HP8,병원,02-540-5495,서울 강남구 신사동 564-4,서울 강남구 논현로155길 9,127.0272896429,37.5217099423,http://place.map.kakao.com/1931545567
비브이의원,819671242,skin_treatment_hospital,피부시술병원,skin_treatment_hospital|hospital,high,리프팅|보톡스|필러,"의료,건강 > 병원 > 일반의원",HP8,병원,02-6953-7530,서울 강남구 논현동 202-19,서울 강남구 봉은사로 117,127.0264512841,37.5053397908,http://place.map.kakao.com/819671242
비아이오성형외과,655347666,skin_treatment_hospital,피부시술병원,skin_treatment_hospital|hospital,medium,리프팅,"의료,건강 > 병원 > 성형외과",HP8,병원,02-535-9000,서울 강남구 신사동 501-2,서울 강남구 도산대로 107,127.0201073117,37.5167810941,http://place.map.kakao.com/655347666
비알피부과의원,17698289,skin_treatment_hospital,피부시술병원,skin_treatment_hospital|hospital,confirmed,kakao_category:피부과|리프팅|여드름|울쎄라|피부과|피부레이저|필러,"의료,건강 > 병원 > 피부과",HP8,병원,02-518-2510,서울 강남구 신사동 582-10,서울 강남구 논현로 857,127.0281326346,37.5253353786,http://place.map.kakao.com/17698289
비앤영의원,981622229,skin_treatment_hospital,피부시술병원,skin_treatment_hospital|hospital,high,리프팅|보톡스|피부레이저|필러,"의료,건강 > 병원 > 성형외과",HP8,병원,02-593-1003,서울 강남구 역삼동 820-9,서울 강남구 강남대로 406,127.0276375709,37.498910843,http://place.map.kakao.com/981622229
비에체피부과의원,252066491,skin_treatment_hospital,피부시술병원,skin_treatment_hospital|hospital,confirmed,kakao_category:피부과|보톡스|피부과|필러,"의료,건강 > 병원 > 피부과",HP8,병원,02-515-0122,서울 강남구 청담동 3-6,서울 강남구 도산대로 428,127.0427588664,37.5232343565,http://place.map.kakao.com/252066491
비온성형외과의원,13506824,skin_treatment_hospital,피부시술병원,skin_treatment_hospital|hospital,high,리프팅|보톡스|울쎄라|피부레이저|필러,"의료,건강 > 병원 > 성형외과",HP8,병원,02-541-9559,서울 강남구 논현동 1-3,서울 강남구 도산대로 108,127.020654625,37.5161899413,http://place.map.kakao.com/13506824
비올라셀성형외과의원,1975230196,skin_treatment_hospital,피부시술병원,skin_treatment_hospital|hospital,medium,리프팅,"의료,건강 > 병원 > 성형외과",HP8,병원,02-518-9119,서울 강남구 논현동 5-4,서울 강남구 도산대로 138,127.0237769664,37.5174309369,http://place.map.kakao.com/1975230196
비욘드의원,1890079880,skin_treatment_hospital,피부시술병원,skin_treatment_hospital|hospital,medium,필러,"의료,건강 > 병원 > 일반의원",HP8,병원,0503-7152-6505,서울 강남구 신사동 592-4,서울 강남구 논현로 826,127.0285466294,37.5222268208,http://place.map.kakao.com/1890079880
비이에스피부과의원,1237117536,skin_treatment_hospital,피부시술병원,skin_treatment_hospital|hospital,medium,피부과,"의료,건강 > 병원 > 일반의원",HP8,병원,,서울 강남구 신사동 623-1,서울 강남구 언주로 843,127.0329158459,37.5257125633,http://place.map.kakao.com/1237117536
비티에프의원,1733223380,skin_treatment_hospital,피부시술병원,skin_treatment_hospital|hospital,confirmed,kakao_category:피부과|리프팅|보톡스|써마지|여드름|울쎄라|피부과|피부레이저|필러,"의료,건강 > 병원 > 피부과",HP8,병원,02-542-4067,서울 강남구 신사동 618-2,서울 강남구 언주로 869,127.0332880104,37.5281956204,http://place.map.kakao.com/1733223380
비티큐의원,1999165558,skin_treatment_hospital,피부시술병원,skin_treatment_hospital|hospital,confirmed,kakao_category:피부과|리프팅|보톡스|울쎄라|제모|피부과|필러,"의료,건강 > 병원 > 피부과",HP8,병원,02-538-9048,서울 강남구 대치동 890-27,서울 강남구 선릉로90길 48,127.05305271,37.5049488127,http://place.map.kakao.com/1999165558
비포성형외과의원,1396046322,skin_treatment_hospital,피부시술병원,skin_treatment_hospital|hospital,medium,보톡스,"의료,건강 > 병원 > 성형외과",HP8,병원,02-3446-7200,서울 강남구 청담동 1-2,서울 강남구 도산대로 406,127.0400402402,37.5227848082,http://place.map.kakao.com/1396046322
뽀드베베의원,13585762,skin_treatment_hospital,피부시술병원,skin_treatment_hospital|hospital,confirmed,kakao_category:피부과|리프팅|보톡스|써마지|여드름|울쎄라|피부과|피부레이저,"의료,건강 > 병원 > 피부과",HP8,병원,02-542-5003,서울 강남구 논현동 17-4,서울 강남구 강남대로 598,127.0203738347,37.515206094,http://place.map.kakao.com/13585762
뽐나게빼의원,829988280,skin_treatment_hospital,피부시술병원,skin_treatment_hospital|hospital,medium,피부레이저,"의료,건강 > 병원 > 일반의원",HP8,병원,02-6101-1100,서울 강남구 논현동 200,서울 강남구 강남대로 478,127.0246699188,37.5051059149,http://place.map.kakao.com/829988280
삐땅기의원,10456212,skin_treatment_hospital,피부시술병원,skin_treatment_hospital|hospital,high,리프팅|보톡스|피부레이저|필러,"의료,건강 > 병원 > 성형외과",HP8,병원,02-549-7220,서울 강남구 논현동 2-15,서울 강남구 도산대로 114,127.0212519367,37.5164349083,http://place.map.kakao.com/10456212
삐땅기의원 피부과,751955791,skin_treatment_hospital,피부시술병원,skin_treatment_hospital|hospital,confirmed,kakao_category:피부과|피부과,"의료,건강 > 병원 > 피부과",HP8,병원,02-515-7220,서울 강남구 논현동 2-15,서울 강남구 도산대로 114,127.0212304362,37.5164042781,http://place.map.kakao.com/751955791
사르티네의원,1991752436,skin_treatment_hospital,피부시술병원,skin_treatment_hospital|hospital,confirmed,kakao_category:피부과|울쎄라|피부과|필러,"의료,건강 > 병원 > 피부과",HP8,병원,02-514-9727,서울 강남구 신사동 665,서울 강남구 선릉로155길 8,127.0390585813,37.5254484999,http://place.map.kakao.com/1991752436
사이성형외과의원,724687838,skin_treatment_hospital,피부시술병원,skin_treatment_hospital|hospital,high,써마지|울쎄라,"의료,건강 > 병원 > 성형외과",HP8,병원,02-512-4647,서울 강남구 신사동 583-3,서울 강남구 논현로 841,127.0277588063,37.5239686465,http://place.map.kakao.com/724687838
사점사의원,952186624,skin_treatment_hospital,피부시술병원,skin_treatment_hospital|hospital,high,리프팅|울쎄라|필러,"의료,건강 > 병원 > 성형외과",HP8,병원,02-514-0440,서울 강남구 청담동 91-9,서울 강남구 도산대로 427,127.0425590416,37.5239489236,http://place.map.kakao.com/952186624
산소피부과의원,10438712,skin_treatment_hospital,피부시술병원,skin_treatment_hospital|hospital,confirmed,kakao_category:피부과|피부과,"의료,건강 > 병원 > 피부과",HP8,병원,02-516-0202,서울 강남구 신사동 661-17,서울 강남구 압구정로50길 9,127.0382655471,37.5276499075,http://place.map.kakao.com/10438712
살롱드닥터튠즈의원,267522926,skin_treatment_hospital,피부시술병원,skin_treatment_hospital|hospital,confirmed,kakao_category:피부과|리프팅|써마지|울쎄라|피부과|필러,"의료,건강 > 병원 > 피부과",HP8,병원,02-540-8873,서울 강남구 청담동 88-18,서울 강남구 선릉로158길 14-3,127.0410143311,37.5250216629,http://place.map.kakao.com/267522926
삼사오성형외과의원,1496966668,skin_treatment_hospital,피부시술병원,skin_treatment_hospital|hospital,high,리프팅|써마지|필러,"의료,건강 > 병원 > 성형외과",HP8,병원,02-538-3450,서울 강남구 역삼동 601-18,서울 강남구 봉은사로 116,127.0264250408,37.5046847658,http://place.map.kakao.com/1496966668
삼성 밴스의원,292953408,skin_treatment_hospital,피부시술병원,skin_treatment_hospital|hospital,confirmed,kakao_category:피부과|리프팅|보톡스|여드름|울쎄라|제모|피부과|피부레이저|필러,"의료,건강 > 병원 > 피부과",HP8,병원,02-6956-0035,서울 강남구 삼성동 158-20,서울 강남구 테헤란로 511,127.0586612267,37.507881635,http://place.map.kakao.com/292953408
삼성비앤에스의원,59624967,skin_treatment_hospital,피부시술병원,skin_treatment_hospital|hospital,confirmed,kakao_category:피부과|보톡스|울쎄라|피부과|필러,"의료,건강 > 병원 > 피부과",HP8,병원,02-501-4341,서울 강남구 대치동 944,서울 강남구 테헤란로 514,127.0597556867,37.50742698,http://place.map.kakao.com/59624967
삼성서울병원 피부과,1722433003,skin_treatment_hospital,피부시술병원,skin_treatment_hospital|hospital,confirmed,kakao_category:피부과|피부과,"의료,건강 > 병원 > 피부과",HP8,병원,1599-3114,서울 강남구 일원동 50,서울 강남구 일원로 81,127.083111013,37.4880493316,http://place.map.kakao.com/1722433003
삼성아이비의원,1418489746,skin_treatment_hospital,피부시술병원,skin_treatment_hospital|hospital,medium,리프팅,"의료,건강 > 병원 > 성형외과",HP8,병원,02-540-5133,서울 강남구 논현동 235-9,서울 강남구 봉은사로 209,127.0350117271,37.5079333593,http://place.map.kakao.com/1418489746
삼성중앙리더스피부과의원,201561108,skin_treatment_hospital,피부시술병원,skin_treatment_hospital|hospital,medium,피부과,"의료,건강 > 병원 > 일반의원",HP8,병원,02-545-3575,서울 강남구 삼성동 49-12,서울 강남구 봉은사로 469,127.0507902891,37.5125876239,http://place.map.kakao.com/201561108
삼성화이트피부과,1628568630,skin_treatment_hospital,피부시술병원,skin_treatment_hospital|hospital,confirmed,kakao_category:피부과|리프팅|보톡스|써마지|여드름|울쎄라|피부과|피부레이저|필러,"의료,건강 > 병원 > 피부과",HP8,병원,02-568-3364,서울 강남구 대치동 626,서울 강남구 남부순환로 2917,127.0593778622,37.4930597295,http://place.map.kakao.com/1628568630
새김성형외과,726181094,skin_treatment_hospital,피부시술병원,skin_treatment_hospital|hospital,high,리프팅|피부레이저,"의료,건강 > 병원 > 성형외과",HP8,병원,1833-7227,서울 강남구 신사동 635-2,서울 강남구 언주로 856,127.0338213726,37.526818738,http://place.map.kakao.com/726181094
샤인빔 강남점,806077717,skin_treatment_hospital,피부시술병원,skin_treatment_hospital|hospital,confirmed,kakao_category:피부과|보톡스|피부과|피부레이저|필러,"의료,건강 > 병원 > 피부과",HP8,병원,02-2088-1008,서울 강남구 역삼동 819-10,서울 강남구 테헤란로1길 10,127.0282177186,37.498927825,http://place.map.kakao.com/806077717
샤인유의원 강남점,1169725401,skin_treatment_hospital,피부시술병원,skin_treatment_hospital|hospital,confirmed,kakao_category:피부과|리프팅|보톡스|써마지|울쎄라|제모|피부과|필러,"의료,건강 > 병원 > 피부과",HP8,병원,02-541-4151,서울 강남구 논현동 192-4,서울 강남구 논현로 611,127.0331558631,37.5082339294,http://place.map.kakao.com/1169725401
서울그레이스피부과의원,325922680,skin_treatment_hospital,피부시술병원,skin_treatment_hospital|hospital,confirmed,kakao_category:피부과|리프팅|보톡스|써마지|울쎄라|피부과,"의료,건강 > 병원 > 피부과",HP8,병원,02-545-4694,서울 강남구 청담동 91-9,서울 강남구 도산대로 427,127.0425590416,37.5239489236,http://place.map.kakao.com/325922680
서울레전드피부과의원,2114141607,skin_treatment_hospital,피부시술병원,skin_treatment_hospital|hospital,confirmed,kakao_category:피부과|여드름|피부과,"의료,건강 > 병원 > 피부과",HP8,병원,02-542-3599,서울 강남구 삼성동 8-2,서울 강남구 선릉로 660,127.0423144173,37.5154534538,http://place.map.kakao.com/2114141607
서울리거피부과의원,27414807,skin_treatment_hospital,피부시술병원,skin_treatment_hospital|hospital,confirmed,kakao_category:피부과|리프팅|보톡스|써마지|여드름|울쎄라|피부과|피부레이저|필러,"의료,건강 > 병원 > 피부과",HP8,병원,02-548-2288,서울 강남구 신사동 582-6,서울 강남구 논현로 847,127.0281097629,37.5246794544,http://place.map.kakao.com/27414807
서울리샤인의원,817277659,skin_treatment_hospital,피부시술병원,skin_treatment_hospital|hospital,confirmed,kakao_category:피부과|리프팅|보톡스|여드름|피부과|피부레이저|필러,"의료,건강 > 병원 > 피부과",HP8,병원,02-6925-5435,서울 강남구 대치동 897-2,서울 강남구 선릉로 422,127.0502226544,37.5027128533,http://place.map.kakao.com/817277659
서울아트라인의원,33264227,skin_treatment_hospital,피부시술병원,skin_treatment_hospital|hospital,confirmed,kakao_category:피부과|써마지|울쎄라|피부과|필러,"의료,건강 > 병원 > 피부과",HP8,병원,02-548-4845,서울 강남구 청담동 100-32,서울 강남구 압구정로 449,127.0465210027,37.5262494902,http://place.map.kakao.com/33264227
서울에스와이피부과의원,70698147,skin_treatment_hospital,피부시술병원,skin_treatment_hospital|hospital,confirmed,kakao_category:피부과|리프팅|써마지|여드름|울쎄라|제모|피부과|필러,"의료,건강 > 병원 > 피부과",HP8,병원,02-517-2696,서울 강남구 신사동 577-6,서울 강남구 논현로171길 11,127.0274063994,37.5254598877,http://place.map.kakao.com/70698147
서울에이치피부과의원,146620857,skin_treatment_hospital,피부시술병원,skin_treatment_hospital|hospital,confirmed,kakao_category:피부과|리프팅|보톡스|써마지|여드름|울쎄라|피부과|피부레이저|필러,"의료,건강 > 병원 > 피부과",HP8,병원,02-2135-3501,서울 강남구 논현동 241-7,서울 강남구 선릉로 669,127.041241618,37.5166206329,http://place.map.kakao.com/146620857
서울탑초이스의원,1329603883,skin_treatment_hospital,피부시술병원,skin_treatment_hospital|hospital,confirmed,kakao_category:피부과|제모|피부과|필러,"의료,건강 > 병원 > 피부과",HP8,병원,02-515-8895,서울 강남구 논현동 1-1,서울 강남구 도산대로 104,127.0203412686,37.5160773702,http://place.map.kakao.com/1329603883
서울톤피부과의원,1372659656,skin_treatment_hospital,피부시술병원,skin_treatment_hospital|hospital,confirmed,kakao_category:피부과|리프팅|보톡스|써마지|여드름|울쎄라|피부과|필러,"의료,건강 > 병원 > 피부과",HP8,병원,02-576-5502,서울 강남구 개포동 168-11,서울 강남구 선릉로 48,127.0597378409,37.4836061743,http://place.map.kakao.com/1372659656
서울피부과의원,9158833,skin_treatment_hospital,피부시술병원,skin_treatment_hospital|hospital,confirmed,kakao_category:피부과|피부과,"의료,건강 > 병원 > 피부과",HP8,병원,02-512-4343,서울 강남구 신사동 631-25,서울 강남구 언주로154길 16,127.0346388213,37.5233298204,http://place.map.kakao.com/9158833
서진성형외과의원,364916572,skin_treatment_hospital,피부시술병원,skin_treatment_hospital|hospital,high,리프팅|써마지|울쎄라|피부레이저,"의료,건강 > 병원 > 성형외과",HP8,병원,02-544-1120,서울 강남구 신사동 583,서울 강남구 논현로 843,127.0279739044,37.5243947699,http://place.map.kakao.com/364916572
선릉닥터에버스의원,1330464274,skin_treatment_hospital,피부시술병원,skin_treatment_hospital|hospital,confirmed,kakao_category:피부과|보톡스|써마지|피부과|필러,"의료,건강 > 병원 > 피부과",HP8,병원,02-569-2010,서울 강남구 역삼동 708,서울 강남구 테헤란로 328,127.0476786787,37.5037077166,http://place.map.kakao.com/1330464274
설레임의원,24896355,skin_treatment_hospital,피부시술병원,skin_treatment_hospital|hospital,confirmed,kakao_category:피부과|리프팅|보톡스|써마지|여드름|울쎄라|피부과|피부레이저|필러,"의료,건강 > 병원 > 피부과",HP8,병원,02-511-7674,서울 강남구 역삼동 825-8,서울 강남구 강남대로 376,127.0288365722,37.4966688524,http://place.map.kakao.com/24896355
세가지소원의원 압구정본점,990244863,skin_treatment_hospital,피부시술병원,skin_treatment_hospital|hospital,high,리프팅|보톡스|여드름|울쎄라|제모|피부레이저|필러,"의료,건강 > 병원 > 성형외과",HP8,병원,02-540-1233,서울 강남구 신사동 591,서울 강남구 논현로 824,127.0285340946,37.5219871571,http://place.map.kakao.com/990244863
세라미크의원 강남,1892958788,skin_treatment_hospital,피부시술병원,skin_treatment_hospital|hospital,confirmed,kakao_category:피부과|제모|피부과,"의료,건강 > 병원 > 피부과",HP8,병원,02-6205-3430,서울 강남구 역삼동 813,서울 강남구 봉은사로2길 29,127.0262999758,37.5028070982,http://place.map.kakao.com/1892958788
세라성형외과의원,1113381945,skin_treatment_hospital,피부시술병원,skin_treatment_hospital|hospital,high,리프팅|보톡스|써마지,"의료,건강 > 병원 > 성형외과",HP8,병원,02-2088-5782,서울 강남구 삼성동 45-12,서울 강남구 봉은사로 457,127.0495006032,37.5122124527,http://place.map.kakao.com/1113381945
세레스의원,167288461,skin_treatment_hospital,피부시술병원,skin_treatment_hospital|hospital,confirmed,kakao_category:피부과|보톡스|써마지|여드름|피부과,"의료,건강 > 병원 > 피부과",HP8,병원,02-534-2638,서울 강남구 논현동 106,서울 강남구 언주로 720,127.0358953826,37.5180738952,http://place.map.kakao.com/167288461
세렌메르의원,1178492112,skin_treatment_hospital,피부시술병원,skin_treatment_hospital|hospital,confirmed,kakao_category:피부과|리프팅|써마지|울쎄라|피부과|필러,"의료,건강 > 병원 > 피부과",HP8,병원,02-514-0919,서울 강남구 청담동 80-1,서울 강남구 선릉로162길 39,127.0437121098,37.5264307636,http://place.map.kakao.com/1178492112
세미성형외과의원,10566810,skin_treatment_hospital,피부시술병원,skin_treatment_hospital|hospital,high,보톡스|울쎄라|필러,"의료,건강 > 병원 > 성형외과",HP8,병원,02-517-5200,서울 강남구 신사동 585-1,서울 강남구 논현로 831,127.0277752615,37.5225829007,http://place.map.kakao.com/10566810
세이예스의원,844583875,skin_treatment_hospital,피부시술병원,skin_treatment_hospital|hospital,high,리프팅|보톡스|써마지|울쎄라|피부레이저|필러,"의료,건강 > 병원 > 성형외과",HP8,병원,1899-6510,서울 강남구 논현동 200-7,서울 강남구 강남대로 476,127.024789737,37.5049094706,http://place.map.kakao.com/844583875
세이의원,2089258439,skin_treatment_hospital,피부시술병원,skin_treatment_hospital|hospital,confirmed,kakao_category:피부과|피부과,"의료,건강 > 병원 > 피부과",HP8,병원,02-555-8581,서울 강남구 역삼동 708-36,서울 강남구 선릉로 429,127.0493137031,37.5032024822,http://place.map.kakao.com/2089258439
세이지의원,1325431612,skin_treatment_hospital,피부시술병원,skin_treatment_hospital|hospital,medium,보톡스,"의료,건강 > 병원 > 성형외과",HP8,병원,02-565-3326,서울 강남구 대치동 945-5,서울 강남구 테헤란로 528,127.0620136974,37.5080538165,http://place.map.kakao.com/1325431612
세진성형외과,14594227,skin_treatment_hospital,피부시술병원,skin_treatment_hospital|hospital,high,리프팅|피부레이저|필러,"의료,건강 > 병원 > 성형외과",HP8,병원,02-514-2741,서울 강남구 신사동 643-11,서울 강남구 언주로172길 30,127.0362244662,37.5272541103,http://place.map.kakao.com/14594227
세진피부과의원,12617454,skin_treatment_hospital,피부시술병원,skin_treatment_hospital|hospital,confirmed,kakao_category:피부과|리프팅|여드름|울쎄라|피부과|피부레이저|필러,"의료,건강 > 병원 > 피부과",HP8,병원,02-515-2741,서울 강남구 신사동 643-11,서울 강남구 언주로172길 30,127.0362244662,37.5272541103,http://place.map.kakao.com/12617454
세현성형외과의원,11969539,skin_treatment_hospital,피부시술병원,skin_treatment_hospital|hospital,medium,리프팅,"의료,건강 > 병원 > 성형외과",HP8,병원,02-540-4077,서울 강남구 신사동 620-1,서울 강남구 압구정로36길 12,127.0313690627,37.5276555446,http://place.map.kakao.com/11969539
셀나인청담의원,1682657711,skin_treatment_hospital,피부시술병원,skin_treatment_hospital|hospital,confirmed,kakao_category:피부과|보톡스|써마지|피부과,"의료,건강 > 병원 > 피부과",HP8,병원,02-566-6335,서울 강남구 청담동 119,서울 강남구 압구정로 463,127.0473267402,37.5248661317,http://place.map.kakao.com/1682657711
셀더영의원,2144374094,skin_treatment_hospital,피부시술병원,skin_treatment_hospital|hospital,confirmed,kakao_category:피부과|보톡스|울쎄라|피부과|필러,"의료,건강 > 병원 > 피부과",HP8,병원,02-557-0188,서울 강남구 역삼동 652,서울 강남구 봉은사로 220,127.0362546253,37.5077509814,http://place.map.kakao.com/2144374094
셀레스티얼의원,1174170819,skin_treatment_hospital,피부시술병원,skin_treatment_hospital|hospital,confirmed,kakao_category:피부과|리프팅|보톡스|울쎄라|피부과,"의료,건강 > 병원 > 피부과",HP8,병원,02-543-2358,서울 강남구 삼성동 158-10,서울 강남구 테헤란로87길 17,127.0583429517,37.5087440542,http://place.map.kakao.com/1174170819
셀루오의원,1037011642,skin_treatment_hospital,피부시술병원,skin_treatment_hospital|hospital,high,리프팅|보톡스|필러,"의료,건강 > 병원 > 일반의원",HP8,병원,02-2138-0085,서울 강남구 신사동 664-14,서울 강남구 선릉로157길 6,127.0394695412,37.5260277077,http://place.map.kakao.com/1037011642
셀리닉의원,1339693085,skin_treatment_hospital,피부시술병원,skin_treatment_hospital|hospital,confirmed,kakao_category:피부과|리프팅|보톡스|피부과|필러,"의료,건강 > 병원 > 피부과",HP8,병원,02-6203-3434,서울 강남구 논현동 62,서울 강남구 도산대로 228,127.0321941427,37.5205779487,http://place.map.kakao.com/1339693085
셀리데이의원,1406843797,skin_treatment_hospital,피부시술병원,skin_treatment_hospital|hospital,confirmed,kakao_category:피부과|리프팅|보톡스|써마지|울쎄라|피부과|필러,"의료,건강 > 병원 > 피부과",HP8,병원,02-553-3737,서울 강남구 역삼동 824-20,서울 강남구 테헤란로 120,127.0308570528,37.4985883867,http://place.map.kakao.com/1406843797
셀린피부과의원,1440039574,skin_treatment_hospital,피부시술병원,skin_treatment_hospital|hospital,confirmed,kakao_category:피부과|리프팅|보톡스|써마지|여드름|피부과|피부레이저|필러,"의료,건강 > 병원 > 피부과",HP8,병원,02-516-1211,서울 강남구 논현동 88-7,서울 강남구 학동로 215,127.0326328158,37.5148429418,http://place.map.kakao.com/1440039574
셀앤의원,988051453,skin_treatment_hospital,피부시술병원,skin_treatment_hospital|hospital,confirmed,kakao_category:피부과|리프팅|보톡스|써마지|여드름|울쎄라|피부과|피부레이저|필러,"의료,건강 > 병원 > 피부과",HP8,병원,02-516-2025,서울 강남구 논현동 62-13,서울 강남구 언주로 735,127.0336750054,37.5208298166,http://place.map.kakao.com/988051453
셀업성형외과의원,423633262,skin_treatment_hospital,피부시술병원,skin_treatment_hospital|hospital,high,리프팅|보톡스|써마지|여드름|울쎄라|피부레이저|필러,"의료,건강 > 병원 > 성형외과",HP8,병원,02-549-7900,서울 강남구 청담동 92-18,서울 강남구 압구정로80길 37,127.0435774216,37.5243756274,http://place.map.kakao.com/423633262
셀온피부과의원,22127211,skin_treatment_hospital,피부시술병원,skin_treatment_hospital|hospital,confirmed,kakao_category:피부과|리프팅|보톡스|써마지|울쎄라|피부과|피부레이저|필러,"의료,건강 > 병원 > 피부과",HP8,병원,02-546-1112,서울 강남구 청담동 90-19,서울 강남구 선릉로152길 37,127.0426793516,37.524645355,http://place.map.kakao.com/22127211
셀파크피부과의원,786992129,skin_treatment_hospital,피부시술병원,skin_treatment_hospital|hospital,confirmed,kakao_category:피부과|리프팅|보톡스|피부과|필러,"의료,건강 > 병원 > 피부과",HP8,병원,02-515-2070,서울 강남구 신사동 509,서울 강남구 강남대로158길 10,127.0197843006,37.5186660478,http://place.map.kakao.com/786992129
셀피아의원,25817805,skin_treatment_hospital,피부시술병원,skin_treatment_hospital|hospital,medium,여드름,"의료,건강 > 병원 > 일반의원",HP8,병원,1833-8899,서울 강남구 역삼동 721-36,서울 강남구 언주로 413,127.0436344092,37.4998466679,http://place.map.kakao.com/25817805
소요클리닉,14819756,skin_treatment_hospital,피부시술병원,skin_treatment_hospital|hospital,confirmed,kakao_category:피부과|리프팅|보톡스|써마지|울쎄라|피부과|피부레이저|필러,"의료,건강 > 병원 > 피부과",HP8,병원,02-511-0050,서울 강남구 신사동 651-24,서울 강남구 도산대로 317,127.0365786258,37.5227435839,http://place.map.kakao.com/14819756
소유의원,980098585,skin_treatment_hospital,피부시술병원,skin_treatment_hospital|hospital,confirmed,kakao_category:피부과|리프팅|보톡스|써마지|여드름|울쎄라|피부과|필러,"의료,건강 > 병원 > 피부과",HP8,병원,02-6224-2244,서울 강남구 논현동 143-6,서울 강남구 강남대로 528,127.0226433492,37.509295093,http://place.map.kakao.com/980098585
수아로피부과의원,1777929564,skin_treatment_hospital,피부시술병원,skin_treatment_hospital|hospital,confirmed,kakao_category:피부과|리프팅|보톡스|여드름|울쎄라|제모|피부과|피부레이저|필러,"의료,건강 > 병원 > 피부과",HP8,병원,02-445-5940,서울 강남구 세곡동 581,서울 강남구 헌릉로 569,127.1012277953,37.4657568424,http://place.map.kakao.com/1777929564
수앤모성형외과의원,688547982,skin_treatment_hospital,피부시술병원,skin_treatment_hospital|hospital,high,리프팅|보톡스|써마지|여드름|울쎄라|제모|피부레이저|필러,"의료,건강 > 병원 > 성형외과",HP8,병원,02-6951-2159,서울 강남구 신사동 584-1,서울 강남구 압구정로28길 49,127.0277019826,37.5232631749,http://place.map.kakao.com/688547982
수피부과의원,7967787,skin_treatment_hospital,피부시술병원,skin_treatment_hospital|hospital,confirmed,kakao_category:피부과|여드름|피부과|피부레이저,"의료,건강 > 병원 > 피부과",HP8,병원,02-555-7472,서울 강남구 역삼동 641-7,서울 강남구 논현로 521,127.0356426988,37.5028911452,http://place.map.kakao.com/7967787
순수피부과 강남대치점,1034363342,skin_treatment_hospital,피부시술병원,skin_treatment_hospital|hospital,confirmed,kakao_category:피부과,"의료,건강 > 병원 > 피부과",HP8,병원,02-575-8008,서울 강남구 대치동 511,서울 강남구 삼성로 150,127.0665055342,37.4947939743,http://place.map.kakao.com/1034363342
쉬즈애비뉴피부과의원,10536118,skin_treatment_hospital,피부시술병원,skin_treatment_hospital|hospital,confirmed,kakao_category:피부과|피부과,"의료,건강 > 병원 > 피부과",HP8,병원,02-3447-5124,서울 강남구 신사동 621-2,서울 강남구 언주로 859,127.033074886,37.5272081823,http://place.map.kakao.com/10536118
슈어스성형외과의원,1415407811,skin_treatment_hospital,피부시술병원,skin_treatment_hospital|hospital,medium,리프팅,"의료,건강 > 병원 > 성형외과",HP8,병원,02-563-8100,서울 강남구 역삼동 820-10,서울 강남구 강남대로 406,127.0276251418,37.4989396781,http://place.map.kakao.com/1415407811
스노우의원,25722095,skin_treatment_hospital,피부시술병원,skin_treatment_hospital|hospital,high,리프팅|보톡스|피부레이저,"의료,건강 > 병원 > 성형외과",HP8,병원,02-558-2700,서울 강남구 역삼동 825-18,서울 강남구 테헤란로 110,127.02938898,37.4980850985,http://place.map.kakao.com/25722095
스누성형외과의원,1856909474,skin_treatment_hospital,피부시술병원,skin_treatment_hospital|hospital,high,리프팅|보톡스|울쎄라|피부레이저|필러,"의료,건강 > 병원 > 성형외과",HP8,병원,02-563-5675,서울 강남구 청담동 83-21,서울 강남구 압구정로60길 26,127.0415157938,37.5255783071,http://place.map.kakao.com/1856909474
스웨이성형외과의원,1501904344,skin_treatment_hospital,피부시술병원,skin_treatment_hospital|hospital,medium,리프팅,"의료,건강 > 병원 > 성형외과",HP8,병원,02-547-1244,서울 강남구 논현동 164-1,서울 강남구 강남대로 518,127.0230785341,37.5084372522,http://place.map.kakao.com/1501904344
스카이쁘아뜨의원,2106057486,skin_treatment_hospital,피부시술병원,skin_treatment_hospital|hospital,high,리프팅|보톡스|피부레이저|필러,"의료,건강 > 병원 > 성형외과",HP8,병원,02-3453-2500,서울 강남구 역삼동 826-23,서울 강남구 강남대로 370,127.0292207452,37.495861456,http://place.map.kakao.com/2106057486
스케줄클리닉,688924476,skin_treatment_hospital,피부시술병원,skin_treatment_hospital|hospital,confirmed,kakao_category:피부과|리프팅|보톡스|써마지|울쎄라|피부과|필러,"의료,건강 > 병원 > 피부과",HP8,병원,02-511-7773,서울 강남구 신사동 648-13,서울 강남구 도산대로49길 11,127.0370960384,37.523624603,http://place.map.kakao.com/688924476
스케치성형외과의원,1156713984,skin_treatment_hospital,피부시술병원,skin_treatment_hospital|hospital,high,리프팅|보톡스|써마지|울쎄라|피부레이저|필러,"의료,건강 > 병원 > 성형외과",HP8,병원,02-562-5415,서울 강남구 역삼동 820-10,서울 강남구 강남대로 406,127.0276206183,37.4989396792,http://place.map.kakao.com/1156713984
스키니의원,1435622377,skin_treatment_hospital,피부시술병원,skin_treatment_hospital|hospital,confirmed,kakao_category:피부과|피부과,"의료,건강 > 병원 > 피부과",HP8,병원,,서울 강남구 역삼동 820-11,서울 강남구 강남대로 402,127.0278309015,37.4987765477,http://place.map.kakao.com/1435622377
스킨다피부과의원 본점,27100253,skin_treatment_hospital,피부시술병원,skin_treatment_hospital|hospital,confirmed,kakao_category:피부과|리프팅|보톡스|써마지|울쎄라|제모|피부과|피부레이저|필러,"의료,건강 > 병원 > 피부과",HP8,병원,02-546-7582,서울 강남구 신사동 501-2,서울 강남구 도산대로 107,127.0201084426,37.5167801929,http://place.map.kakao.com/27100253
스킨메디피부과의원,1870720370,skin_treatment_hospital,피부시술병원,skin_treatment_hospital|hospital,confirmed,kakao_category:피부과|리프팅|써마지|여드름|울쎄라|피부과|피부레이저|필러,"의료,건강 > 병원 > 피부과",HP8,병원,02-6953-7654,서울 강남구 청담동 44-15,서울 강남구 학동로 413,127.0451925074,37.5181535961,http://place.map.kakao.com/1870720370
스타라인성형외과의원,9849012,skin_treatment_hospital,피부시술병원,skin_treatment_hospital|hospital,high,리프팅|보톡스|피부레이저|필러,"의료,건강 > 병원 > 성형외과",HP8,병원,02-3447-3336,서울 강남구 논현동 200-6,서울 강남구 봉은사로 105,127.0250351789,37.5049733902,http://place.map.kakao.com/9849012
스타트성형외과의원,209855212,skin_treatment_hospital,피부시술병원,skin_treatment_hospital|hospital,high,보톡스|필러,"의료,건강 > 병원 > 성형외과",HP8,병원,02-518-7588,서울 강남구 신사동 501,서울 강남구 강남대로 616,127.019799659,37.5168568304,http://place.map.kakao.com/209855212
스테이영피부과의원,1079092407,skin_treatment_hospital,피부시술병원,skin_treatment_hospital|hospital,confirmed,kakao_category:피부과|보톡스|써마지|여드름|제모|피부과,"의료,건강 > 병원 > 피부과",HP8,병원,02-514-7574,서울 강남구 논현동 115-13,서울 강남구 언주로 702,127.0357438615,37.5158187294,http://place.map.kakao.com/1079092407
스토리피부과의원,1643955888,skin_treatment_hospital,피부시술병원,skin_treatment_hospital|hospital,confirmed,kakao_category:피부과|리프팅|보톡스|써마지|여드름|울쎄라|피부과|피부레이저|필러,"의료,건강 > 병원 > 피부과",HP8,병원,02-545-7737,서울 강남구 역삼동 676,서울 강남구 테헤란로 231,127.0413562009,37.5028811741,http://place.map.kakao.com/1643955888
스페이드의원,137804861,skin_treatment_hospital,피부시술병원,skin_treatment_hospital|hospital,confirmed,kakao_category:피부과|제모|피부과,"의료,건강 > 병원 > 피부과",HP8,병원,02-6205-1615,서울 강남구 역삼동 825-27,서울 강남구 테헤란로2길 21,127.0294111044,37.4968281889,http://place.map.kakao.com/137804861
슬림에디션의원,719522331,skin_treatment_hospital,피부시술병원,skin_treatment_hospital|hospital,medium,보톡스,"의료,건강 > 병원 > 성형외과",HP8,병원,02-561-4743,서울 강남구 역삼동 821,서울 강남구 테헤란로 101,127.0280660667,37.498623321,http://place.map.kakao.com/719522331
시그니처성형외과의원,62545229,skin_treatment_hospital,피부시술병원,skin_treatment_hospital|hospital,high,리프팅|보톡스|필러,"의료,건강 > 병원 > 성형외과",HP8,병원,02-518-2200,서울 강남구 논현동 4,서울 강남구 도산대로 122,127.0221343504,37.5168456039,http://place.map.kakao.com/62545229
시그니처피부과의원,504898621,skin_treatment_hospital,피부시술병원,skin_treatment_hospital|hospital,confirmed,kakao_category:피부과|여드름|피부과,"의료,건강 > 병원 > 피부과",HP8,병원,02-552-3661,서울 강남구 역삼동 646-7,서울 강남구 테헤란로 139-1,127.0344699187,37.5004407574,http://place.map.kakao.com/504898621
시너지성형외과,17646079,skin_treatment_hospital,피부시술병원,skin_treatment_hospital|hospital,high,리프팅|보톡스|필러,"의료,건강 > 병원 > 성형외과",HP8,병원,1577-3153,서울 강남구 신사동 501-2,서울 강남구 도산대로 107,127.0201061798,37.5167783913,http://place.map.kakao.com/17646079
시네마의원,643961599,skin_treatment_hospital,피부시술병원,skin_treatment_hospital|hospital,confirmed,kakao_category:피부과|리프팅|보톡스|여드름|울쎄라|피부과|피부레이저|필러,"의료,건강 > 병원 > 피부과",HP8,병원,02-517-1219,서울 강남구 논현동 143,서울 강남구 강남대로 528,127.0226275111,37.509283383,http://place.map.kakao.com/643961599
시아의원,240833036,skin_treatment_hospital,피부시술병원,skin_treatment_hospital|hospital,confirmed,kakao_category:피부과|피부과,"의료,건강 > 병원 > 피부과",HP8,병원,02-512-7117,서울 강남구 논현동 199,서울 강남구 강남대로 488,127.0242675415,37.5058754567,http://place.map.kakao.com/240833036
시즈의원,1741257935,skin_treatment_hospital,피부시술병원,skin_treatment_hospital|hospital,confirmed,kakao_category:피부과|리프팅|보톡스|써마지|여드름|울쎄라|피부과|피부레이저|필러,"의료,건강 > 병원 > 피부과",HP8,병원,02-6207-1101,서울 강남구 청담동 89-4,서울 강남구 도산대로57길 24,127.0418391623,37.5252592382,http://place.map.kakao.com/1741257935
시크릿성형외과의원,8659906,skin_treatment_hospital,피부시술병원,skin_treatment_hospital|hospital,high,리프팅|보톡스|써마지|울쎄라|피부레이저|필러,"의료,건강 > 병원 > 성형외과",HP8,병원,1688-8538,서울 강남구 역삼동 826-24,서울 강남구 강남대로 372,127.0290737993,37.4960227725,http://place.map.kakao.com/8659906
시크릿의원,1999801170,skin_treatment_hospital,피부시술병원,skin_treatment_hospital|hospital,confirmed,kakao_category:피부과|리프팅|보톡스|여드름|울쎄라|피부과|피부레이저|필러,"의료,건강 > 병원 > 피부과",HP8,병원,02-6953-1090,서울 강남구 역삼동 809-16,서울 강남구 강남대로 458,127.0254632894,37.5034199653,http://place.map.kakao.com/1999801170
신논현톡스앤필의원,1206799452,skin_treatment_hospital,피부시술병원,skin_treatment_hospital|hospital,confirmed,kakao_category:피부과|보톡스|써마지|피부과|필러,"의료,건강 > 병원 > 피부과",HP8,병원,02-6951-4882,서울 강남구 논현동 199-2,서울 강남구 강남대로 484,127.0243737726,37.5056249554,http://place.map.kakao.com/1206799452
신사넘버파이브의원,63099616,skin_treatment_hospital,피부시술병원,skin_treatment_hospital|hospital,confirmed,kakao_category:피부과|리프팅|보톡스|써마지|여드름|울쎄라|피부과|피부레이저|필러,"의료,건강 > 병원 > 피부과",HP8,병원,02-540-8555,서울 강남구 신사동 610-3,서울 강남구 압구정로30길 16,127.0290618518,37.5264632083,http://place.map.kakao.com/63099616
신사세레아의원,693381867,skin_treatment_hospital,피부시술병원,skin_treatment_hospital|hospital,confirmed,kakao_category:피부과|피부과,"의료,건강 > 병원 > 피부과",HP8,병원,02-6956-5731,서울 강남구 논현동 6-2,서울 강남구 도산대로 150,127.0251797863,37.5179739512,http://place.map.kakao.com/693381867
신사엘성형외과,1422651850,skin_treatment_hospital,피부시술병원,skin_treatment_hospital|hospital,medium,보톡스,"의료,건강 > 병원 > 성형외과",HP8,병원,02-517-7410,서울 강남구 논현동 17-4,서울 강남구 강남대로 598,127.0203693024,37.5151772627,http://place.map.kakao.com/1422651850
신사인피부과의원,456995051,skin_treatment_hospital,피부시술병원,skin_treatment_hospital|hospital,confirmed,kakao_category:피부과|여드름|피부과|피부레이저,"의료,건강 > 병원 > 피부과",HP8,병원,02-541-2555,서울 강남구 신사동 501-2,서울 강남구 도산대로 107,127.0201084426,37.5167801929,http://place.map.kakao.com/456995051
신사하이미의원,1416735724,skin_treatment_hospital,피부시술병원,skin_treatment_hospital|hospital,confirmed,kakao_category:피부과|리프팅|보톡스|써마지|피부과|필러,"의료,건강 > 병원 > 피부과",HP8,병원,02-512-0512,서울 강남구 신사동 513-3,서울 강남구 도산대로 111,127.0206899033,37.5169611942,http://place.map.kakao.com/1416735724
신상성형외과의원,741712624,skin_treatment_hospital,피부시술병원,skin_treatment_hospital|hospital,high,리프팅|보톡스|여드름|울쎄라|피부레이저|필러,"의료,건강 > 병원 > 성형외과",HP8,병원,02-546-0560,서울 강남구 논현동 6-2,서울 강남구 도산대로 150,127.0251797863,37.5179739512,http://place.map.kakao.com/741712624
신학철피부과의원,7976401,skin_treatment_hospital,피부시술병원,skin_treatment_hospital|hospital,confirmed,kakao_category:피부과|피부과|피부레이저,"의료,건강 > 병원 > 피부과",HP8,병원,02-501-7575,서울 강남구 대치동 959-3,서울 강남구 삼성로 418,127.058249102,37.5044102665,http://place.map.kakao.com/7976401
실루엣성형외과의원,12797310,skin_treatment_hospital,피부시술병원,skin_treatment_hospital|hospital,medium,리프팅,"의료,건강 > 병원 > 성형외과",HP8,병원,02-3443-1180,서울 강남구 신사동 579,서울 강남구 압구정로 156,127.0267561153,37.5260258661,http://place.map.kakao.com/12797310
심포니성형외과의원,1049137793,skin_treatment_hospital,피부시술병원,skin_treatment_hospital|hospital,high,리프팅|보톡스|써마지|여드름|울쎄라|피부레이저|필러,"의료,건강 > 병원 > 성형외과",HP8,병원,02-2135-2633,서울 강남구 신사동 563-17,서울 강남구 도산대로 165,127.0266395312,37.5194900195,http://place.map.kakao.com/1049137793
심포니성형외과의원 피부센터,1849667443,skin_treatment_hospital,피부시술병원,skin_treatment_hospital|hospital,confirmed,kakao_category:피부과|피부과,"의료,건강 > 병원 > 피부과",HP8,병원,02-2135-2633,서울 강남구 신사동 563-17,서울 강남구 도산대로 165,127.0266395312,37.5194900195,http://place.map.kakao.com/1849667443
썸의원,66847183,skin_treatment_hospital,피부시술병원,skin_treatment_hospital|hospital,confirmed,kakao_category:피부과|리프팅|보톡스|울쎄라|피부과|피부레이저|필러,"의료,건강 > 병원 > 피부과",HP8,병원,02-512-0221,서울 강남구 논현동 4,서울 강남구 도산대로 122,127.0221343504,37.5168456039,http://place.map.kakao.com/66847183
아도의원,1799753280,skin_treatment_hospital,피부시술병원,skin_treatment_hospital|hospital,confirmed,kakao_category:피부과|피부과,"의료,건강 > 병원 > 피부과",HP8,병원,02-567-4110,서울 강남구 역삼동 601-1,서울 강남구 봉은사로 110,127.0258188066,37.5045803832,http://place.map.kakao.com/1799753280
아르나의원,289794573,skin_treatment_hospital,피부시술병원,skin_treatment_hospital|hospital,high,리프팅|보톡스|써마지|여드름|필러,"의료,건강 > 병원 > 일반의원",HP8,병원,02-518-2228,서울 강남구 신사동 580-2,서울 강남구 압구정로 170,127.0281060177,37.5267580673,http://place.map.kakao.com/289794573
아르네의원,1945063642,skin_treatment_hospital,피부시술병원,skin_treatment_hospital|hospital,confirmed,kakao_category:피부과|리프팅|보톡스|여드름|피부과|피부레이저|필러,"의료,건강 > 병원 > 피부과",HP8,병원,02-555-5125,서울 강남구 역삼동 601-1,서울 강남구 봉은사로 110,127.0258188066,37.5045803832,http://place.map.kakao.com/1945063642
아르노피부과의원,1805974662,skin_treatment_hospital,피부시술병원,skin_treatment_hospital|hospital,confirmed,kakao_category:피부과|리프팅|보톡스|써마지|여드름|울쎄라|피부과|피부레이저|필러,"의료,건강 > 병원 > 피부과",HP8,병원,02-542-2429,서울 강남구 신사동 628-23,서울 강남구 언주로 807,127.0330999327,37.5224445761,http://place.map.kakao.com/1805974662
아르뜨의원,13514200,skin_treatment_hospital,피부시술병원,skin_treatment_hospital|hospital,high,리프팅|보톡스|필러,"의료,건강 > 병원 > 성형외과",HP8,병원,02-525-1361,서울 강남구 논현동 1-1,서울 강남구 도산대로 104,127.0203412705,37.5160845783,http://place.map.kakao.com/13514200
아르케의원,10066287,skin_treatment_hospital,피부시술병원,skin_treatment_hospital|hospital,medium,울쎄라,"의료,건강 > 병원 > 성형외과",HP8,병원,02-554-0262,서울 강남구 역삼동 832,서울 강남구 강남대로 334,127.0304680172,37.4929851268,http://place.map.kakao.com/10066287
아름다운나라피부과의원,16903394,skin_treatment_hospital,피부시술병원,skin_treatment_hospital|hospital,confirmed,kakao_category:피부과|리프팅|보톡스|써마지|여드름|울쎄라|피부과|피부레이저,"의료,건강 > 병원 > 피부과",HP8,병원,02-3420-2201,서울 강남구 역삼동 825-15,서울 강남구 강남대로 390,127.0285011219,37.4977501416,http://place.map.kakao.com/16903394
아름다움,17806268,skin_treatment_hospital,피부시술병원,skin_treatment_hospital|hospital,confirmed,kakao_category:피부과|피부과,"의료,건강 > 병원 > 피부과",HP8,병원,,서울 강남구 역삼동 655-4,서울 강남구 언주로107길 25,127.0372644219,37.507352423,http://place.map.kakao.com/17806268
아름라인의원,10603249,skin_treatment_hospital,피부시술병원,skin_treatment_hospital|hospital,medium,리프팅,"의료,건강 > 병원 > 성형외과",HP8,병원,02-511-1285,서울 강남구 신사동 665-4,서울 강남구 선릉로 817,127.0394317154,37.5250906781,http://place.map.kakao.com/10603249
아미스킨의원 강남점,869117600,skin_treatment_hospital,피부시술병원,skin_treatment_hospital|hospital,confirmed,kakao_category:피부과|리프팅|보톡스|여드름|울쎄라|제모|피부과|피부레이저|필러,"의료,건강 > 병원 > 피부과",HP8,병원,02-555-7890,서울 강남구 역삼동 652-6,서울 강남구 봉은사로38길 4,127.0371764665,37.5078831426,http://place.map.kakao.com/869117600
아반트성형외과의원,1706029184,skin_treatment_hospital,피부시술병원,skin_treatment_hospital|hospital,high,리프팅|보톡스|피부레이저|필러,"의료,건강 > 병원 > 성형외과",HP8,병원,02-6207-0755,서울 강남구 논현동 1,서울 강남구 강남대로 606,127.020156837,37.51586927,http://place.map.kakao.com/1706029184
아비쥬의원 청담,1420981323,skin_treatment_hospital,피부시술병원,skin_treatment_hospital|hospital,confirmed,kakao_category:피부과|리프팅|보톡스|여드름|울쎄라|제모|피부과|피부레이저|필러,"의료,건강 > 병원 > 피부과",HP8,병원,02-6094-0377,서울 강남구 신사동 665-1,서울 강남구 선릉로 823,127.0393629913,37.5256304013,http://place.map.kakao.com/1420981323
아빈의원,968722177,skin_treatment_hospital,피부시술병원,skin_treatment_hospital|hospital,high,보톡스|울쎄라|피부레이저|필러,"의료,건강 > 병원 > 가정의학과",HP8,병원,0503-7154-2106,서울 강남구 역삼동 721-35,서울 강남구 언주로 411,127.043647896,37.4997025019,http://place.map.kakao.com/968722177
아우어성형외과,426460320,skin_treatment_hospital,피부시술병원,skin_treatment_hospital|hospital,medium,필러,"의료,건강 > 병원 > 성형외과",HP8,병원,02-542-0221,서울 강남구 논현동 18,서울 강남구 강남대로 590,127.0203940209,37.5145663778,http://place.map.kakao.com/426460320
아이그램성형외과,836255297,skin_treatment_hospital,피부시술병원,skin_treatment_hospital|hospital,high,리프팅|울쎄라,"의료,건강 > 병원 > 성형외과",HP8,병원,02-543-0224,서울 강남구 논현동 18,서울 강남구 강남대로 590,127.0203996684,37.5145366437,http://place.map.kakao.com/836255297
아이니의원,912931325,skin_treatment_hospital,피부시술병원,skin_treatment_hospital|hospital,confirmed,kakao_category:피부과|리프팅|보톡스|써마지|여드름|울쎄라|피부과|피부레이저|필러,"의료,건강 > 병원 > 피부과",HP8,병원,02-1899-1150,서울 강남구 신사동 575,서울 강남구 압구정로 152,127.0259515582,37.5254178692,http://place.map.kakao.com/912931325
아이니크성형외과,543107856,skin_treatment_hospital,피부시술병원,skin_treatment_hospital|hospital,high,리프팅|보톡스|피부레이저|필러,"의료,건강 > 병원 > 성형외과",HP8,병원,02-547-0123,서울 강남구 신사동 519-18,서울 강남구 강남대로158길 43,127.0219791819,37.5200171645,http://place.map.kakao.com/543107856
아이델성형외과의원,1878308584,skin_treatment_hospital,피부시술병원,skin_treatment_hospital|hospital,high,여드름|피부레이저|필러,"의료,건강 > 병원 > 성형외과",HP8,병원,02-3442-5900,서울 강남구 논현동 202-19,서울 강남구 봉은사로 117,127.0264512841,37.5053397908,http://place.map.kakao.com/1878308584
아이디병원,22539495,skin_treatment_hospital,피부시술병원,skin_treatment_hospital|hospital,high,리프팅|보톡스|필러,"의료,건강 > 병원 > 성형외과",HP8,병원,02-547-0050,서울 강남구 논현동 5-6,서울 강남구 도산대로 142,127.0241571434,37.517764231,http://place.map.kakao.com/22539495
아이디피부과,22301818,skin_treatment_hospital,피부시술병원,skin_treatment_hospital|hospital,confirmed,kakao_category:피부과|리프팅|써마지|울쎄라|피부과|피부레이저,"의료,건강 > 병원 > 피부과",HP8,병원,02-543-7114,서울 강남구 논현동 11,서울 강남구 도산대로12길 13,127.0241523492,37.5169281008,http://place.map.kakao.com/22301818
아이라인성형외과의원,10588553,skin_treatment_hospital,피부시술병원,skin_treatment_hospital|hospital,high,리프팅|피부레이저,"의료,건강 > 병원 > 성형외과",HP8,병원,02-540-8666,서울 강남구 논현동 241-3,서울 강남구 학동로 342,127.0408706569,37.5167216742,http://place.map.kakao.com/10588553
아이러브강남의원,1131998062,skin_treatment_hospital,피부시술병원,skin_treatment_hospital|hospital,confirmed,kakao_category:피부과|리프팅|보톡스|써마지|울쎄라|피부과|피부레이저|필러,"의료,건강 > 병원 > 피부과",HP8,병원,02-6401-7575,서울 강남구 논현동 234-20,서울 강남구 논현로 606,127.0340028284,37.5078615737,http://place.map.kakao.com/1131998062
아이루미성형외과의원,27315861,skin_treatment_hospital,피부시술병원,skin_treatment_hospital|hospital,medium,리프팅,"의료,건강 > 병원 > 성형외과",HP8,병원,02-534-6888,서울 강남구 논현동 17-5,서울 강남구 강남대로 596,127.0203647387,37.5150331029,http://place.map.kakao.com/27315861
아이리스성형외과의원,1383062297,skin_treatment_hospital,피부시술병원,skin_treatment_hospital|hospital,medium,필러,"의료,건강 > 병원 > 성형외과",HP8,병원,02-514-5400,서울 강남구 논현동 200-6,서울 강남구 봉은사로 105,127.0250396896,37.504933745,http://place.map.kakao.com/1383062297
아이미김성민성형외과의원,22757414,skin_treatment_hospital,피부시술병원,skin_treatment_hospital|hospital,high,리프팅|피부레이저,"의료,건강 > 병원 > 성형외과",HP8,병원,02-549-0652,서울 강남구 신사동 626-4,서울 강남구 논현로168길 35,127.0311975871,37.5233848396,http://place.map.kakao.com/22757414
아이비성형외과의원,1444014730,skin_treatment_hospital,피부시술병원,skin_treatment_hospital|hospital,high,리프팅|보톡스|울쎄라|필러,"의료,건강 > 병원 > 성형외과",HP8,병원,02-540-5315,서울 강남구 논현동 202-19,서울 강남구 봉은사로 117,127.0264784126,37.5052974375,http://place.map.kakao.com/1444014730
아이앤지성형외과의원,18267316,skin_treatment_hospital,피부시술병원,skin_treatment_hospital|hospital,high,리프팅|보톡스|필러,"의료,건강 > 병원 > 성형외과",HP8,병원,02-557-7004,서울 강남구 역삼동 814-1,서울 강남구 강남대로 446,127.0259492405,37.5023900101,http://place.map.kakao.com/18267316
아이에이치의원,677397083,skin_treatment_hospital,피부시술병원,skin_treatment_hospital|hospital,confirmed,kakao_category:피부과|보톡스|써마지|울쎄라|피부과|필러,"의료,건강 > 병원 > 피부과",HP8,병원,0507-1482-0977,서울 강남구 신사동 598-6,서울 강남구 논현로 836,127.0286001182,37.5230674433,http://place.map.kakao.com/677397083
아이엔성형외과의원,16444915,skin_treatment_hospital,피부시술병원,skin_treatment_hospital|hospital,medium,피부레이저,"의료,건강 > 병원 > 성형외과",HP8,병원,02-535-2668,서울 강남구 신사동 577-6,서울 강남구 논현로171길 11,127.0274448794,37.5255049288,http://place.map.kakao.com/16444915
아이엘의원,720802426,skin_treatment_hospital,피부시술병원,skin_treatment_hospital|hospital,high,리프팅|보톡스|써마지|울쎄라|제모|피부레이저|필러,"의료,건강 > 병원 > 성형외과",HP8,병원,02-415-3824,서울 강남구 논현동 208,서울 강남구 학동로 208,127.0318633164,37.5140484665,http://place.map.kakao.com/720802426
아이오유피부과,1414042562,skin_treatment_hospital,피부시술병원,skin_treatment_hospital|hospital,confirmed,kakao_category:피부과|피부과,"의료,건강 > 병원 > 피부과",HP8,병원,02-549-0367,서울 강남구 신사동 513-4,서울 강남구 도산대로 113,127.020858457,37.5170044127,http://place.map.kakao.com/1414042562
아이유의원,1540819778,skin_treatment_hospital,피부시술병원,skin_treatment_hospital|hospital,high,보톡스|여드름|피부과,"의료,건강 > 병원 > 일반의원",HP8,병원,02-517-7538,서울 강남구 역삼동 820-11,서울 강남구 강남대로 402,127.02782864,37.4987774492,http://place.map.kakao.com/1540819778
아이탑성형외과의원,12133171,skin_treatment_hospital,피부시술병원,skin_treatment_hospital|hospital,high,리프팅|보톡스,"의료,건강 > 병원 > 성형외과",HP8,병원,02-555-3555,서울 강남구 역삼동 601,서울 강남구 봉은사로 108,127.0255914666,37.5045335804,http://place.map.kakao.com/12133171
아이팅성형외과의원,71280497,skin_treatment_hospital,피부시술병원,skin_treatment_hospital|hospital,high,리프팅|울쎄라,"의료,건강 > 병원 > 성형외과",HP8,병원,02-515-8887,서울 강남구 신사동 603-2,서울 강남구 논현로 848,127.0288371284,37.5245747628,http://place.map.kakao.com/71280497
아인의원,1578206349,skin_treatment_hospital,피부시술병원,skin_treatment_hospital|hospital,confirmed,kakao_category:피부과|리프팅|보톡스|써마지|울쎄라|피부과|피부레이저|필러,"의료,건강 > 병원 > 피부과",HP8,병원,02-542-0571,서울 강남구 신사동 571,서울 강남구 압구정로18길 7,127.0245688012,37.5244018343,http://place.map.kakao.com/1578206349
아임의원,26583790,skin_treatment_hospital,피부시술병원,skin_treatment_hospital|hospital,high,리프팅|보톡스,"의료,건강 > 병원 > 성형외과",HP8,병원,02-549-0101,서울 강남구 논현동 164-2,서울 강남구 강남대로 516,127.0231384263,37.5082687526,http://place.map.kakao.com/26583790
아카이브청담의원,739780937,skin_treatment_hospital,피부시술병원,skin_treatment_hospital|hospital,confirmed,kakao_category:피부과|리프팅|보톡스|써마지|울쎄라|피부과|필러,"의료,건강 > 병원 > 피부과",HP8,병원,02-6941-1103,서울 강남구 청담동 84-3,서울 강남구 선릉로 836,127.0405332314,37.5265427206,http://place.map.kakao.com/739780937
아트너의원 청담,705875298,skin_treatment_hospital,피부시술병원,skin_treatment_hospital|hospital,confirmed,kakao_category:피부과|피부과,"의료,건강 > 병원 > 피부과",HP8,병원,02-514-4005,서울 강남구 청담동 93-9,서울 강남구 압구정로80길 38,127.0435923367,37.5247342208,http://place.map.kakao.com/705875298
아트인휴먼피부과의원,468788054,skin_treatment_hospital,피부시술병원,skin_treatment_hospital|hospital,confirmed,kakao_category:피부과|리프팅|써마지|여드름|울쎄라|피부과|필러,"의료,건강 > 병원 > 피부과",HP8,병원,02-558-7275,서울 강남구 역삼동 772,서울 강남구 언주로 337,127.044319746,37.4979588047,http://place.map.kakao.com/468788054
안성렬성형외과피부과,9910194,skin_treatment_hospital,피부시술병원,skin_treatment_hospital|hospital,high,여드름|피부과|피부레이저,"의료,건강 > 병원 > 성형외과",HP8,병원,02-512-2627,서울 강남구 논현동 3,서울 강남구 도산대로 116,127.0215155424,37.5166060513,http://place.map.kakao.com/9910194
안티안의원,136090896,skin_treatment_hospital,피부시술병원,skin_treatment_hospital|hospital,confirmed,kakao_category:피부과|리프팅|보톡스|써마지|울쎄라|제모|피부과|피부레이저|필러,"의료,건강 > 병원 > 피부과",HP8,병원,02-6204-4321,서울 강남구 청담동 72-7,서울 강남구 영동대로 701,127.0563688518,37.5201688399,http://place.map.kakao.com/136090896
안티에이징의원,153878930,skin_treatment_hospital,피부시술병원,skin_treatment_hospital|hospital,confirmed,kakao_category:피부과|리프팅|보톡스|여드름|울쎄라|피부과|피부레이저|필러,"의료,건강 > 병원 > 피부과",HP8,병원,0502-5550-2407,서울 강남구 역삼동 766-15,서울 강남구 도곡로 317,127.0506387385,37.4958650289,http://place.map.kakao.com/153878930
알앤비성형외과의원,2028683824,skin_treatment_hospital,피부시술병원,skin_treatment_hospital|hospital,high,리프팅|보톡스,"의료,건강 > 병원 > 성형외과",HP8,병원,02-558-5800,서울 강남구 역삼동 719,서울 강남구 테헤란로 216,127.0401249592,37.5014246725,http://place.map.kakao.com/2028683824
알앤우드성형외과의원,1719696961,skin_treatment_hospital,피부시술병원,skin_treatment_hospital|hospital,medium,리프팅,"의료,건강 > 병원 > 성형외과",HP8,병원,02-515-3833,서울 강남구 신사동 582,서울 강남구 압구정로28길 17,127.0278724801,37.5254417585,http://place.map.kakao.com/1719696961
압구정 맘모스헤어라인의원,146792146,skin_treatment_hospital,피부시술병원,skin_treatment_hospital|hospital,confirmed,kakao_category:피부과|피부과,"의료,건강 > 병원 > 피부과",HP8,병원,02-518-8782,서울 강남구 신사동 611,서울 강남구 논현로 878,127.028851696,37.5271516253,http://place.map.kakao.com/146792146
압구정더모의원,1276375751,skin_treatment_hospital,피부시술병원,skin_treatment_hospital|hospital,confirmed,kakao_category:피부과|피부과|피부레이저,"의료,건강 > 병원 > 피부과",HP8,병원,02-540-8185,서울 강남구 신사동 576-10,서울 강남구 논현로167길 16,127.026901607,37.524787856,http://place.map.kakao.com/1276375751
압구정드림성형외과,11539731,skin_treatment_hospital,피부시술병원,skin_treatment_hospital|hospital,high,여드름|필러,"의료,건강 > 병원 > 성형외과",HP8,병원,02-546-1615,서울 강남구 신사동 580-3,서울 강남구 압구정로 172,127.0281965464,37.5268238188,http://place.map.kakao.com/11539731
압구정디오성형외과 압구정본원,11371107,skin_treatment_hospital,피부시술병원,skin_treatment_hospital|hospital,high,리프팅|보톡스|필러,"의료,건강 > 병원 > 성형외과",HP8,병원,02-514-0350,서울 강남구 논현동 18,서울 강남구 강남대로 590,127.0203295412,37.5145438638,http://place.map.kakao.com/11371107
압구정리앤스타의원,14620010,skin_treatment_hospital,피부시술병원,skin_treatment_hospital|hospital,high,리프팅|보톡스|울쎄라|필러,"의료,건강 > 병원 > 성형외과",HP8,병원,02-511-5115,서울 강남구 신사동 639-8,서울 강남구 언주로174길 27,127.0361728734,37.528180356,http://place.map.kakao.com/14620010
압구정리치모아의원,1555201171,skin_treatment_hospital,피부시술병원,skin_treatment_hospital|hospital,high,여드름|피부레이저,"의료,건강 > 병원 > 성형외과",HP8,병원,02-3448-0999,서울 강남구 신사동 600-4,서울 강남구 논현로168길 22,127.0300234504,37.5236338206,http://place.map.kakao.com/1555201171
압구정미라클의원,9869920,skin_treatment_hospital,피부시술병원,skin_treatment_hospital|hospital,high,리프팅|보톡스|피부레이저|필러,"의료,건강 > 병원 > 일반의원",HP8,병원,1588-6930,서울 강남구 신사동 663-23,서울 강남구 선릉로157길 14,127.0388270318,37.5261486549,http://place.map.kakao.com/9869920
압구정비앤미의원,13513601,skin_treatment_hospital,피부시술병원,skin_treatment_hospital|hospital,high,리프팅|보톡스|써마지|피부과|피부레이저|필러,"의료,건강 > 병원 > 성형외과",HP8,병원,0502-5553-9062,서울 강남구 신사동 660-16,서울 강남구 압구정로46길 5-10,127.0374918244,37.527841168,http://place.map.kakao.com/13513601
압구정서울성형외과의원,24328170,skin_treatment_hospital,피부시술병원,skin_treatment_hospital|hospital,medium,필러,"의료,건강 > 병원 > 성형외과",HP8,병원,02-547-5100,서울 강남구 신사동 598,서울 강남구 논현로 840,127.028638804,37.5236521846,http://place.map.kakao.com/24328170
압구정아이비성형외과의원,9210892,skin_treatment_hospital,피부시술병원,skin_treatment_hospital|hospital,medium,리프팅,"의료,건강 > 병원 > 성형외과",HP8,병원,02-540-7711,서울 강남구 신사동 582-3,서울 강남구 압구정로28길 25,127.0278383121,37.5248236791,http://place.map.kakao.com/9210892
압구정에테르나의원,1663501757,skin_treatment_hospital,피부시술병원,skin_treatment_hospital|hospital,confirmed,kakao_category:피부과|리프팅|보톡스|피부과|필러,"의료,건강 > 병원 > 피부과",HP8,병원,02-517-9337,서울 강남구 신사동 567-23,서울 강남구 논현로159길 10,127.0273387987,37.5231163961,http://place.map.kakao.com/1663501757
압구정오라클피부과의원,11962680,skin_treatment_hospital,피부시술병원,skin_treatment_hospital|hospital,confirmed,kakao_category:피부과|리프팅|보톡스|써마지|여드름|울쎄라|피부과|피부레이저|필러,"의료,건강 > 병원 > 피부과",HP8,병원,02-544-2777,서울 강남구 신사동 609-1,서울 강남구 압구정로30길 23,127.0294949109,37.5258864596,http://place.map.kakao.com/11962680
압구정튠의원,1183912264,skin_treatment_hospital,피부시술병원,skin_treatment_hospital|hospital,confirmed,kakao_category:피부과|리프팅|보톡스|써마지|여드름|울쎄라|피부과|피부레이저|필러,"의료,건강 > 병원 > 피부과",HP8,병원,02-540-8011,서울 강남구 신사동 610-5,서울 강남구 논현로 868,127.0288818278,37.5260794256,http://place.map.kakao.com/1183912264
압구정페이스라인 성형외과의원,9513406,skin_treatment_hospital,피부시술병원,skin_treatment_hospital|hospital,high,리프팅|보톡스|울쎄라|피부과|피부레이저|필러,"의료,건강 > 병원 > 성형외과",HP8,병원,02-541-0082,서울 강남구 신사동 598-3,서울 강남구 논현로 838,127.0286522619,37.5233458404,http://place.map.kakao.com/9513406
애프터눈성형외과,1936177137,skin_treatment_hospital,피부시술병원,skin_treatment_hospital|hospital,medium,리프팅,"의료,건강 > 병원 > 성형외과",HP8,병원,02-3486-5005,서울 강남구 논현동 201-12,서울 강남구 봉은사로 111,127.0257002665,37.5051966967,http://place.map.kakao.com/1936177137
앤드성형외과의원,1479872893,skin_treatment_hospital,피부시술병원,skin_treatment_hospital|hospital,medium,필러,"의료,건강 > 병원 > 성형외과",HP8,병원,02-574-9400,서울 강남구 역삼동 808-4,서울 강남구 강남대로 468,127.0251151902,37.5041147151,http://place.map.kakao.com/1479872893
앤퍼센트의원,1533053123,skin_treatment_hospital,피부시술병원,skin_treatment_hospital|hospital,confirmed,kakao_category:피부과|리프팅|보톡스|써마지|여드름|울쎄라|피부과|피부레이저|필러,"의료,건강 > 병원 > 피부과",HP8,병원,0503-7153-7366,서울 강남구 논현동 202-19,서울 강남구 봉은사로 117,127.0264512841,37.5053397908,http://place.map.kakao.com/1533053123
앤플러스의원,12666685,skin_treatment_hospital,피부시술병원,skin_treatment_hospital|hospital,medium,피부레이저,"의료,건강 > 병원 > 성형외과",HP8,병원,02-511-6300,서울 강남구 신사동 585-1,서울 강남구 논현로 831,127.0279008123,37.522538722,http://place.map.kakao.com/12666685
얀의원,27454246,skin_treatment_hospital,피부시술병원,skin_treatment_hospital|hospital,high,리프팅|보톡스|써마지|여드름|울쎄라|제모|피부레이저|필러,"의료,건강 > 병원 > 일반의원",HP8,병원,02-501-1323,서울 강남구 삼성동 146-7,서울 강남구 봉은사로82길 5,127.0548511146,37.5128975553,http://place.map.kakao.com/27454246
양재오라클피부과의원,17184434,skin_treatment_hospital,피부시술병원,skin_treatment_hospital|hospital,confirmed,kakao_category:피부과|보톡스|여드름|피부과|피부레이저|필러,"의료,건강 > 병원 > 피부과",HP8,병원,02-553-4700,서울 강남구 도곡동 957-14,서울 강남구 남부순환로 2609,127.0350824112,37.4849585704,http://place.map.kakao.com/17184434
양재유앤미의원,1541242525,skin_treatment_hospital,피부시술병원,skin_treatment_hospital|hospital,high,리프팅|보톡스|제모|피부레이저|필러,"의료,건강 > 병원 > 일반의원",HP8,병원,02-574-2376,서울 강남구 개포동 1239-19,서울 강남구 개포로 205,127.0451098548,37.4785462915,http://place.map.kakao.com/1541242525
양준상의원,1839444034,skin_treatment_hospital,피부시술병원,skin_treatment_hospital|hospital,medium,여드름,"의료,건강 > 병원 > 일반의원",HP8,병원,02-549-2008,서울 강남구 신사동 666-16,서울 강남구 도산대로 333,127.038381005,37.5233583966,http://place.map.kakao.com/1839444034
어린공주성형외과의원,1585423328,skin_treatment_hospital,피부시술병원,skin_treatment_hospital|hospital,medium,필러,"의료,건강 > 병원 > 성형외과",HP8,병원,0503-7152-0887,서울 강남구 논현동 2,서울 강남구 도산대로 110,127.0210154859,37.5162862851,http://place.map.kakao.com/1585423328
어반성형외과의원,1143680684,skin_treatment_hospital,피부시술병원,skin_treatment_hospital|hospital,high,리프팅|보톡스|써마지|울쎄라|피부레이저,"의료,건강 > 병원 > 성형외과",HP8,병원,02-508-2119,서울 강남구 역삼동 820-9,서울 강남구 강남대로 406,127.0276228804,37.4989405796,http://place.map.kakao.com/1143680684
어반힐의원,26809501,skin_treatment_hospital,피부시술병원,skin_treatment_hospital|hospital,confirmed,kakao_category:피부과|보톡스|여드름|피부과|필러,"의료,건강 > 병원 > 피부과",HP8,병원,02-6289-1550,서울 강남구 청담동 92-12,서울 강남구 도산대로67길 7,127.0443863435,37.5244906545,http://place.map.kakao.com/26809501
에르시아 클리닉,749322124,skin_treatment_hospital,피부시술병원,skin_treatment_hospital|hospital,confirmed,kakao_category:피부과|리프팅|보톡스|여드름|울쎄라|피부과|피부레이저|필러,"의료,건강 > 병원 > 피부과",HP8,병원,02-577-3511,서울 강남구 도곡동 467,서울 강남구 언주로30길 56,127.0534828805,37.4880691619,http://place.map.kakao.com/749322124
에버그린피부과의원,10059677,skin_treatment_hospital,피부시술병원,skin_treatment_hospital|hospital,confirmed,kakao_category:피부과|피부과,"의료,건강 > 병원 > 피부과",HP8,병원,02-2187-7377,서울 강남구 도곡동 467-6,서울 강남구 언주로30길 13,127.0514027159,37.4885845607,http://place.map.kakao.com/10059677
에버성형외과의원,648688251,skin_treatment_hospital,피부시술병원,skin_treatment_hospital|hospital,high,여드름|피부레이저,"의료,건강 > 병원 > 성형외과",HP8,병원,02-3448-0088,서울 강남구 논현동 235-9,서울 강남구 봉은사로 209,127.0350117271,37.5079333593,http://place.map.kakao.com/648688251
에버피부과의원,13313764,skin_treatment_hospital,피부시술병원,skin_treatment_hospital|hospital,confirmed,kakao_category:피부과|보톡스|써마지|여드름|울쎄라|피부과|피부레이저|필러,"의료,건강 > 병원 > 피부과",HP8,병원,02-795-9553,서울 강남구 신사동 616-1,서울 강남구 압구정로 222,127.031751775,37.5284303039,http://place.map.kakao.com/13313764
에스듈피부과,13334196,skin_treatment_hospital,피부시술병원,skin_treatment_hospital|hospital,confirmed,kakao_category:피부과|여드름|피부과,"의료,건강 > 병원 > 피부과",HP8,병원,02-555-7588,서울 강남구 대치동 889-75,서울 강남구 선릉로86길 7,127.0503451803,37.5032858407,http://place.map.kakao.com/13334196
에스디피부과의원,11473281,skin_treatment_hospital,피부시술병원,skin_treatment_hospital|hospital,confirmed,kakao_category:피부과|피부과,"의료,건강 > 병원 > 피부과",HP8,병원,02-549-7574,서울 강남구 신사동 617,서울 강남구 압구정로 226,127.0325426829,37.5286868741,http://place.map.kakao.com/11473281
에스앤유피부과의원,1120002353,skin_treatment_hospital,피부시술병원,skin_treatment_hospital|hospital,confirmed,kakao_category:피부과|피부과,"의료,건강 > 병원 > 피부과",HP8,병원,02-3444-6033,서울 강남구 역삼동 630-5,서울 강남구 논현로97길 38,127.03242175,37.5028163887,http://place.map.kakao.com/1120002353
에스에이치의원,1837738269,skin_treatment_hospital,피부시술병원,skin_treatment_hospital|hospital,high,피부레이저|필러,"의료,건강 > 병원 > 일반의원",HP8,병원,02-543-0031,서울 강남구 신사동 574-4,서울 강남구 논현로175길 38,127.0254876349,37.5251278475,http://place.map.kakao.com/1837738269
에스엔브이의원,1363130465,skin_treatment_hospital,피부시술병원,skin_treatment_hospital|hospital,confirmed,kakao_category:피부과|리프팅|써마지|울쎄라|피부과|필러,"의료,건강 > 병원 > 피부과",HP8,병원,0502-5550-7961,서울 강남구 청담동 80-15,서울 강남구 선릉로162길 49,127.0446023031,37.5262024772,http://place.map.kakao.com/1363130465
에스엔유김방순피부과의원,1462219010,skin_treatment_hospital,피부시술병원,skin_treatment_hospital|hospital,confirmed,kakao_category:피부과|피부과,"의료,건강 > 병원 > 피부과",HP8,병원,02-3444-3939,서울 강남구 신사동 639,서울 강남구 압구정로 314,127.0357952618,37.5287030521,http://place.map.kakao.com/1462219010
에스여성의원,9240390,skin_treatment_hospital,피부시술병원,skin_treatment_hospital|hospital,high,제모|피부레이저|필러,"의료,건강 > 병원 > 일반의원",HP8,병원,02-567-8663,서울 강남구 역삼동 648-26,서울 강남구 테헤란로 121,127.031063215,37.4994163574,http://place.map.kakao.com/9240390
에스원성형외과의원,18682180,skin_treatment_hospital,피부시술병원,skin_treatment_hospital|hospital,high,보톡스|피부레이저,"의료,건강 > 병원 > 성형외과",HP8,병원,02-546-8859,서울 강남구 신사동 576-5,서울 강남구 압구정로28길 22-5,127.0271822444,37.5250148444,http://place.map.kakao.com/18682180
에스티성형외과의원,22615439,skin_treatment_hospital,피부시술병원,skin_treatment_hospital|hospital,medium,필러,"의료,건강 > 병원 > 성형외과",HP8,병원,02-517-0015,서울 강남구 신사동 590,서울 강남구 논현로 816,127.028506653,37.5212195093,http://place.map.kakao.com/22615439
에어리어88성형외과&피부과,1189845992,skin_treatment_hospital,피부시술병원,skin_treatment_hospital|hospital,high,리프팅|피부과,"의료,건강 > 병원 > 성형외과",HP8,병원,02-511-7000,서울 강남구 논현동 235-9,서울 강남구 봉은사로 209,127.0350128577,37.507932458,http://place.map.kakao.com/1189845992
에이든의원,127026772,skin_treatment_hospital,피부시술병원,skin_treatment_hospital|hospital,confirmed,kakao_category:피부과|리프팅|보톡스|피부과|필러,"의료,건강 > 병원 > 피부과",HP8,병원,010-9893-0601,서울 강남구 청담동 91,서울 강남구 도산대로57길 8,127.0414425948,37.5241376302,http://place.map.kakao.com/127026772
에이브의원,1781791905,skin_treatment_hospital,피부시술병원,skin_treatment_hospital|hospital,confirmed,kakao_category:피부과|리프팅|보톡스|써마지|울쎄라|제모|피부과|필러,"의료,건강 > 병원 > 피부과",HP8,병원,02-543-7501,서울 강남구 신사동 514-2,서울 강남구 도산대로 119,127.0214659781,37.5173259621,http://place.map.kakao.com/1781791905
에이블룸성형외과의원,1358763924,skin_treatment_hospital,피부시술병원,skin_treatment_hospital|hospital,high,리프팅|보톡스|써마지,"의료,건강 > 병원 > 성형외과",HP8,병원,02-6332-3600,서울 강남구 신사동 646-2,서울 강남구 언주로164길 29,127.0360393141,37.5256972354,http://place.map.kakao.com/1358763924
에이블리성형외과의원,1461307915,skin_treatment_hospital,피부시술병원,skin_treatment_hospital|hospital,high,리프팅|피부레이저,"의료,건강 > 병원 > 성형외과",HP8,병원,02-552-5002,서울 강남구 논현동 49-17,서울 강남구 강남대로 562,127.0212507288,37.512174962,http://place.map.kakao.com/1461307915
에이스성형외과의원,12701831,skin_treatment_hospital,피부시술병원,skin_treatment_hospital|hospital,high,보톡스|피부레이저|필러,"의료,건강 > 병원 > 성형외과",HP8,병원,02-553-7575,서울 강남구 논현동 118-15,서울 강남구 학동로 335,127.0396502886,37.5169878862,http://place.map.kakao.com/12701831
에이엘의원,1958326521,skin_treatment_hospital,피부시술병원,skin_treatment_hospital|hospital,confirmed,kakao_category:피부과|리프팅|보톡스|울쎄라|피부과|피부레이저,"의료,건강 > 병원 > 피부과",HP8,병원,02-6380-3560,서울 강남구 청담동 2-6,서울 강남구 도산대로 410,127.0404803952,37.5229747697,http://place.map.kakao.com/1958326521
에이징엘성형외과,406618456,skin_treatment_hospital,피부시술병원,skin_treatment_hospital|hospital,high,리프팅|보톡스,"의료,건강 > 병원 > 성형외과",HP8,병원,02-6010-8000,서울 강남구 청담동 40-2,서울 강남구 선릉로 720,127.0408583613,37.5190660892,http://place.map.kakao.com/406618456
에이치에스의원,427844349,skin_treatment_hospital,피부시술병원,skin_treatment_hospital|hospital,confirmed,kakao_category:피부과|리프팅|보톡스|써마지|울쎄라|피부과,"의료,건강 > 병원 > 피부과",HP8,병원,02-2088-7988,서울 강남구 논현동 66-24,서울 강남구 논현로 742,127.0292215706,37.5182901736,http://place.map.kakao.com/427844349
에이치투오의원,22539185,skin_treatment_hospital,피부시술병원,skin_treatment_hospital|hospital,high,써마지|필러,"의료,건강 > 병원 > 일반의원",HP8,병원,02-593-5670,서울 강남구 신사동 666-10,서울 강남구 선릉로 803,127.038960498,37.5239231354,http://place.map.kakao.com/22539185
에이탑뷰티클리닉,1374922080,skin_treatment_hospital,피부시술병원,skin_treatment_hospital|hospital,confirmed,kakao_category:피부과|피부과,"의료,건강 > 병원 > 피부과",HP8,병원,02-555-0410,서울 강남구 역삼동 822-1,서울 강남구 테헤란로 105,127.0285466719,37.4985790565,http://place.map.kakao.com/1374922080
에이탑성형외과의원,1131682358,skin_treatment_hospital,피부시술병원,skin_treatment_hospital|hospital,high,리프팅|피부레이저|필러,"의료,건강 > 병원 > 성형외과",HP8,병원,02-555-0410,서울 강남구 역삼동 819,서울 강남구 강남대로94길 10,127.0282268663,37.4991954216,http://place.map.kakao.com/1131682358
에이트성형외과의원,19512405,skin_treatment_hospital,피부시술병원,skin_treatment_hospital|hospital,medium,리프팅,"의료,건강 > 병원 > 성형외과",HP8,병원,1855-0858,서울 강남구 신사동 592-2,서울 강남구 논현로 828,127.028495798,37.5224214496,http://place.map.kakao.com/19512405
에이펙스성형외과,26167604,skin_treatment_hospital,피부시술병원,skin_treatment_hospital|hospital,high,리프팅|보톡스,"의료,건강 > 병원 > 성형외과",HP8,병원,02-3453-7907,서울 강남구 역삼동 646-7,서울 강남구 테헤란로 139-1,127.0344563673,37.5004831086,http://place.map.kakao.com/26167604
에젤피부과의원,996245404,skin_treatment_hospital,피부시술병원,skin_treatment_hospital|hospital,confirmed,kakao_category:피부과|리프팅|여드름|울쎄라|피부과|피부레이저,"의료,건강 > 병원 > 피부과",HP8,병원,02-544-5300,서울 강남구 청담동 80-10,서울 강남구 압구정로 436,127.0446239951,37.5265340378,http://place.map.kakao.com/996245404
에프아이성형외과의원,410792539,skin_treatment_hospital,피부시술병원,skin_treatment_hospital|hospital,high,리프팅|보톡스|피부레이저|필러,"의료,건강 > 병원 > 성형외과",HP8,병원,02-543-4766,서울 강남구 신사동 579,서울 강남구 압구정로 156,127.0267662969,37.5260258638,http://place.map.kakao.com/410792539
에픽성형외과의원,1875664710,skin_treatment_hospital,피부시술병원,skin_treatment_hospital|hospital,medium,리프팅,"의료,건강 > 병원 > 성형외과",HP8,병원,02-546-8880,서울 강남구 신사동 501,서울 강남구 강남대로 616,127.019799659,37.5168568304,http://place.map.kakao.com/1875664710
에필성형외과의원,15112258,skin_treatment_hospital,피부시술병원,skin_treatment_hospital|hospital,medium,리프팅,"의료,건강 > 병원 > 성형외과",HP8,병원,053-253-9977,서울 강남구 논현동 4,서울 강남구 도산대로 122,127.0221253012,37.5168456056,http://place.map.kakao.com/15112258
엑스오성형외과의원,1646813683,skin_treatment_hospital,피부시술병원,skin_treatment_hospital|hospital,high,리프팅|피부레이저,"의료,건강 > 병원 > 성형외과",HP8,병원,02-518-7780,서울 강남구 신사동 514-2,서울 강남구 도산대로 119,127.0214659781,37.5173259621,http://place.map.kakao.com/1646813683
엔디어트의원,258615968,skin_treatment_hospital,피부시술병원,skin_treatment_hospital|hospital,confirmed,kakao_category:피부과|보톡스|피부과,"의료,건강 > 병원 > 피부과",HP8,병원,02-6958-6390,서울 강남구 신사동 567-22,서울 강남구 압구정로28길 48,127.0274520176,37.5233740566,http://place.map.kakao.com/258615968
엔비성형외과의원,8002940,skin_treatment_hospital,피부시술병원,skin_treatment_hospital|hospital,high,리프팅|보톡스|여드름|피부레이저|필러,"의료,건강 > 병원 > 성형외과",HP8,병원,02-3446-7575,서울 강남구 신사동 501-2,서울 강남구 도산대로 107,127.0201616129,37.5168036099,http://place.map.kakao.com/8002940
엔비유의원,892243652,skin_treatment_hospital,피부시술병원,skin_treatment_hospital|hospital,high,리프팅|보톡스|울쎄라|피부레이저|필러,"의료,건강 > 병원 > 성형외과",HP8,병원,02-323-3993,서울 강남구 신사동 660-18,서울 강남구 압구정로46길 5-2,127.0368674355,37.528039585,http://place.map.kakao.com/892243652
엔슬림의원,9226584,skin_treatment_hospital,피부시술병원,skin_treatment_hospital|hospital,high,리프팅|필러,"의료,건강 > 병원 > 일반의원",HP8,병원,02-6402-4500,서울 강남구 역삼동 735-32,서울 강남구 테헤란로20길 10,127.0342295512,37.4990911201,http://place.map.kakao.com/9226584
엔젤미의원,26901304,skin_treatment_hospital,피부시술병원,skin_treatment_hospital|hospital,confirmed,kakao_category:피부과|리프팅|보톡스|써마지|여드름|울쎄라|피부과|피부레이저|필러,"의료,건강 > 병원 > 피부과",HP8,병원,1661-8830,서울 강남구 신사동 610-5,서울 강남구 논현로 868,127.0288818278,37.5260794256,http://place.map.kakao.com/26901304
엘레멘트피부과의원,1320515657,skin_treatment_hospital,피부시술병원,skin_treatment_hospital|hospital,confirmed,kakao_category:피부과|보톡스|써마지|여드름|울쎄라|피부과|피부레이저|필러,"의료,건강 > 병원 > 피부과",HP8,병원,02-511-0506,서울 강남구 청담동 87-11,서울 강남구 도산대로 417,127.0411324435,37.5237989617,http://place.map.kakao.com/1320515657
엘레브의원,1190794736,skin_treatment_hospital,피부시술병원,skin_treatment_hospital|hospital,confirmed,kakao_category:피부과|리프팅|보톡스|써마지|울쎄라|제모|피부과|피부레이저|필러,"의료,건강 > 병원 > 피부과",HP8,병원,02-547-5470,서울 강남구 신사동 666-16,서울 강남구 도산대로 333,127.038381005,37.5233583966,http://place.map.kakao.com/1190794736
엘르성형외과,25924277,skin_treatment_hospital,피부시술병원,skin_treatment_hospital|hospital,medium,피부레이저,"의료,건강 > 병원 > 성형외과",HP8,병원,02-3446-7377,서울 강남구 신사동 583-3,서울 강남구 논현로 841,127.0279104583,37.5241389002,http://place.map.kakao.com/25924277
엘브이성형외과의원,1650207977,skin_treatment_hospital,피부시술병원,skin_treatment_hospital|hospital,high,리프팅|보톡스|써마지|여드름|울쎄라|피부레이저|필러,"의료,건강 > 병원 > 성형외과",HP8,병원,02-540-8972,서울 강남구 신사동 501-2,서울 강남구 도산대로 107,127.0201073117,37.5167810941,http://place.map.kakao.com/1650207977
엘스타의원,994605053,skin_treatment_hospital,피부시술병원,skin_treatment_hospital|hospital,confirmed,kakao_category:피부과|피부과,"의료,건강 > 병원 > 피부과",HP8,병원,02-568-5999,서울 강남구 도곡동 952-9,서울 강남구 강남대로 250,127.0338944897,37.4858707376,http://place.map.kakao.com/994605053
엠레드의원,291856368,skin_treatment_hospital,피부시술병원,skin_treatment_hospital|hospital,confirmed,kakao_category:피부과|리프팅|보톡스|써마지|울쎄라|피부과|피부레이저|필러,"의료,건강 > 병원 > 피부과",HP8,병원,02-543-3110,서울 강남구 청담동 31-10,서울 강남구 삼성로 731,127.0487144302,37.520802046,http://place.map.kakao.com/291856368
엠레드의원 신관,1835463756,skin_treatment_hospital,피부시술병원,skin_treatment_hospital|hospital,confirmed,kakao_category:피부과|리프팅|보톡스|써마지|울쎄라|피부과,"의료,건강 > 병원 > 피부과",HP8,병원,02-543-3110,서울 강남구 청담동 31-12,서울 강남구 삼성로 725,127.0490715089,37.5202162463,http://place.map.kakao.com/1835463756
엠엑스의원,16036744,skin_treatment_hospital,피부시술병원,skin_treatment_hospital|hospital,medium,피부과,"의료,건강 > 병원 > 일반의원",HP8,병원,02-564-8222,서울 강남구 대치동 936-18,서울 강남구 선릉로62길 19,127.05403705,37.4976511203,http://place.map.kakao.com/16036744
역삼 밴스피부과의원,784033693,skin_treatment_hospital,피부시술병원,skin_treatment_hospital|hospital,confirmed,kakao_category:피부과|보톡스|피부과|필러,"의료,건강 > 병원 > 피부과",HP8,병원,02-6956-0363,서울 강남구 역삼동 824-19,서울 강남구 테헤란로 116,127.0305313176,37.4984821526,http://place.map.kakao.com/784033693
연세SL의원,10061443,skin_treatment_hospital,피부시술병원,skin_treatment_hospital|hospital,high,리프팅|써마지|피부레이저|필러,"의료,건강 > 병원 > 일반의원",HP8,병원,02-3443-4888,서울 강남구 신사동 585,서울 강남구 논현로 833,127.0279178809,37.5228072168,http://place.map.kakao.com/10061443
연세YB의원,20459977,skin_treatment_hospital,피부시술병원,skin_treatment_hospital|hospital,high,리프팅|울쎄라|피부레이저|필러,"의료,건강 > 병원 > 성형외과",HP8,병원,02-6207-0078,서울 강남구 신사동 648-9,서울 강남구 도산대로49길 17,127.0370148428,37.5241400018,http://place.map.kakao.com/20459977
연세다인성형외과의원,884925524,skin_treatment_hospital,피부시술병원,skin_treatment_hospital|hospital,medium,필러,"의료,건강 > 병원 > 성형외과",HP8,병원,02-540-2900,서울 강남구 신사동 582-3,서울 강남구 압구정로28길 25,127.027839444,37.5248254808,http://place.map.kakao.com/884925524
연세라미슈의원,14855535,skin_treatment_hospital,피부시술병원,skin_treatment_hospital|hospital,confirmed,kakao_category:피부과|리프팅|보톡스|여드름|울쎄라|피부과|피부레이저|필러,"의료,건강 > 병원 > 피부과",HP8,병원,02-571-5657,서울 강남구 도곡동 957-14,서울 강남구 남부순환로 2609,127.0350959805,37.4849612694,http://place.map.kakao.com/14855535
연세라인업의원,10660705,skin_treatment_hospital,피부시술병원,skin_treatment_hospital|hospital,confirmed,kakao_category:피부과|리프팅|여드름|제모|피부과|피부레이저|필러,"의료,건강 > 병원 > 피부과",HP8,병원,02-553-8070,서울 강남구 역삼동 719-4,서울 강남구 테헤란로 222,127.0407674466,37.501656912,http://place.map.kakao.com/10660705
연세라인의원,19615891,skin_treatment_hospital,피부시술병원,skin_treatment_hospital|hospital,high,리프팅|보톡스|여드름|울쎄라|피부레이저|필러,"의료,건강 > 병원 > 일반의원",HP8,병원,02-563-2060,서울 강남구 역삼동 821-1,서울 강남구 테헤란로 101,127.0280739896,37.4986413392,http://place.map.kakao.com/19615891
연세라헨느의원,7998455,skin_treatment_hospital,피부시술병원,skin_treatment_hospital|hospital,confirmed,kakao_category:피부과|여드름|피부과|피부레이저,"의료,건강 > 병원 > 피부과",HP8,병원,02-553-5335,서울 강남구 삼성동 158-10,서울 강남구 테헤란로87길 17,127.0583384682,37.5087963147,http://place.map.kakao.com/7998455
연세루다의원,1649811591,skin_treatment_hospital,피부시술병원,skin_treatment_hospital|hospital,high,보톡스|필러,"의료,건강 > 병원 > 성형외과",HP8,병원,1644-3257,서울 강남구 신사동 524-17,서울 강남구 압구정로10길 32,127.0219264691,37.5215668993,http://place.map.kakao.com/1649811591
연세리움의원,456403532,skin_treatment_hospital,피부시술병원,skin_treatment_hospital|hospital,high,리프팅|보톡스|필러,"의료,건강 > 병원 > 일반의원",HP8,병원,02-553-4575,서울 강남구 대치동 984-12,서울 강남구 도곡로 541,127.0665789891,37.5009811432,http://place.map.kakao.com/456403532
연세마이피부과 삼성점,7863955,skin_treatment_hospital,피부시술병원,skin_treatment_hospital|hospital,confirmed,kakao_category:피부과|여드름|피부과,"의료,건강 > 병원 > 피부과",HP8,병원,02-3453-7500,서울 강남구 삼성동 158-12,서울 강남구 테헤란로87길 13,127.0586097882,37.5086339995,http://place.map.kakao.com/7863955
연세모나의원,1653343404,skin_treatment_hospital,피부시술병원,skin_treatment_hospital|hospital,confirmed,kakao_category:피부과|피부과,"의료,건강 > 병원 > 피부과",HP8,병원,02-6204-5858,서울 강남구 역삼동 816-3,서울 강남구 강남대로 416,127.0271572684,37.4997984455,http://place.map.kakao.com/1653343404
연세모에버의원,1988594002,skin_treatment_hospital,피부시술병원,skin_treatment_hospital|hospital,medium,보톡스,"의료,건강 > 병원 > 일반의원",HP8,병원,02-540-7588,서울 강남구 논현동 1-1,서울 강남구 도산대로 104,127.0203378734,37.5160710638,http://place.map.kakao.com/1988594002
연세미타임 피부과의원,16055136,skin_treatment_hospital,피부시술병원,skin_treatment_hospital|hospital,confirmed,kakao_category:피부과|리프팅|보톡스|써마지|여드름|피부과|피부레이저,"의료,건강 > 병원 > 피부과",HP8,병원,02-508-5881,서울 강남구 역삼동 825-9,서울 강남구 강남대로 378,127.0286872978,37.4966616807,http://place.map.kakao.com/16055136
연세베러의원,428391,skin_treatment_hospital,피부시술병원,skin_treatment_hospital|hospital,confirmed,kakao_category:피부과|리프팅|써마지|여드름|울쎄라|피부과|피부레이저,"의료,건강 > 병원 > 피부과",HP8,병원,02-538-2122,서울 강남구 역삼동 736-55,서울 강남구 테헤란로26길 10,127.035835665,37.4996366536,http://place.map.kakao.com/428391
연세뷰티의원,17606441,skin_treatment_hospital,피부시술병원,skin_treatment_hospital|hospital,medium,보톡스,"의료,건강 > 병원 > 성형외과",HP8,병원,02-777-0000,서울 강남구 신사동 575,서울 강남구 압구정로 152,127.0259616487,37.5254816579,http://place.map.kakao.com/17606441
연세새봄의원,12632933,skin_treatment_hospital,피부시술병원,skin_treatment_hospital|hospital,medium,리프팅,"의료,건강 > 병원 > 일반의원",HP8,병원,02-3395-0999,서울 강남구 논현동 93-2,서울 강남구 도산대로 328,127.037975528,37.522391752,http://place.map.kakao.com/12632933
연세선우의원,11099907,skin_treatment_hospital,피부시술병원,skin_treatment_hospital|hospital,medium,피부레이저,"의료,건강 > 병원 > 일반의원",HP8,병원,02-563-1469,서울 강남구 삼성동 52-3,서울 강남구 학동로 504,127.0510433129,37.5187323596,http://place.map.kakao.com/11099907
연세아르미안의원,20949057,skin_treatment_hospital,피부시술병원,skin_treatment_hospital|hospital,confirmed,kakao_category:피부과|리프팅|보톡스|피부과|피부레이저|필러,"의료,건강 > 병원 > 피부과",HP8,병원,1544-3132,서울 강남구 청담동 46-19,서울 강남구 학동로 433,127.0483126633,37.5187569342,http://place.map.kakao.com/20949057
연세아이즈성형외과의원,1775426234,skin_treatment_hospital,피부시술병원,skin_treatment_hospital|hospital,medium,보톡스,"의료,건강 > 병원 > 성형외과",HP8,병원,02-3482-8500,서울 강남구 신사동 579-3,서울 강남구 압구정로 162,127.0274677997,37.5263086174,http://place.map.kakao.com/1775426234
연세에스의원,9250431,skin_treatment_hospital,피부시술병원,skin_treatment_hospital|hospital,medium,피부레이저,"의료,건강 > 병원 > 일반의원",HP8,병원,02-2156-8800,서울 강남구 논현동 58-3,서울 강남구 학동로 171,127.0295727825,37.5139472487,http://place.map.kakao.com/9250431
연세유피성형외과의원,11104478,skin_treatment_hospital,피부시술병원,skin_treatment_hospital|hospital,high,리프팅|보톡스|피부레이저|필러,"의료,건강 > 병원 > 성형외과",HP8,병원,02-517-2911,서울 강남구 신사동 579-6,서울 강남구 논현로175길 18,127.0271067829,37.525937488,http://place.map.kakao.com/11104478
연세이미지라인의원,26488845,skin_treatment_hospital,피부시술병원,skin_treatment_hospital|hospital,high,보톡스|필러,"의료,건강 > 병원 > 성형외과",HP8,병원,02-515-3379,서울 강남구 신사동 662-18,서울 강남구 압구정로54길 16,127.0392742571,37.5268458826,http://place.map.kakao.com/26488845
연세이앤비 성형외과의원,9903460,skin_treatment_hospital,피부시술병원,skin_treatment_hospital|hospital,high,리프팅|보톡스|필러,"의료,건강 > 병원 > 성형외과",HP8,병원,02-514-2252,서울 강남구 신사동 599,서울 강남구 논현로 842,127.0287203868,37.5239981497,http://place.map.kakao.com/9903460
연세진성형외과의원,9229577,skin_treatment_hospital,피부시술병원,skin_treatment_hospital|hospital,high,리프팅|보톡스|필러,"의료,건강 > 병원 > 성형외과",HP8,병원,02-541-9551,서울 강남구 논현동 17-5,서울 강남구 강남대로 596,127.0203873426,37.5149646227,http://place.map.kakao.com/9229577
연의원,1786625659,skin_treatment_hospital,피부시술병원,skin_treatment_hospital|hospital,high,보톡스|필러,"의료,건강 > 병원 > 일반의원",HP8,병원,02-545-9009,서울 강남구 논현동 202-16,서울 강남구 봉은사로 119,127.0266820268,37.5054055123,http://place.map.kakao.com/1786625659
영앤영성형외과의원,21878077,skin_treatment_hospital,피부시술병원,skin_treatment_hospital|hospital,high,리프팅|보톡스,"의료,건강 > 병원 > 성형외과",HP8,병원,02-535-1114,서울 강남구 신사동 584-3,서울 강남구 논현로 837,127.0279780311,37.523327982,http://place.map.kakao.com/21878077
예라인의원 압구정점,998588887,skin_treatment_hospital,피부시술병원,skin_treatment_hospital|hospital,confirmed,kakao_category:피부과|리프팅|보톡스|써마지|피부과|필러,"의료,건강 > 병원 > 피부과",HP8,병원,02-6951-0071,서울 강남구 신사동 590-23,서울 강남구 논현로 812,127.028461351,37.5210789638,http://place.map.kakao.com/998588887
예롬성형외과의원,10629024,skin_treatment_hospital,피부시술병원,skin_treatment_hospital|hospital,high,리프팅|보톡스|필러,"의료,건강 > 병원 > 성형외과",HP8,병원,02-545-1984,서울 강남구 신사동 581,서울 강남구 논현로175길 7,127.0279247803,37.5261427259,http://place.map.kakao.com/10629024
예미원피부과의원,8014892,skin_treatment_hospital,피부시술병원,skin_treatment_hospital|hospital,confirmed,kakao_category:피부과|리프팅|보톡스|써마지|피부과|피부레이저|필러,"의료,건강 > 병원 > 피부과",HP8,병원,02-555-7277,서울 강남구 대치동 651,서울 강남구 남부순환로 2909,127.0573802105,37.4921786306,http://place.map.kakao.com/8014892
예뻐진의원,282777389,skin_treatment_hospital,피부시술병원,skin_treatment_hospital|hospital,high,리프팅|보톡스|피부레이저|필러,"의료,건강 > 병원 > 일반의원",HP8,병원,1800-2905,서울 강남구 신사동 584-1,서울 강남구 압구정로28길 49,127.0276929429,37.5232911081,http://place.map.kakao.com/282777389
예쁜얼굴의원,1171702127,skin_treatment_hospital,피부시술병원,skin_treatment_hospital|hospital,high,리프팅|써마지|여드름|울쎄라|피부레이저|필러,"의료,건강 > 병원 > 성형외과",HP8,병원,02-511-0411,서울 강남구 논현동 49-17,서울 강남구 강남대로 562,127.021239407,37.5121362209,http://place.map.kakao.com/1171702127
예쁨주의쁨의원 신논현점,1538525173,skin_treatment_hospital,피부시술병원,skin_treatment_hospital|hospital,confirmed,kakao_category:피부과|보톡스|피부과|필러,"의료,건강 > 병원 > 피부과",HP8,병원,02-593-3344,서울 강남구 역삼동 808,서울 강남구 강남대로 470,127.0250440196,37.5043534967,http://place.map.kakao.com/1538525173
예사랑피부과의원,9317915,skin_treatment_hospital,피부시술병원,skin_treatment_hospital|hospital,confirmed,kakao_category:피부과|여드름|피부과|피부레이저,"의료,건강 > 병원 > 피부과",HP8,병원,02-445-7075,서울 강남구 개포동 12-4,서울 강남구 개포로 615,127.0755092879,37.492618938,http://place.map.kakao.com/9317915
예스미클리닉의원,11825165,skin_treatment_hospital,피부시술병원,skin_treatment_hospital|hospital,confirmed,kakao_category:피부과|피부과|피부레이저,"의료,건강 > 병원 > 피부과",HP8,병원,02-518-7300,서울 강남구 신사동 612-1,서울 강남구 논현로176길 14,127.029875499,37.5270792906,http://place.map.kakao.com/11825165
예인피부과의원 선릉점,12553420,skin_treatment_hospital,피부시술병원,skin_treatment_hospital|hospital,confirmed,kakao_category:피부과|여드름|피부과,"의료,건강 > 병원 > 피부과",HP8,병원,080-557-4476,서울 강남구 삼성동 141-19,서울 강남구 선릉로 510,127.0489711702,37.5051533014,http://place.map.kakao.com/12553420
예젤의원,107456476,skin_treatment_hospital,피부시술병원,skin_treatment_hospital|hospital,confirmed,kakao_category:피부과|리프팅|보톡스|써마지|여드름|울쎄라|피부과|피부레이저|필러,"의료,건강 > 병원 > 피부과",HP8,병원,02-515-7409,서울 강남구 역삼동 689-4,서울 강남구 언주로 538,127.0412077163,37.5063933449,http://place.map.kakao.com/107456476
예지인피부과의원,10639095,skin_treatment_hospital,피부시술병원,skin_treatment_hospital|hospital,confirmed,kakao_category:피부과|리프팅|써마지|여드름|피부과|피부레이저,"의료,건강 > 병원 > 피부과",HP8,병원,02-501-6885,서울 강남구 역삼동 696-43,서울 강남구 선릉로 517,127.0481617566,37.5057194655,http://place.map.kakao.com/10639095
예진성형외과의원,18554250,skin_treatment_hospital,피부시술병원,skin_treatment_hospital|hospital,high,리프팅|보톡스|필러,"의료,건강 > 병원 > 성형외과",HP8,병원,02-514-9700,서울 강남구 신사동 626-23,서울 강남구 논현로168길 37,127.0313299207,37.5233307445,http://place.map.kakao.com/18554250
예피다의원,830186880,skin_treatment_hospital,피부시술병원,skin_treatment_hospital|hospital,confirmed,kakao_category:피부과|리프팅|보톡스|써마지|여드름|피부과,"의료,건강 > 병원 > 피부과",HP8,병원,0503-7154-2353,서울 강남구 신사동 502-6,서울 강남구 강남대로 624,127.0195012037,37.5175038005,http://place.map.kakao.com/830186880
옐로우성형외과의원,415797302,skin_treatment_hospital,피부시술병원,skin_treatment_hospital|hospital,high,리프팅|필러,"의료,건강 > 병원 > 성형외과",HP8,병원,02-553-7787,서울 강남구 역삼동 820-9,서울 강남구 강남대로 406,127.0276319301,37.4989477856,http://place.map.kakao.com/415797302
오가나셀 피부과의원,66046295,skin_treatment_hospital,피부시술병원,skin_treatment_hospital|hospital,confirmed,kakao_category:피부과|리프팅|보톡스|써마지|여드름|울쎄라|제모|피부과|피부레이저|필러,"의료,건강 > 병원 > 피부과",HP8,병원,02-542-8885,서울 강남구 청담동 3,서울 강남구 도산대로 420,127.0420744172,37.5231544131,http://place.map.kakao.com/66046295
오네토셀슬림의원,479451307,skin_treatment_hospital,피부시술병원,skin_treatment_hospital|hospital,medium,보톡스,"의료,건강 > 병원 > 가정의학과",HP8,병원,02-6403-1871,서울 강남구 신사동 564-4,서울 강남구 논현로155길 9,127.027291905,37.5217090408,http://place.map.kakao.com/479451307
오늘성형외과의원,11373494,skin_treatment_hospital,피부시술병원,skin_treatment_hospital|hospital,high,리프팅|보톡스|써마지|울쎄라|필러,"의료,건강 > 병원 > 성형외과",HP8,병원,02-533-3313,서울 강남구 논현동 17-5,서울 강남구 강남대로 596,127.0203703914,37.5150222899,http://place.map.kakao.com/11373494
오늘안피부과의원,1000506005,skin_treatment_hospital,피부시술병원,skin_treatment_hospital|hospital,confirmed,kakao_category:피부과|리프팅|보톡스|써마지|여드름|울쎄라|피부과|피부레이저|필러,"의료,건강 > 병원 > 피부과",HP8,병원,02-517-9881,서울 강남구 신사동 648-10,서울 강남구 도산대로49길 17,127.0370102804,37.5240643191,http://place.map.kakao.com/1000506005
오드의원,1226144054,skin_treatment_hospital,피부시술병원,skin_treatment_hospital|hospital,confirmed,kakao_category:피부과|리프팅|보톡스|써마지|울쎄라|피부과|피부레이저|필러,"의료,건강 > 병원 > 피부과",HP8,병원,02-569-0222,서울 강남구 역삼동 831-17,서울 강남구 강남대로 340,127.0303280251,37.4935437872,http://place.map.kakao.com/1226144054
오라클피부과의원 대치점,11971971,skin_treatment_hospital,피부시술병원,skin_treatment_hospital|hospital,confirmed,kakao_category:피부과|리프팅|보톡스|여드름|피부과|필러,"의료,건강 > 병원 > 피부과",HP8,병원,02-501-4818,서울 강남구 역삼동 756-16,서울 강남구 선릉로 319,127.0516896094,37.4979792361,http://place.map.kakao.com/11971971
오로라의원,11353575,skin_treatment_hospital,피부시술병원,skin_treatment_hospital|hospital,high,리프팅|보톡스|여드름|피부레이저|필러,"의료,건강 > 병원 > 일반의원",HP8,병원,1577-2968,서울 강남구 논현동 211-20,서울 강남구 언주로 647,127.034946857,37.5143485297,http://place.map.kakao.com/11353575
오르세윤의원,749142016,skin_treatment_hospital,피부시술병원,skin_treatment_hospital|hospital,confirmed,kakao_category:피부과|리프팅|보톡스|써마지|여드름|울쎄라|피부과|피부레이저|필러,"의료,건강 > 병원 > 피부과",HP8,병원,02-3444-5113,서울 강남구 청담동 99-23,서울 강남구 압구정로 444,127.0455854078,37.5262228249,http://place.map.kakao.com/749142016
오메가성형외과의원,24345687,skin_treatment_hospital,피부시술병원,skin_treatment_hospital|hospital,high,리프팅|보톡스|피부레이저|필러,"의료,건강 > 병원 > 성형외과",HP8,병원,02-3444-3333,서울 강남구 신사동 570-4,서울 강남구 논현로167길 13,127.0269976494,37.5244670773,http://place.map.kakao.com/24345687
오브제성형외과의원,1105695116,skin_treatment_hospital,피부시술병원,skin_treatment_hospital|hospital,high,리프팅|필러,"의료,건강 > 병원 > 성형외과",HP8,병원,02-3447-7576,서울 강남구 역삼동 824-17,서울 강남구 테헤란로4길 5,127.0300086317,37.4979263656,http://place.map.kakao.com/1105695116
오블리성형외과의원,54561944,skin_treatment_hospital,피부시술병원,skin_treatment_hospital|hospital,medium,필러,"의료,건강 > 병원 > 성형외과",HP8,병원,02-556-5700,서울 강남구 역삼동 822-1,서울 강남구 테헤란로 105,127.0285297273,37.4986277149,http://place.map.kakao.com/54561944
오빗의원,1853324259,skin_treatment_hospital,피부시술병원,skin_treatment_hospital|hospital,confirmed,kakao_category:피부과|리프팅|보톡스|여드름|피부과|피부레이저|필러,"의료,건강 > 병원 > 피부과",HP8,병원,02-517-8004,서울 강남구 신사동 580-5,서울 강남구 논현로175길 6,127.0277619386,37.5263157567,http://place.map.kakao.com/1853324259
오셀의원,2016318728,skin_treatment_hospital,피부시술병원,skin_treatment_hospital|hospital,confirmed,kakao_category:피부과|리프팅|보톡스|여드름|피부과|피부레이저,"의료,건강 > 병원 > 피부과",HP8,병원,02-516-1255,서울 강남구 논현동 106,서울 강남구 언주로 720,127.0358953826,37.5180738952,http://place.map.kakao.com/2016318728
오수진피부과의원,2011622915,skin_treatment_hospital,피부시술병원,skin_treatment_hospital|hospital,confirmed,kakao_category:피부과|리프팅|보톡스|여드름|울쎄라|피부과|피부레이저|필러,"의료,건강 > 병원 > 피부과",HP8,병원,02-3446-7795,서울 강남구 논현동 3-2,서울 강남구 도산대로 120,127.0218809412,37.5167375307,http://place.map.kakao.com/2011622915
오스킨성형외과의원,1938183923,skin_treatment_hospital,피부시술병원,skin_treatment_hospital|hospital,high,리프팅|보톡스|울쎄라|피부레이저|필러,"의료,건강 > 병원 > 성형외과",HP8,병원,02-555-2324,서울 강남구 삼성동 158-12,서울 강남구 테헤란로87길 13,127.0585962046,37.5086195902,http://place.map.kakao.com/1938183923
오썸성형외과의원,1734816327,skin_treatment_hospital,피부시술병원,skin_treatment_hospital|hospital,high,보톡스|필러,"의료,건강 > 병원 > 성형외과",HP8,병원,02-563-8777,서울 강남구 역삼동 822-2,서울 강남구 테헤란로 107,127.0286609398,37.4987087737,http://place.map.kakao.com/1734816327
오앤의원,987059600,skin_treatment_hospital,피부시술병원,skin_treatment_hospital|hospital,confirmed,kakao_category:피부과|리프팅|보톡스|써마지|여드름|울쎄라|피부과|피부레이저|필러,"의료,건강 > 병원 > 피부과",HP8,병원,02-518-0557,서울 강남구 역삼동 815-4,서울 강남구 강남대로 428,127.0268986944,37.5009148511,http://place.map.kakao.com/987059600
오엘의원,893033235,skin_treatment_hospital,피부시술병원,skin_treatment_hospital|hospital,confirmed,kakao_category:피부과|리프팅|보톡스|피부과|필러,"의료,건강 > 병원 > 피부과",HP8,병원,02-2135-7315,서울 강남구 논현동 158-35,서울 강남구 학동로6길 53,127.0268089279,37.5092158336,http://place.map.kakao.com/893033235
오운의원 삼성,685919110,skin_treatment_hospital,피부시술병원,skin_treatment_hospital|hospital,confirmed,kakao_category:피부과|리프팅|보톡스|써마지|울쎄라|제모|피부과|필러,"의료,건강 > 병원 > 피부과",HP8,병원,02-2016-5000,서울 강남구 삼성동 159,서울 강남구 테헤란로87길 36,127.0585974661,37.5102332887,http://place.map.kakao.com/685919110
오인성형외과의원,9288854,skin_treatment_hospital,피부시술병원,skin_treatment_hospital|hospital,high,리프팅|보톡스,"의료,건강 > 병원 > 성형외과",HP8,병원,02-511-7885,서울 강남구 논현동 89-22,서울 강남구 학동로 219,127.033141882,37.5149833567,http://place.map.kakao.com/9288854
오체안피부과의원 강남본점,445752107,skin_treatment_hospital,피부시술병원,skin_treatment_hospital|hospital,confirmed,kakao_category:피부과|리프팅|보톡스|써마지|여드름|울쎄라|제모|피부과|피부레이저,"의료,건강 > 병원 > 피부과",HP8,병원,02-445-8272,서울 강남구 수서동 715,서울 강남구 광평로 281,127.1030671082,37.4881183026,http://place.map.kakao.com/445752107
오퍼스의원,691708256,skin_treatment_hospital,피부시술병원,skin_treatment_hospital|hospital,confirmed,kakao_category:피부과|리프팅|보톡스|울쎄라|피부과|피부레이저|필러,"의료,건강 > 병원 > 피부과",HP8,병원,02-6203-3830,서울 강남구 신사동 566-31,서울 강남구 도산대로27길 43,127.027391842,37.5227740028,http://place.map.kakao.com/691708256
오프닝성형외과의원,1415875998,skin_treatment_hospital,피부시술병원,skin_treatment_hospital|hospital,medium,필러,"의료,건강 > 병원 > 성형외과",HP8,병원,02-540-2022,서울 강남구 논현동 17-5,서울 강남구 강남대로 596,127.0203488986,37.5150168875,http://place.map.kakao.com/1415875998
온리아이성형외과의원,1255176427,skin_treatment_hospital,피부시술병원,skin_treatment_hospital|hospital,medium,피부레이저,"의료,건강 > 병원 > 성형외과",HP8,병원,1800-6883,서울 강남구 신사동 514-16,서울 강남구 도산대로 121,127.0217352002,37.517348438,http://place.map.kakao.com/1255176427
온리원클리닉의원,294138716,skin_treatment_hospital,피부시술병원,skin_treatment_hospital|hospital,confirmed,kakao_category:피부과|리프팅|써마지|여드름|피부과|피부레이저|필러,"의료,건강 > 병원 > 피부과",HP8,병원,02-554-9020,서울 강남구 대치동 896-16,서울 강남구 선릉로86길 30,127.0522182693,37.5036346176,http://place.map.kakao.com/294138716
온앤위드의원,1137082622,skin_treatment_hospital,피부시술병원,skin_treatment_hospital|hospital,confirmed,kakao_category:피부과|보톡스|피부과|필러,"의료,건강 > 병원 > 피부과",HP8,병원,02-549-8860,서울 강남구 신사동 580-5,서울 강남구 논현로175길 6,127.0279203384,37.5263661754,http://place.map.kakao.com/1137082622
온에어성형외과의원,748701487,skin_treatment_hospital,피부시술병원,skin_treatment_hospital|hospital,high,리프팅|보톡스|피부레이저|필러,"의료,건강 > 병원 > 성형외과",HP8,병원,02-2135-2337,서울 강남구 역삼동 816,서울 강남구 강남대로 422,127.0269833258,37.5003958524,http://place.map.kakao.com/748701487
온우의원,1315509364,skin_treatment_hospital,피부시술병원,skin_treatment_hospital|hospital,medium,필러,"의료,건강 > 병원 > 일반의원",HP8,병원,02-538-1004,서울 강남구 역삼동 615-19,서울 강남구 강남대로110길 29,127.0271542233,37.5038809036,http://place.map.kakao.com/1315509364
온유성형외과의원,874532957,skin_treatment_hospital,피부시술병원,skin_treatment_hospital|hospital,high,리프팅|보톡스,"의료,건강 > 병원 > 성형외과",HP8,병원,02-3448-9979,서울 강남구 신사동 592-2,서울 강남구 논현로 828,127.0285071151,37.5224340609,http://place.map.kakao.com/874532957
올라라의원,1125012391,skin_treatment_hospital,피부시술병원,skin_treatment_hospital|hospital,confirmed,kakao_category:피부과|여드름|울쎄라|피부과|필러,"의료,건강 > 병원 > 피부과",HP8,병원,02-512-0101,서울 강남구 신사동 577-6,서울 강남구 논현로171길 11,127.0274063994,37.5254598877,http://place.map.kakao.com/1125012391
올래성형외과의원,14554959,skin_treatment_hospital,피부시술병원,skin_treatment_hospital|hospital,medium,리프팅,"의료,건강 > 병원 > 성형외과",HP8,병원,02-516-0005,서울 강남구 신사동 609-1,서울 강남구 압구정로30길 23,127.0293772613,37.5258973009,http://place.map.kakao.com/14554959
올로성형외과의원,1112021139,skin_treatment_hospital,피부시술병원,skin_treatment_hospital|hospital,medium,리프팅,"의료,건강 > 병원 > 성형외과",HP8,병원,02-542-8800,서울 강남구 신사동 581-15,서울 강남구 논현로 867,127.0281895169,37.5261814061,http://place.map.kakao.com/1112021139
올리나의원,2009514857,skin_treatment_hospital,피부시술병원,skin_treatment_hospital|hospital,confirmed,kakao_category:피부과|보톡스|피부과|필러,"의료,건강 > 병원 > 피부과",HP8,병원,02-543-9400,서울 강남구 논현동 164-4,서울 강남구 강남대로 514,127.0232130433,37.5081705285,http://place.map.kakao.com/2009514857
올리미의원,911113671,skin_treatment_hospital,피부시술병원,skin_treatment_hospital|hospital,high,보톡스|피부레이저,"의료,건강 > 병원 > 성형외과",HP8,병원,02-548-2299,서울 강남구 신사동 576-7,서울 강남구 압구정로28길 28,127.0275136182,37.524771497,http://place.map.kakao.com/911113671
올리브성형외과의원,9290989,skin_treatment_hospital,피부시술병원,skin_treatment_hospital|hospital,high,리프팅|보톡스|써마지|울쎄라|필러,"의료,건강 > 병원 > 성형외과",HP8,병원,02-516-3323,서울 강남구 역삼동 825-8,서울 강남구 강남대로 376,127.0287720745,37.4965661534,http://place.map.kakao.com/9290989
올리브피부과의원,17698253,skin_treatment_hospital,피부시술병원,skin_treatment_hospital|hospital,confirmed,kakao_category:피부과|피부과|피부레이저,"의료,건강 > 병원 > 피부과",HP8,병원,02-3462-5318,서울 강남구 도곡동 527-3,서울 강남구 선릉로 225,127.0529362994,37.4954495587,http://place.map.kakao.com/17698253
올리팅성형외과의원,1265364312,skin_treatment_hospital,피부시술병원,skin_treatment_hospital|hospital,high,리프팅|보톡스|써마지|울쎄라|피부레이저|필러,"의료,건강 > 병원 > 성형외과",HP8,병원,02-6204-0077,서울 강남구 역삼동 822-2,서울 강남구 테헤란로 107,127.0287536613,37.498681721,http://place.map.kakao.com/1265364312
올핏의원,1902517520,skin_treatment_hospital,피부시술병원,skin_treatment_hospital|hospital,confirmed,kakao_category:피부과|리프팅|보톡스|써마지|울쎄라|제모|피부과|피부레이저|필러,"의료,건강 > 병원 > 피부과",HP8,병원,02-540-0739,서울 강남구 논현동 17-5,서울 강남구 강남대로 596,127.0203545552,37.5150204906,http://place.map.kakao.com/1902517520
올하트성형외과,1600940720,skin_treatment_hospital,피부시술병원,skin_treatment_hospital|hospital,high,리프팅|보톡스|울쎄라|피부레이저|필러,"의료,건강 > 병원 > 성형외과",HP8,병원,02-515-7789,서울 강남구 신사동 577-7,서울 강남구 압구정로28길 22,127.0276031767,37.5252823444,http://place.map.kakao.com/1600940720
와우성형외과의원,99461207,skin_treatment_hospital,피부시술병원,skin_treatment_hospital|hospital,high,리프팅|보톡스|여드름|제모|피부레이저|필러,"의료,건강 > 병원 > 성형외과",HP8,병원,02-541-1990,서울 강남구 역삼동 821,서울 강남구 테헤란로 101,127.0280773883,37.4986575565,http://place.map.kakao.com/99461207
와이영성형외과의원,662874934,skin_treatment_hospital,피부시술병원,skin_treatment_hospital|hospital,medium,보톡스,"의료,건강 > 병원 > 성형외과",HP8,병원,02-568-7625,서울 강남구 역삼동 820-9,서울 강남구 강남대로 406,127.0276375709,37.498910843,http://place.map.kakao.com/662874934
우리성형외과,19194469,skin_treatment_hospital,피부시술병원,skin_treatment_hospital|hospital,high,리프팅|보톡스|울쎄라|피부레이저|필러,"의료,건강 > 병원 > 성형외과",HP8,병원,02-3446-0606,서울 강남구 역삼동 707-2,서울 강남구 테헤란로 312,127.0450476221,37.5029383895,http://place.map.kakao.com/19194469
우리엘의원,27395013,skin_treatment_hospital,피부시술병원,skin_treatment_hospital|hospital,confirmed,kakao_category:피부과|피부과,"의료,건강 > 병원 > 피부과",HP8,병원,02-548-7230,서울 강남구 청담동 47-2,서울 강남구 삼성로 709,127.0495279906,37.5194240741,http://place.map.kakao.com/27395013
우아성형외과의원,1262165261,skin_treatment_hospital,피부시술병원,skin_treatment_hospital|hospital,high,리프팅|보톡스|써마지|여드름|울쎄라|피부과|피부레이저|필러,"의료,건강 > 병원 > 성형외과",HP8,병원,1600-5319,서울 강남구 논현동 165-8,서울 강남구 강남대로 492,127.0241127023,37.5062043553,http://place.map.kakao.com/1262165261
우아인성형외과의원,782220236,skin_treatment_hospital,피부시술병원,skin_treatment_hospital|hospital,high,리프팅|보톡스|필러,"의료,건강 > 병원 > 성형외과",HP8,병원,0502-5550-5436,서울 강남구 논현동 201-12,서울 강남구 봉은사로 111,127.0257093094,37.5051822787,http://place.map.kakao.com/782220236
우유빛의원,436546739,skin_treatment_hospital,피부시술병원,skin_treatment_hospital|hospital,confirmed,kakao_category:피부과|보톡스|여드름|피부과|피부레이저|필러,"의료,건강 > 병원 > 피부과",HP8,병원,02-542-9993,서울 강남구 논현동 202-16,서울 강남구 봉은사로 119,127.0266820274,37.5054073143,http://place.map.kakao.com/436546739
움찬의원,26645667,skin_treatment_hospital,피부시술병원,skin_treatment_hospital|hospital,medium,피부레이저,"의료,건강 > 병원 > 성형외과",HP8,병원,0503-7152-4955,서울 강남구 신사동 583-3,서울 강남구 논현로 841,127.0280552259,37.5240487657,http://place.map.kakao.com/26645667
워너비성형외과,12262558,skin_treatment_hospital,피부시술병원,skin_treatment_hospital|hospital,high,리프팅|보톡스|울쎄라|피부레이저|필러,"의료,건강 > 병원 > 성형외과",HP8,병원,02-541-8855,서울 강남구 신사동 501-2,서울 강남구 도산대로 107,127.0202181497,37.516727015,http://place.map.kakao.com/12262558
원셀의원,898044905,skin_treatment_hospital,피부시술병원,skin_treatment_hospital|hospital,confirmed,kakao_category:피부과|리프팅|보톡스|써마지|여드름|울쎄라|피부과|필러,"의료,건강 > 병원 > 피부과",HP8,병원,02-515-1114,서울 강남구 삼성동 9-21,서울 강남구 선릉로 646,127.0427061921,37.5141774914,http://place.map.kakao.com/898044905
웰가의원,1662461015,skin_treatment_hospital,피부시술병원,skin_treatment_hospital|hospital,medium,리프팅,"의료,건강 > 병원 > 성형외과",HP8,병원,02-511-2896,서울 강남구 논현동 235-9,서울 강남구 봉은사로 209,127.0350117271,37.5079333593,http://place.map.kakao.com/1662461015
웰라스피부과의원,648505702,skin_treatment_hospital,피부시술병원,skin_treatment_hospital|hospital,confirmed,kakao_category:피부과|리프팅|보톡스|여드름|울쎄라|피부과|피부레이저|필러,"의료,건강 > 병원 > 피부과",HP8,병원,02-556-2556,서울 강남구 대치동 507-2,서울 강남구 삼성로 155,127.0629518526,37.4938813995,http://place.map.kakao.com/648505702
웰스피부과의원,14499550,skin_treatment_hospital,피부시술병원,skin_treatment_hospital|hospital,confirmed,kakao_category:피부과|리프팅|보톡스|써마지|울쎄라|피부과|피부레이저|필러,"의료,건강 > 병원 > 피부과",HP8,병원,02-542-2372,서울 강남구 신사동 599,서울 강남구 논현로 842,127.0287305833,37.5240377913,http://place.map.kakao.com/14499550
위드성형외과의원,10686699,skin_treatment_hospital,피부시술병원,skin_treatment_hospital|hospital,high,리프팅|보톡스|필러,"의료,건강 > 병원 > 성형외과",HP8,병원,02-517-6100,서울 강남구 신사동 586-15,서울 강남구 논현로155길 5,127.0276165632,37.5217008563,http://place.map.kakao.com/10686699
위드윈피부과의원,26913264,skin_treatment_hospital,피부시술병원,skin_treatment_hospital|hospital,confirmed,kakao_category:피부과|리프팅|보톡스|써마지|여드름|울쎄라|피부과|피부레이저|필러,"의료,건강 > 병원 > 피부과",HP8,병원,02-547-6600,서울 강남구 신사동 600,서울 강남구 압구정로30길 51,127.0293663081,37.5239286137,http://place.map.kakao.com/26913264
위드유원일성형외과의원,2033222493,skin_treatment_hospital,피부시술병원,skin_treatment_hospital|hospital,high,리프팅|보톡스|필러,"의료,건강 > 병원 > 성형외과",HP8,병원,02-547-0601,서울 강남구 신사동 570-6,서울 강남구 논현로163길 10,127.0273222266,37.52420391,http://place.map.kakao.com/2033222493
위버스성형외과,2117134581,skin_treatment_hospital,피부시술병원,skin_treatment_hospital|hospital,high,리프팅|필러,"의료,건강 > 병원 > 성형외과",HP8,병원,02-558-0227,서울 강남구 역삼동 826-21,서울 강남구 강남대로 364,127.0292884714,37.4955442849,http://place.map.kakao.com/2117134581
윌비성형외과,1391957918,skin_treatment_hospital,피부시술병원,skin_treatment_hospital|hospital,high,리프팅|필러,"의료,건강 > 병원 > 성형외과",HP8,병원,02-517-7700,서울 강남구 논현동 18,서울 강남구 강남대로 590,127.0203996684,37.5145366437,http://place.map.kakao.com/1391957918
유넬의원,1915210378,skin_treatment_hospital,피부시술병원,skin_treatment_hospital|hospital,confirmed,kakao_category:피부과|피부과,"의료,건강 > 병원 > 피부과",HP8,병원,02-501-0064,서울 강남구 역삼동 649-10,서울 강남구 테헤란로 115,127.0299061758,37.4990616595,http://place.map.kakao.com/1915210378
유니 성형외과의원,490441870,skin_treatment_hospital,피부시술병원,skin_treatment_hospital|hospital,medium,리프팅,"의료,건강 > 병원 > 성형외과",HP8,병원,02-517-7891,서울 강남구 신사동 598-6,서울 강남구 논현로 836,127.0286001182,37.5230674433,http://place.map.kakao.com/490441870
유니서울피부과,11184337,skin_treatment_hospital,피부시술병원,skin_treatment_hospital|hospital,confirmed,kakao_category:피부과|피부과,"의료,건강 > 병원 > 피부과",HP8,병원,1577-7552,서울 강남구 신사동 660-5,서울 강남구 압구정로 328,127.0374332193,37.5282880835,http://place.map.kakao.com/11184337
유라인클리닉,27584567,skin_treatment_hospital,피부시술병원,skin_treatment_hospital|hospital,high,리프팅|보톡스,"의료,건강 > 병원 > 성형외과",HP8,병원,02-516-7588,서울 강남구 청담동 84-19,서울 강남구 선릉로160길 7,127.0409075784,37.5263371631,http://place.map.kakao.com/27584567
유레카피부과의원,17923922,skin_treatment_hospital,피부시술병원,skin_treatment_hospital|hospital,confirmed,kakao_category:피부과|리프팅|보톡스|여드름|피부과|피부레이저|필러,"의료,건강 > 병원 > 피부과",HP8,병원,02-3446-7515,서울 강남구 역삼동 821-1,서울 강남구 테헤란로 101,127.0280547535,37.4986116106,http://place.map.kakao.com/17923922
유로성형외과의원,13513506,skin_treatment_hospital,피부시술병원,skin_treatment_hospital|hospital,medium,리프팅,"의료,건강 > 병원 > 성형외과",HP8,병원,02-540-0770,서울 강남구 청담동 3-3,서울 강남구 도산대로 420,127.042059711,37.5231544183,http://place.map.kakao.com/13513506
유봄성형외과의원,454706231,skin_treatment_hospital,피부시술병원,skin_treatment_hospital|hospital,high,리프팅|보톡스|필러,"의료,건강 > 병원 > 성형외과",HP8,병원,0503-7153-2208,서울 강남구 논현동 5-4,서울 강남구 도산대로 138,127.0237860163,37.5174327371,http://place.map.kakao.com/454706231
유비에이성형외과의원,1165232788,skin_treatment_hospital,피부시술병원,skin_treatment_hospital|hospital,high,보톡스|필러,"의료,건강 > 병원 > 성형외과",HP8,병원,02-544-6075,서울 강남구 신사동 501,서울 강남구 강남대로 616,127.0197091599,37.5168298154,http://place.map.kakao.com/1165232788
유스앤영의원,1088463582,skin_treatment_hospital,피부시술병원,skin_treatment_hospital|hospital,confirmed,kakao_category:피부과|리프팅|보톡스|울쎄라|제모|피부과|피부레이저|필러,"의료,건강 > 병원 > 피부과",HP8,병원,02-545-9393,서울 강남구 청담동 84-21,서울 강남구 도산대로55길 49,127.0409757261,37.5268308885,http://place.map.kakao.com/1088463582
유스타일9의원,17357297,skin_treatment_hospital,피부시술병원,skin_treatment_hospital|hospital,confirmed,kakao_category:피부과|제모|피부과|피부레이저,"의료,건강 > 병원 > 피부과",HP8,병원,02-553-2011,서울 강남구 역삼동 820-9,서울 강남구 강남대로 406,127.0274917062,37.4989622344,http://place.map.kakao.com/17357297
유안의원,1021893798,skin_treatment_hospital,피부시술병원,skin_treatment_hospital|hospital,confirmed,kakao_category:피부과|리프팅|보톡스|울쎄라|피부과|피부레이저|필러,"의료,건강 > 병원 > 피부과",HP8,병원,02-514-2340,서울 강남구 청담동 93-14,서울 강남구 압구정로80길 30,127.0443231728,37.5247952169,http://place.map.kakao.com/1021893798
유앤미의원,10686479,skin_treatment_hospital,피부시술병원,skin_treatment_hospital|hospital,confirmed,kakao_category:피부과|리프팅|보톡스|써마지|여드름|울쎄라|피부과|피부레이저,"의료,건강 > 병원 > 피부과",HP8,병원,02-518-5045,서울 강남구 청담동 43-9,서울 강남구 학동로 411,127.0447535796,37.518097,http://place.map.kakao.com/10686479
유앤아이의원 강남점,1260504426,skin_treatment_hospital,피부시술병원,skin_treatment_hospital|hospital,confirmed,kakao_category:피부과|리프팅|보톡스|써마지|여드름|울쎄라|제모|피부과|피부레이저|필러,"의료,건강 > 병원 > 피부과",HP8,병원,02-6927-6022,서울 강남구 역삼동 808,서울 강남구 강남대로 470,127.02504401,37.5043246645,http://place.map.kakao.com/1260504426
유앤아이의원 선릉점,10683168,skin_treatment_hospital,피부시술병원,skin_treatment_hospital|hospital,confirmed,kakao_category:피부과|리프팅|보톡스|여드름|울쎄라|제모|피부과|피부레이저|필러,"의료,건강 > 병원 > 피부과",HP8,병원,02-552-6020,서울 강남구 삼성동 142-46,서울 강남구 테헤란로 421,127.0525772924,37.5059770722,http://place.map.kakao.com/10683168
유앤정피부과의원,20203716,skin_treatment_hospital,피부시술병원,skin_treatment_hospital|hospital,confirmed,kakao_category:피부과|리프팅|보톡스|울쎄라|피부과|피부레이저|필러,"의료,건강 > 병원 > 피부과",HP8,병원,02-514-0203,서울 강남구 청담동 6,서울 강남구 도산대로 456,127.0465794319,37.5237897311,http://place.map.kakao.com/20203716
유어타임성형외과의원,1056841263,skin_treatment_hospital,피부시술병원,skin_treatment_hospital|hospital,high,리프팅|필러,"의료,건강 > 병원 > 성형외과",HP8,병원,02-547-2555,서울 강남구 논현동 199-5,서울 강남구 강남대로 480,127.0245546201,37.505290645,http://place.map.kakao.com/1056841263
유에이치셀의원 강남점,476443289,skin_treatment_hospital,피부시술병원,skin_treatment_hospital|hospital,confirmed,kakao_category:피부과|리프팅|보톡스|써마지|울쎄라|피부과|피부레이저|필러,"의료,건강 > 병원 > 피부과",HP8,병원,02-6941-0375,서울 강남구 역삼동 823-11,서울 강남구 테헤란로8길 13,127.031767157,37.4979979863,http://place.map.kakao.com/476443289
유올림의원,1128804335,skin_treatment_hospital,피부시술병원,skin_treatment_hospital|hospital,confirmed,kakao_category:피부과|리프팅|보톡스|써마지|울쎄라|피부과|피부레이저|필러,"의료,건강 > 병원 > 피부과",HP8,병원,02-6951-3937,서울 강남구 논현동 1,서울 강남구 강남대로 606,127.020156837,37.51586927,http://place.map.kakao.com/1128804335
유유의원,919142824,skin_treatment_hospital,피부시술병원,skin_treatment_hospital|hospital,high,리프팅|보톡스|써마지|여드름|피부레이저,"의료,건강 > 병원 > 가정의학과",HP8,병원,02-518-8426,서울 강남구 신사동 651-19,서울 강남구 도산대로49길 9,127.0370913706,37.5233362836,http://place.map.kakao.com/919142824
유이성형외과의원,1675558370,skin_treatment_hospital,피부시술병원,skin_treatment_hospital|hospital,high,리프팅|보톡스|써마지|울쎄라|필러,"의료,건강 > 병원 > 성형외과",HP8,병원,02-516-6160,서울 강남구 신사동 501,서울 강남구 강남대로 616,127.01980643,37.516796462,http://place.map.kakao.com/1675558370
유진스의원,711390624,skin_treatment_hospital,피부시술병원,skin_treatment_hospital|hospital,high,리프팅|보톡스|써마지|여드름|울쎄라|피부레이저,"의료,건강 > 병원 > 일반의원",HP8,병원,02-516-3070,서울 강남구 신사동 584-1,서울 강남구 압구정로28길 49,127.0277110309,37.5232586678,http://place.map.kakao.com/711390624
유투성형외과의원,2043513027,skin_treatment_hospital,피부시술병원,skin_treatment_hospital|hospital,high,리프팅|보톡스|써마지|울쎄라|피부레이저|필러,"의료,건강 > 병원 > 성형외과",HP8,병원,02-514-8833,서울 강남구 신사동 582-8,서울 강남구 논현로 851,127.0280532768,37.5248857973,http://place.map.kakao.com/2043513027
윤은성성형외과의원,11543672,skin_treatment_hospital,피부시술병원,skin_treatment_hospital|hospital,high,리프팅|보톡스|필러,"의료,건강 > 병원 > 성형외과",HP8,병원,02-518-2380,서울 강남구 청담동 22-12,서울 강남구 도산대로58길 14,127.0412934408,37.5223978466,http://place.map.kakao.com/11543672
의맥홀딩스,12573081,skin_treatment_hospital,피부시술병원,skin_treatment_hospital|hospital,confirmed,kakao_category:피부과|피부과,"의료,건강 > 병원 > 피부과",HP8,병원,,서울 강남구 수서동 713,서울 강남구 밤고개로1길 10,127.1016558388,37.4880186124,http://place.map.kakao.com/12573081
이규호 모아름의원,181339976,skin_treatment_hospital,피부시술병원,skin_treatment_hospital|hospital,medium,피부레이저,"의료,건강 > 병원 > 일반의원",HP8,병원,02-3443-5826,서울 강남구 신사동 501,서울 강남구 강남대로 616,127.019799659,37.5168568304,http://place.map.kakao.com/181339976
이노벨의원,940814736,skin_treatment_hospital,피부시술병원,skin_treatment_hospital|hospital,confirmed,kakao_category:피부과|리프팅|보톡스|써마지|여드름|피부과|필러,"의료,건강 > 병원 > 피부과",HP8,병원,02-6958-5882,서울 강남구 논현동 111-13,서울 강남구 선릉로131길 8,127.0402763465,37.5179751741,http://place.map.kakao.com/940814736
이노성형외과의원,22873110,skin_treatment_hospital,피부시술병원,skin_treatment_hospital|hospital,high,보톡스|피부레이저|필러,"의료,건강 > 병원 > 일반의원",HP8,병원,02-517-5991,서울 강남구 논현동 4,서울 강남구 도산대로 122,127.0221343525,37.5168528119,http://place.map.kakao.com/22873110
이데아성형외과의원,22539212,skin_treatment_hospital,피부시술병원,skin_treatment_hospital|hospital,high,리프팅|여드름|피부레이저|필러,"의료,건강 > 병원 > 성형외과",HP8,병원,02-1600-0602,서울 강남구 논현동 7-15,서울 강남구 도산대로 176,127.0279085873,37.5191158101,http://place.map.kakao.com/22539212
이미지성형외과의원,8493808,skin_treatment_hospital,피부시술병원,skin_treatment_hospital|hospital,high,보톡스|피부레이저|필러,"의료,건강 > 병원 > 성형외과",HP8,병원,02-539-9933,서울 강남구 대치동 944,서울 강남구 테헤란로 514,127.05974433,37.5073684204,http://place.map.kakao.com/8493808
이브성형외과의원,19293904,skin_treatment_hospital,피부시술병원,skin_treatment_hospital|hospital,high,보톡스|필러,"의료,건강 > 병원 > 성형외과",HP8,병원,02-515-4601,서울 강남구 논현동 202-18,서울 강남구 봉은사로5길 4,127.0263857347,37.5054740552,http://place.map.kakao.com/19293904
이상피부과의원,957282298,skin_treatment_hospital,피부시술병원,skin_treatment_hospital|hospital,confirmed,kakao_category:피부과|리프팅|써마지|여드름|피부과|피부레이저,"의료,건강 > 병원 > 피부과",HP8,병원,02-451-2301,서울 강남구 개포동 186-13,서울 강남구 개포로 504,127.0671880443,37.4890559743,http://place.map.kakao.com/957282298
이승우의원,834202268,skin_treatment_hospital,피부시술병원,skin_treatment_hospital|hospital,high,리프팅|보톡스|써마지|울쎄라|피부레이저,"의료,건강 > 병원 > 일반의원",HP8,병원,02-515-0823,서울 강남구 신사동 665-4,서울 강남구 선릉로 817,127.0394305832,37.5250888764,http://place.map.kakao.com/834202268
이시스더마의원,60763044,skin_treatment_hospital,피부시술병원,skin_treatment_hospital|hospital,high,리프팅|피부레이저,"의료,건강 > 병원 > 일반의원",HP8,병원,02-6925-0758,서울 강남구 청담동 100-17,서울 강남구 압구정로 445,127.046111652,37.5265370703,http://place.map.kakao.com/60763044
이에스청담성형외과의원,1347516897,skin_treatment_hospital,피부시술병원,skin_treatment_hospital|hospital,high,리프팅|써마지|여드름|울쎄라|피부레이저|필러,"의료,건강 > 병원 > 성형외과",HP8,병원,02-540-6042,서울 강남구 청담동 92-4,서울 강남구 도산대로 435,127.0432898781,37.5240252432,http://place.map.kakao.com/1347516897
이오클리닉,254720554,skin_treatment_hospital,피부시술병원,skin_treatment_hospital|hospital,confirmed,kakao_category:피부과|리프팅|여드름|피부과,"의료,건강 > 병원 > 피부과",HP8,병원,02-3444-9555,서울 강남구 청담동 44-14,서울 강남구 학동로 415,127.0454843946,37.5182282673,http://place.map.kakao.com/254720554
이와이클리닉,1880123500,skin_treatment_hospital,피부시술병원,skin_treatment_hospital|hospital,confirmed,kakao_category:피부과|리프팅|써마지|여드름|울쎄라|피부과|피부레이저|필러,"의료,건강 > 병원 > 피부과",HP8,병원,02-3448-9007,서울 강남구 청담동 87-9,서울 강남구 선릉로152길 18,127.040947059,37.5240576138,http://place.map.kakao.com/1880123500
이유의원,1865242891,skin_treatment_hospital,피부시술병원,skin_treatment_hospital|hospital,confirmed,kakao_category:피부과|리프팅|보톡스|써마지|여드름|울쎄라|피부과|피부레이저|필러,"의료,건강 > 병원 > 피부과",HP8,병원,02-6389-0188,서울 강남구 신사동 591-16,서울 강남구 논현로 820,127.0285203693,37.5215916202,http://place.map.kakao.com/1865242891
이즈의원,1371465839,skin_treatment_hospital,피부시술병원,skin_treatment_hospital|hospital,confirmed,kakao_category:피부과|보톡스|여드름|울쎄라|피부과|피부레이저|필러,"의료,건강 > 병원 > 피부과",HP8,병원,02-501-3313,서울 강남구 역삼동 648-26,서울 강남구 테헤란로 121,127.0310632143,37.4994145554,http://place.map.kakao.com/1371465839
이지동안의원,43659781,skin_treatment_hospital,피부시술병원,skin_treatment_hospital|hospital,confirmed,kakao_category:피부과|피부과,"의료,건강 > 병원 > 피부과",HP8,병원,,서울 강남구 신사동 610-3,서울 강남구 압구정로30길 16,127.0290946293,37.526385714,http://place.map.kakao.com/43659781
이지동안의원 강남본점,1139855122,skin_treatment_hospital,피부시술병원,skin_treatment_hospital|hospital,confirmed,kakao_category:피부과|리프팅|보톡스|써마지|여드름|울쎄라|피부과,"의료,건강 > 병원 > 피부과",HP8,병원,1544-7533,서울 강남구 신사동 580-6,서울 강남구 압구정로 168,127.027976998,37.5266202446,http://place.map.kakao.com/1139855122
이지미의원,866134787,skin_treatment_hospital,피부시술병원,skin_treatment_hospital|hospital,confirmed,kakao_category:피부과|피부과|피부레이저,"의료,건강 > 병원 > 피부과",HP8,병원,02-2040-7770,서울 강남구 수서동 713,서울 강남구 밤고개로1길 10,127.1021070966,37.4880939079,http://place.map.kakao.com/866134787
이지안성형외과의원,1733165111,skin_treatment_hospital,피부시술병원,skin_treatment_hospital|hospital,high,리프팅|보톡스|필러,"의료,건강 > 병원 > 성형외과",HP8,병원,02-472-2777,서울 강남구 논현동 228-1,서울 강남구 논현로 620,127.0333937482,37.5090663908,http://place.map.kakao.com/1733165111
이지함피부과 청담점,8097835,skin_treatment_hospital,피부시술병원,skin_treatment_hospital|hospital,confirmed,kakao_category:피부과|리프팅|여드름|피부과,"의료,건강 > 병원 > 피부과 > 이지함피부과",HP8,병원,02-596-3600,서울 강남구 역삼동 680,서울 강남구 봉은사로 302,127.0394559182,37.5087500708,http://place.map.kakao.com/8097835
이터니스의원,1004585992,skin_treatment_hospital,피부시술병원,skin_treatment_hospital|hospital,confirmed,kakao_category:피부과|피부과,"의료,건강 > 병원 > 피부과",HP8,병원,02-517-1102,서울 강남구 청담동 100-2,서울 강남구 압구정로71길 4,127.0457170517,37.5269012285,http://place.map.kakao.com/1004585992
이한솔성형외과,9339444,skin_treatment_hospital,피부시술병원,skin_treatment_hospital|hospital,high,리프팅|보톡스|피부레이저|필러,"의료,건강 > 병원 > 성형외과",HP8,병원,02-2678-7272,서울 강남구 신사동 578-4,서울 강남구 압구정로28길 14,127.02753547,37.5257445743,http://place.map.kakao.com/9339444
이현택성형외과의원,940652460,skin_treatment_hospital,피부시술병원,skin_treatment_hospital|hospital,medium,필러,"의료,건강 > 병원 > 성형외과",HP8,병원,02-501-7001,서울 강남구 역삼동 641-8,서울 강남구 논현로 519,127.0356460406,37.5027839245,http://place.map.kakao.com/940652460
이호표피부과의원,8047148,skin_treatment_hospital,피부시술병원,skin_treatment_hospital|hospital,confirmed,kakao_category:피부과|피부과,"의료,건강 > 병원 > 피부과",HP8,병원,02-512-8600,서울 강남구 신사동 533,서울 강남구 압구정로8길 20,127.0220635899,37.5223921923,http://place.map.kakao.com/8047148
인샤인피부과의원,1115105613,skin_treatment_hospital,피부시술병원,skin_treatment_hospital|hospital,confirmed,kakao_category:피부과|리프팅|보톡스|여드름|제모|피부과|필러,"의료,건강 > 병원 > 피부과",HP8,병원,02-2138-8279,서울 강남구 역삼동 650-1,서울 강남구 봉은사로 204,127.0344730123,37.5071694656,http://place.map.kakao.com/1115105613
인스타성형외과의원,715643381,skin_treatment_hospital,피부시술병원,skin_treatment_hospital|hospital,high,보톡스|필러,"의료,건강 > 병원 > 성형외과",HP8,병원,1599-0093,서울 강남구 역삼동 820-9,서울 강남구 강남대로 406,127.02763644,37.4989108433,http://place.map.kakao.com/715643381
인코드의원,2133249962,skin_treatment_hospital,피부시술병원,skin_treatment_hospital|hospital,confirmed,kakao_category:피부과|피부과,"의료,건강 > 병원 > 피부과",HP8,병원,02-561-6089,서울 강남구 역삼동 705-30,서울 강남구 테헤란로 339,127.048596596,37.5048110741,http://place.map.kakao.com/2133249962
읻다의원,1972752742,skin_treatment_hospital,피부시술병원,skin_treatment_hospital|hospital,high,리프팅|보톡스|여드름|피부레이저|필러,"의료,건강 > 병원 > 일반의원",HP8,병원,02-3442-7588,서울 강남구 청담동 124-3,서울 강남구 도산대로 509,127.0489523049,37.5247555469,http://place.map.kakao.com/1972752742
일공공성형외과,357157499,skin_treatment_hospital,피부시술병원,skin_treatment_hospital|hospital,high,리프팅|보톡스|써마지|울쎄라|필러,"의료,건강 > 병원 > 성형외과",HP8,병원,02-541-0011,서울 강남구 신사동 580-5,서울 강남구 논현로175길 6,127.0280165035,37.5263796677,http://place.map.kakao.com/357157499
일치성형외과의원,2128688991,skin_treatment_hospital,피부시술병원,skin_treatment_hospital|hospital,high,리프팅|보톡스|필러,"의료,건강 > 병원 > 성형외과",HP8,병원,02-567-0312,서울 강남구 역삼동 601,서울 강남구 봉은사로 108,127.0255937289,37.5045344809,http://place.map.kakao.com/2128688991
일퍼센트성형외과의원,2127792852,skin_treatment_hospital,피부시술병원,skin_treatment_hospital|hospital,high,리프팅|피부레이저,"의료,건강 > 병원 > 성형외과",HP8,병원,02-543-2114,서울 강남구 논현동 5-4,서울 강남구 도산대로 138,127.0237826208,37.5174264308,http://place.map.kakao.com/2127792852
입체성형외과의원,880963753,skin_treatment_hospital,피부시술병원,skin_treatment_hospital|hospital,high,리프팅|보톡스|필러,"의료,건강 > 병원 > 성형외과",HP8,병원,02-516-0600,서울 강남구 신사동 638-13,서울 강남구 언주로 874,127.0341332866,37.5285882159,http://place.map.kakao.com/880963753
자연예쁨의원,125321177,skin_treatment_hospital,피부시술병원,skin_treatment_hospital|hospital,confirmed,kakao_category:피부과|리프팅|보톡스|써마지|여드름|울쎄라|피부과|피부레이저|필러,"의료,건강 > 병원 > 피부과",HP8,병원,02-558-5058,서울 강남구 역삼동 815,서울 강남구 강남대로 432,127.0266307823,37.5012347689,http://place.map.kakao.com/125321177
재시아성형외과의원,16036310,skin_treatment_hospital,피부시술병원,skin_treatment_hospital|hospital,high,리프팅|보톡스|여드름|필러,"의료,건강 > 병원 > 성형외과",HP8,병원,02-3442-1991,서울 강남구 신사동 664-7,서울 강남구 선릉로 843,127.0402100419,37.5272158795,http://place.map.kakao.com/16036310
전앤후의원,725407000,skin_treatment_hospital,피부시술병원,skin_treatment_hospital|hospital,high,리프팅|보톡스,"의료,건강 > 병원 > 성형외과",HP8,병원,02-566-7800,서울 강남구 역삼동 641-10,서울 강남구 논현로 515,127.0356911632,37.5025424414,http://place.map.kakao.com/725407000
정석성형외과의원,873364036,skin_treatment_hospital,피부시술병원,skin_treatment_hospital|hospital,medium,리프팅,"의료,건강 > 병원 > 성형외과",HP8,병원,02-516-2888,서울 강남구 논현동 1-1,서울 강남구 도산대로 104,127.0203424,37.5160782711,http://place.map.kakao.com/873364036
정우성형외과의원,24765554,skin_treatment_hospital,피부시술병원,skin_treatment_hospital|hospital,high,리프팅|보톡스|여드름|피부레이저|필러,"의료,건강 > 병원 > 성형외과",HP8,병원,1600-6159,서울 강남구 신사동 585-1,서울 강남구 논현로 831,127.0279358917,37.5225684468,http://place.map.kakao.com/24765554
정웅기성형외과,1584052482,skin_treatment_hospital,피부시술병원,skin_treatment_hospital|hospital,high,리프팅|필러,"의료,건강 > 병원 > 성형외과",HP8,병원,02-549-7800,서울 강남구 신사동 592-15,서울 강남구 논현로 830,127.0285298071,37.522610652,http://place.map.kakao.com/1584052482
정은정피부과의원,8512014,skin_treatment_hospital,피부시술병원,skin_treatment_hospital|hospital,confirmed,kakao_category:피부과|여드름|피부과,"의료,건강 > 병원 > 피부과",HP8,병원,02-569-4506,서울 강남구 역삼동 798-11,서울 강남구 논현로 309,127.0402652086,37.4930290462,http://place.map.kakao.com/8512014
제노성형외과의원,308954605,skin_treatment_hospital,피부시술병원,skin_treatment_hospital|hospital,high,리프팅|피부레이저,"의료,건강 > 병원 > 성형외과",HP8,병원,02-511-8233,서울 강남구 청담동 91-9,서울 강남구 도산대로 427,127.0425590416,37.5239489236,http://place.map.kakao.com/308954605
제니의원,1321633766,skin_treatment_hospital,피부시술병원,skin_treatment_hospital|hospital,confirmed,kakao_category:피부과|리프팅|보톡스|울쎄라|피부과|필러,"의료,건강 > 병원 > 피부과",HP8,병원,02-512-1535,서울 강남구 신사동 575,서울 강남구 압구정로 152,127.0260488993,37.5255647111,http://place.map.kakao.com/1321633766
제로클리닉의원 신사점,1404180455,skin_treatment_hospital,피부시술병원,skin_treatment_hospital|hospital,confirmed,kakao_category:피부과|리프팅|피부과,"의료,건강 > 병원 > 피부과",HP8,병원,02-3447-1377,서울 강남구 논현동 1-3,서울 강남구 도산대로 108,127.0206557567,37.5161917431,http://place.map.kakao.com/1404180455
제림성형외과의원,8066208,skin_treatment_hospital,피부시술병원,skin_treatment_hospital|hospital,medium,보톡스,"의료,건강 > 병원 > 성형외과",HP8,병원,02-515-8787,서울 강남구 신사동 614-2,서울 강남구 압구정로 208,127.029889276,37.5275838482,http://place.map.kakao.com/8066208
제이드성형외과의원,27560479,skin_treatment_hospital,피부시술병원,skin_treatment_hospital|hospital,medium,리프팅,"의료,건강 > 병원 > 성형외과",HP8,병원,02-3442-7900,서울 강남구 신사동 666-15,서울 강남구 도산대로 335,127.0385122331,37.5233646609,http://place.map.kakao.com/27560479
제이드의원,127106276,skin_treatment_hospital,피부시술병원,skin_treatment_hospital|hospital,confirmed,kakao_category:피부과|리프팅|보톡스|써마지|울쎄라|피부과|피부레이저|필러,"의료,건강 > 병원 > 피부과",HP8,병원,02-556-7761,서울 강남구 삼성동 112,서울 강남구 선릉로 578,127.0441561298,37.5100909042,http://place.map.kakao.com/127106276
제이디의원 강남신사점,26584619,skin_treatment_hospital,피부시술병원,skin_treatment_hospital|hospital,confirmed,kakao_category:피부과|리프팅|써마지|울쎄라|피부과|필러,"의료,건강 > 병원 > 피부과",HP8,병원,02-523-7581,서울 강남구 신사동 501,서울 강남구 강남대로 616,127.0197985277,37.5168559296,http://place.map.kakao.com/26584619
제이앤 성형외과의원,2023989773,skin_treatment_hospital,피부시술병원,skin_treatment_hospital|hospital,medium,리프팅,"의료,건강 > 병원 > 성형외과",HP8,병원,02-596-3456,서울 강남구 역삼동 831,서울 강남구 강남대로 354,127.0297336632,37.4946494739,http://place.map.kakao.com/2023989773
제이에프셀 피부과의원,26896848,skin_treatment_hospital,피부시술병원,skin_treatment_hospital|hospital,confirmed,kakao_category:피부과|리프팅|보톡스|써마지|여드름|피부과|피부레이저|필러,"의료,건강 > 병원 > 피부과",HP8,병원,02-515-0526,서울 강남구 삼성동 77-21,서울 강남구 봉은사로 539,127.0589988162,37.5143245487,http://place.map.kakao.com/26896848
제이엔비의원,1206092760,skin_treatment_hospital,피부시술병원,skin_treatment_hospital|hospital,high,리프팅|써마지|울쎄라|필러,"의료,건강 > 병원 > 성형외과",HP8,병원,02-2038-3734,서울 강남구 신사동 514-2,서울 강남구 도산대로 119,127.021464847,37.5173259623,http://place.map.kakao.com/1206092760
제이원성형외과,9939657,skin_treatment_hospital,피부시술병원,skin_treatment_hospital|hospital,high,울쎄라|필러,"의료,건강 > 병원 > 성형외과",HP8,병원,02-516-9800,서울 강남구 신사동 581-1,서울 강남구 압구정로28길 9,127.0279156682,37.5259769436,http://place.map.kakao.com/9939657
제이유피부과의원,2096859811,skin_treatment_hospital,피부시술병원,skin_treatment_hospital|hospital,confirmed,kakao_category:피부과|여드름|피부과|피부레이저,"의료,건강 > 병원 > 피부과",HP8,병원,02-568-3348,서울 강남구 대치동 500,서울 강남구 남부순환로 2912,127.0562573653,37.4906943106,http://place.map.kakao.com/2096859811
제이제이성형외과,1849251745,skin_treatment_hospital,피부시술병원,skin_treatment_hospital|hospital,high,리프팅|필러,"의료,건강 > 병원 > 성형외과",HP8,병원,02-544-8807,서울 강남구 신사동 582-7,서울 강남구 논현로 849,127.0280554904,37.5247551515,http://place.map.kakao.com/1849251745
제이준성형외과의원,26477122,skin_treatment_hospital,피부시술병원,skin_treatment_hospital|hospital,high,리프팅|보톡스|써마지|울쎄라|피부레이저|필러,"의료,건강 > 병원 > 성형외과",HP8,병원,02-563-0530,서울 강남구 역삼동 667-15,서울 강남구 논현로 530,127.0358195713,37.5038245335,http://place.map.kakao.com/26477122
제이티성형외과의원,1580701243,skin_treatment_hospital,피부시술병원,skin_treatment_hospital|hospital,high,리프팅|필러,"의료,건강 > 병원 > 성형외과",HP8,병원,02-547-9888,서울 강남구 논현동 5,서울 강남구 도산대로 134,127.0233787743,37.5173535301,http://place.map.kakao.com/1580701243
제이필의원,1148882458,skin_treatment_hospital,피부시술병원,skin_treatment_hospital|hospital,confirmed,kakao_category:피부과|보톡스|써마지|여드름|울쎄라|피부과|피부레이저|필러,"의료,건강 > 병원 > 피부과",HP8,병원,02-533-0060,서울 강남구 역삼동 814-6,서울 강남구 강남대로 438,127.0263164782,37.5014916261,http://place.map.kakao.com/1148882458
젤피부과의원,8045489,skin_treatment_hospital,피부시술병원,skin_treatment_hospital|hospital,confirmed,kakao_category:피부과|리프팅|보톡스|써마지|여드름|울쎄라|피부과|피부레이저|필러,"의료,건강 > 병원 > 피부과",HP8,병원,02-549-2063,서울 강남구 청담동 5-12,서울 강남구 도산대로 452,127.0457331559,37.5236305844,http://place.map.kakao.com/8045489
조수영성형외과의원,9395982,skin_treatment_hospital,피부시술병원,skin_treatment_hospital|hospital,medium,피부레이저,"의료,건강 > 병원 > 성형외과",HP8,병원,02-512-1864,서울 강남구 논현동 50-5,서울 강남구 강남대로132길 4-6,127.02163068,37.5118577395,http://place.map.kakao.com/9395982
조앤박의원,8521577,skin_treatment_hospital,피부시술병원,skin_treatment_hospital|hospital,medium,써마지,"의료,건강 > 병원 > 일반의원",HP8,병원,02-517-8830,서울 강남구 논현동 17-4,서울 강남구 강남대로 598,127.0203874033,37.5151880716,http://place.map.kakao.com/8521577
조은날의원,187057926,skin_treatment_hospital,피부시술병원,skin_treatment_hospital|hospital,confirmed,kakao_category:피부과|리프팅|보톡스|여드름|피부과|피부레이저|필러,"의료,건강 > 병원 > 피부과",HP8,병원,02-538-6788,서울 강남구 논현동 200-7,서울 강남구 강남대로 476,127.0247965214,37.5049049642,http://place.map.kakao.com/187057926
조은성형외과의원,11169546,skin_treatment_hospital,피부시술병원,skin_treatment_hospital|hospital,high,보톡스|필러,"의료,건강 > 병원 > 성형외과",HP8,병원,02-3448-0098,서울 강남구 신사동 569-31,서울 강남구 논현로161길 10,127.0274396666,37.5236272412,http://place.map.kakao.com/11169546
조재홍의원,1978682890,skin_treatment_hospital,피부시술병원,skin_treatment_hospital|hospital,confirmed,kakao_category:피부과|피부과,"의료,건강 > 병원 > 피부과",HP8,병원,02-515-2322,서울 강남구 청담동 90-25,서울 강남구 선릉로152길 33,127.0423003276,37.5245580942,http://place.map.kakao.com/1978682890
주앤의원,24582798,skin_treatment_hospital,피부시술병원,skin_treatment_hospital|hospital,confirmed,kakao_category:피부과|리프팅|보톡스|여드름|울쎄라|피부과|피부레이저|필러,"의료,건강 > 병원 > 피부과",HP8,병원,02-518-3458,서울 강남구 신사동 665-5,서울 강남구 선릉로155길 3,127.0392496246,37.5251754329,http://place.map.kakao.com/24582798
쥬벤스성형외과,916778298,skin_treatment_hospital,피부시술병원,skin_treatment_hospital|hospital,high,리프팅|보톡스|울쎄라|필러,"의료,건강 > 병원 > 성형외과",HP8,병원,02-6204-5579,서울 강남구 청담동 91-12,서울 강남구 도산대로 421,127.0419606035,37.5239437317,http://place.map.kakao.com/916778298
쥬얼리성형외과의원,12263614,skin_treatment_hospital,피부시술병원,skin_treatment_hospital|hospital,high,리프팅|울쎄라|필러,"의료,건강 > 병원 > 성형외과",HP8,병원,02-541-2711,서울 강남구 논현동 3-2,서울 강남구 도산대로 120,127.0218809307,37.5167014906,http://place.map.kakao.com/12263614
지아인의원,17232860,skin_treatment_hospital,피부시술병원,skin_treatment_hospital|hospital,confirmed,kakao_category:피부과|피부과,"의료,건강 > 병원 > 피부과",HP8,병원,02-575-2233,서울 강남구 대치동 939-20,서울 강남구 도곡로 419,127.056307839,37.497678892,http://place.map.kakao.com/17232860
지우개의원,1717335185,skin_treatment_hospital,피부시술병원,skin_treatment_hospital|hospital,high,리프팅|보톡스|여드름|피부레이저|필러,"의료,건강 > 병원 > 일반의원",HP8,병원,02-6203-5115,서울 강남구 논현동 1-3,서울 강남구 도산대로 108,127.0206297481,37.5162196788,http://place.map.kakao.com/1717335185
지우의원,2098194983,skin_treatment_hospital,피부시술병원,skin_treatment_hospital|hospital,confirmed,kakao_category:피부과|리프팅|보톡스|써마지|여드름|울쎄라|제모|피부과|피부레이저|필러,"의료,건강 > 병원 > 피부과",HP8,병원,02-565-1201,서울 강남구 역삼동 822-2,서울 강남구 테헤란로 107,127.0287468754,37.4986799207,http://place.map.kakao.com/2098194983
진담성형외과의원,1489829326,skin_treatment_hospital,피부시술병원,skin_treatment_hospital|hospital,high,보톡스|피부레이저|필러,"의료,건강 > 병원 > 성형외과",HP8,병원,02-515-1009,서울 강남구 역삼동 821,서울 강남구 테헤란로 101,127.0280626815,37.4986431439,http://place.map.kakao.com/1489829326
진성형외과의원,9431611,skin_treatment_hospital,피부시술병원,skin_treatment_hospital|hospital,high,리프팅|여드름|피부레이저|필러,"의료,건강 > 병원 > 성형외과",HP8,병원,02-566-6131,서울 강남구 역삼동 820,서울 강남구 강남대로 412,127.0273053331,37.4995722588,http://place.map.kakao.com/9431611
참닥터의원,25807307,skin_treatment_hospital,피부시술병원,skin_treatment_hospital|hospital,medium,보톡스,"의료,건강 > 병원 > 일반의원",HP8,병원,02-1800-5827,서울 강남구 신사동 501-2,서울 강남구 도산대로 107,127.0201084426,37.5167801929,http://place.map.kakao.com/25807307
창피부과,14836689,skin_treatment_hospital,피부시술병원,skin_treatment_hospital|hospital,confirmed,kakao_category:피부과|리프팅|보톡스|써마지|여드름|울쎄라|피부과|피부레이저|필러,"의료,건강 > 병원 > 피부과",HP8,병원,02-538-3575,서울 강남구 삼성동 153-35,서울 강남구 테헤란로87길 51,127.0574035858,37.5108979152,http://place.map.kakao.com/14836689
채올의원,963119586,skin_treatment_hospital,피부시술병원,skin_treatment_hospital|hospital,confirmed,kakao_category:피부과|써마지|울쎄라|피부과,"의료,건강 > 병원 > 피부과",HP8,병원,0503-7154-3169,서울 강남구 신사동 666-16,서울 강남구 도산대로 333,127.038381005,37.5233583966,http://place.map.kakao.com/963119586
채우다의원,78141983,skin_treatment_hospital,피부시술병원,skin_treatment_hospital|hospital,confirmed,kakao_category:피부과|피부과,"의료,건강 > 병원 > 피부과",HP8,병원,02-3445-0110,서울 강남구 신사동 590-23,서울 강남구 논현로 812,127.0285032155,37.5211041818,http://place.map.kakao.com/78141983
처음처럼성형외과의원,133842838,skin_treatment_hospital,피부시술병원,skin_treatment_hospital|hospital,high,리프팅|보톡스|필러,"의료,건강 > 병원 > 성형외과",HP8,병원,02-501-8887,서울 강남구 역삼동 822-5,서울 강남구 테헤란로 111,127.0292784646,37.4988780115,http://place.map.kakao.com/133842838
첫번째의원,1313665001,skin_treatment_hospital,피부시술병원,skin_treatment_hospital|hospital,high,리프팅|보톡스|써마지|울쎄라|피부레이저|필러,"의료,건강 > 병원 > 성형외과",HP8,병원,02-555-8899,서울 강남구 청담동 85-1,서울 강남구 선릉로 824,127.0401887068,37.5254048727,http://place.map.kakao.com/1313665001
청담 모즈의원,19156647,skin_treatment_hospital,피부시술병원,skin_treatment_hospital|hospital,high,리프팅|보톡스|써마지|울쎄라|필러,"의료,건강 > 병원 > 일반의원",HP8,병원,02-545-1618,서울 강남구 청담동 92-16,서울 강남구 압구정로80길 33,127.0439767958,37.5244403515,http://place.map.kakao.com/19156647
청담Cj성형외과의원,10847950,skin_treatment_hospital,피부시술병원,skin_treatment_hospital|hospital,high,보톡스|필러,"의료,건강 > 병원 > 성형외과",HP8,병원,02-3446-0018,서울 강남구 청담동 78-16,서울 강남구 압구정로 404,127.0409986854,37.5274399579,http://place.map.kakao.com/10847950
청담SS640의원,787238676,skin_treatment_hospital,피부시술병원,skin_treatment_hospital|hospital,high,보톡스|여드름|울쎄라|피부레이저|필러,"의료,건강 > 병원 > 일반의원",HP8,병원,02-545-0640,서울 강남구 삼성동 65-2,서울 강남구 삼성로 640,127.0514720591,37.5171283877,http://place.map.kakao.com/787238676
청담고운세상닥터지피부과의원,11838781,skin_treatment_hospital,피부시술병원,skin_treatment_hospital|hospital,confirmed,kakao_category:피부과|리프팅|여드름|피부과|피부레이저,"의료,건강 > 병원 > 피부과",HP8,병원,02-541-8547,서울 강남구 논현동 93,서울 강남구 도산대로 326,127.0377651076,37.5223701954,http://place.map.kakao.com/11838781
청담공드림피부과의원,942266428,skin_treatment_hospital,피부시술병원,skin_treatment_hospital|hospital,confirmed,kakao_category:피부과|리프팅|보톡스|써마지|여드름|울쎄라|제모|피부과|피부레이저|필러,"의료,건강 > 병원 > 피부과",HP8,병원,02-545-1333,서울 강남구 삼성동 20-5,서울 강남구 삼성로119길 8,127.0506366768,37.5162547754,http://place.map.kakao.com/942266428
청담공의원,1920874770,skin_treatment_hospital,피부시술병원,skin_treatment_hospital|hospital,high,리프팅|보톡스|여드름|피부레이저,"의료,건강 > 병원 > 일반의원",HP8,병원,02-6232-0300,서울 강남구 청담동 91-2,서울 강남구 도산대로 419,127.0416483224,37.523846534,http://place.map.kakao.com/1920874770
청담끌레어의원,27539368,skin_treatment_hospital,피부시술병원,skin_treatment_hospital|hospital,confirmed,kakao_category:피부과|리프팅|보톡스|써마지|여드름|울쎄라|피부과|피부레이저|필러,"의료,건강 > 병원 > 피부과",HP8,병원,0503-7150-4485,서울 강남구 청담동 100-6,서울 강남구 도산대로81길 49,127.0459988244,37.5270290614,http://place.map.kakao.com/27539368
청담나올의원,1931063644,skin_treatment_hospital,피부시술병원,skin_treatment_hospital|hospital,confirmed,kakao_category:피부과|피부과|필러,"의료,건강 > 병원 > 피부과",HP8,병원,02-741-2255,서울 강남구 신사동 652-15,서울 강남구 도산대로 329,127.0379159903,37.5232170894,http://place.map.kakao.com/1931063644
청담노엘의원,1286912856,skin_treatment_hospital,피부시술병원,skin_treatment_hospital|hospital,confirmed,kakao_category:피부과|리프팅|써마지|피부과,"의료,건강 > 병원 > 피부과",HP8,병원,02-511-2227,서울 강남구 청담동 100-32,서울 강남구 압구정로 449,127.0465210027,37.5262494901,http://place.map.kakao.com/1286912856
청담더오피부과의원,1653978024,skin_treatment_hospital,피부시술병원,skin_treatment_hospital|hospital,confirmed,kakao_category:피부과|리프팅|보톡스|써마지|울쎄라|피부과|필러,"의료,건강 > 병원 > 피부과",HP8,병원,02-3444-0501,서울 강남구 삼성동 37-20,서울 강남구 선릉로 602,127.0439980528,37.5105504755,http://place.map.kakao.com/1653978024
청담더유외과의원,26783873,skin_treatment_hospital,피부시술병원,skin_treatment_hospital|hospital,medium,필러,"의료,건강 > 병원 > 성형외과",HP8,병원,02-511-7770,서울 강남구 청담동 71-3,서울 강남구 영동대로 713,127.0557554543,37.5213034937,http://place.map.kakao.com/26783873
청담도트의원,218421595,skin_treatment_hospital,피부시술병원,skin_treatment_hospital|hospital,medium,보톡스,"의료,건강 > 병원 > 일반의원",HP8,병원,02-3445-8880,서울 강남구 청담동 98-7,서울 강남구 도산대로 457,127.0466024594,37.5244366417,http://place.map.kakao.com/218421595
청담디어의원,1795617154,skin_treatment_hospital,피부시술병원,skin_treatment_hospital|hospital,high,리프팅|보톡스|써마지|여드름|울쎄라|피부레이저|필러,"의료,건강 > 병원 > 일반의원",HP8,병원,02-541-0923,서울 강남구 청담동 85-12,서울 강남구 선릉로 820,127.0402099627,37.5249606714,http://place.map.kakao.com/1795617154
청담란셀의원,1601304408,skin_treatment_hospital,피부시술병원,skin_treatment_hospital|hospital,confirmed,kakao_category:피부과|보톡스|써마지|여드름|울쎄라|피부과|필러,"의료,건강 > 병원 > 피부과",HP8,병원,02-546-8844,서울 강남구 논현동 278-13,서울 강남구 봉은사로 325,127.0423804052,37.5101284958,http://place.map.kakao.com/1601304408
청담루비의원,2083167080,skin_treatment_hospital,피부시술병원,skin_treatment_hospital|hospital,confirmed,kakao_category:피부과|리프팅|보톡스|써마지|여드름|울쎄라|피부과|피부레이저|필러,"의료,건강 > 병원 > 피부과",HP8,병원,02-515-2005,서울 강남구 압구정동 521,서울 강남구 압구정로 425,127.0435554466,37.5274399436,http://place.map.kakao.com/2083167080
청담루틴의원,745286492,skin_treatment_hospital,피부시술병원,skin_treatment_hospital|hospital,confirmed,kakao_category:피부과|리프팅|피부과,"의료,건강 > 병원 > 피부과",HP8,병원,02-3445-0888,서울 강남구 청담동 76-5,서울 강남구 학동로 501,127.0504678295,37.5191578804,http://place.map.kakao.com/745286492
청담르벨의원,1999336808,skin_treatment_hospital,피부시술병원,skin_treatment_hospital|hospital,confirmed,kakao_category:피부과|리프팅|보톡스|여드름|피부과|피부레이저|필러,"의료,건강 > 병원 > 피부과",HP8,병원,02-515-9003,서울 강남구 청담동 1-18,서울 강남구 선릉로 756,127.0396609973,37.5222605526,http://place.map.kakao.com/1999336808
청담리투의원,1086986576,skin_treatment_hospital,피부시술병원,skin_treatment_hospital|hospital,confirmed,kakao_category:피부과|리프팅|보톡스|써마지|여드름|울쎄라|피부과|피부레이저|필러,"의료,건강 > 병원 > 피부과",HP8,병원,02-515-0288,서울 강남구 청담동 87-11,서울 강남구 도산대로 417,127.0411177441,37.5238115808,http://place.map.kakao.com/1086986576
청담메자닌의원,9757601,skin_treatment_hospital,피부시술병원,skin_treatment_hospital|hospital,confirmed,kakao_category:피부과|리프팅|보톡스|써마지|여드름|울쎄라|피부과|필러,"의료,건강 > 병원 > 피부과",HP8,병원,02-547-9711,서울 강남구 청담동 63-18,서울 강남구 삼성로 726,127.0496384501,37.5205322614,http://place.map.kakao.com/9757601
청담미닛의원,1112528460,skin_treatment_hospital,피부시술병원,skin_treatment_hospital|hospital,confirmed,kakao_category:피부과|리프팅|보톡스|써마지|울쎄라|피부과|필러,"의료,건강 > 병원 > 피부과",HP8,병원,02-516-2050,서울 강남구 청담동 100-32,서울 강남구 압구정로 449,127.0465187374,37.526244986,http://place.map.kakao.com/1112528460
청담밴스의원,2112182458,skin_treatment_hospital,피부시술병원,skin_treatment_hospital|hospital,confirmed,kakao_category:피부과|리프팅|보톡스|써마지|여드름|울쎄라|제모|피부과|피부레이저|필러,"의료,건강 > 병원 > 피부과",HP8,병원,02-6956-0606,서울 강남구 청담동 85-2,서울 강남구 선릉로 822,127.0401716579,37.5252562131,http://place.map.kakao.com/2112182458
청담별의원,170230910,skin_treatment_hospital,피부시술병원,skin_treatment_hospital|hospital,medium,리프팅,"의료,건강 > 병원 > 일반의원",HP8,병원,02-541-7113,서울 강남구 청담동 46-19,서울 강남구 학동로 433,127.0483149291,37.5187623393,http://place.map.kakao.com/170230910
청담봄온의원,106689899,skin_treatment_hospital,피부시술병원,skin_treatment_hospital|hospital,confirmed,kakao_category:피부과|리프팅|보톡스|써마지|여드름|울쎄라|피부과|피부레이저|필러,"의료,건강 > 병원 > 피부과",HP8,병원,02-6925-0585,서울 강남구 논현동 92,서울 강남구 도산대로 318,127.0368949286,37.5218415818,http://place.map.kakao.com/106689899
청담뷰엘의원,1138891960,skin_treatment_hospital,피부시술병원,skin_treatment_hospital|hospital,confirmed,kakao_category:피부과|피부과,"의료,건강 > 병원 > 피부과",HP8,병원,,서울 강남구 청담동 2-6,서울 강남구 도산대로 410,127.0404803971,37.5229783737,http://place.map.kakao.com/1138891960
청담비아이의원,7905965,skin_treatment_hospital,피부시술병원,skin_treatment_hospital|hospital,high,보톡스|필러,"의료,건강 > 병원 > 성형외과",HP8,병원,02-501-2727,서울 강남구 청담동 80-19,서울 강남구 압구정로72길 8,127.0450253508,37.5261104145,http://place.map.kakao.com/7905965
청담비포앤애프터클리닉,697875716,skin_treatment_hospital,피부시술병원,skin_treatment_hospital|hospital,confirmed,kakao_category:피부과|리프팅|보톡스|써마지|울쎄라|피부과|피부레이저|필러,"의료,건강 > 병원 > 피부과",HP8,병원,02-544-1614,서울 강남구 청담동 141-13,서울 강남구 압구정로 437,127.0451389847,37.526948303,http://place.map.kakao.com/697875716
청담서클의원 본관,704023885,skin_treatment_hospital,피부시술병원,skin_treatment_hospital|hospital,confirmed,kakao_category:피부과|리프팅|보톡스|써마지|여드름|울쎄라|피부과|피부레이저|필러,"의료,건강 > 병원 > 피부과",HP8,병원,02-515-9788,서울 강남구 청담동 89-20,서울 강남구 도산대로57길 22,127.0417440206,37.5250538433,http://place.map.kakao.com/704023885
청담서클의원 신관,1533062412,skin_treatment_hospital,피부시술병원,skin_treatment_hospital|hospital,medium,보톡스,"의료,건강 > 병원 > 일반의원",HP8,병원,02-515-9788,서울 강남구 청담동 89-21,서울 강남구 도산대로57길 20,127.0416760659,37.524913311,http://place.map.kakao.com/1533062412
청담세란의원,462324319,skin_treatment_hospital,피부시술병원,skin_treatment_hospital|hospital,confirmed,kakao_category:피부과|리프팅|보톡스|여드름|제모|피부과|피부레이저|필러,"의료,건강 > 병원 > 피부과",HP8,병원,02-3444-7300,서울 강남구 신사동 630-23,서울 강남구 도산대로 309,127.0351734562,37.5223809066,http://place.map.kakao.com/462324319
청담셀팅의원,2095578495,skin_treatment_hospital,피부시술병원,skin_treatment_hospital|hospital,confirmed,kakao_category:피부과|피부과,"의료,건강 > 병원 > 피부과",HP8,병원,1555-1527,서울 강남구 신사동 666-10,서울 강남구 선릉로 803,127.0389605027,37.5239321455,http://place.map.kakao.com/2095578495
청담아르덴의원,284847773,skin_treatment_hospital,피부시술병원,skin_treatment_hospital|hospital,confirmed,kakao_category:피부과|보톡스|써마지|피부과|필러,"의료,건강 > 병원 > 피부과",HP8,병원,02-518-1259,서울 강남구 청담동 88-37,서울 강남구 선릉로152길 17,127.0410343387,37.5243729343,http://place.map.kakao.com/284847773
청담아르티의원,449960016,skin_treatment_hospital,피부시술병원,skin_treatment_hospital|hospital,confirmed,kakao_category:피부과|써마지|울쎄라|피부과,"의료,건강 > 병원 > 피부과",HP8,병원,02-2282-0117,서울 강남구 청담동 100-17,서울 강남구 압구정로 445,127.0461093905,37.5265388732,http://place.map.kakao.com/449960016
청담아리움의원,2120300887,skin_treatment_hospital,피부시술병원,skin_treatment_hospital|hospital,confirmed,kakao_category:피부과|울쎄라|피부과|필러,"의료,건강 > 병원 > 피부과",HP8,병원,02-543-8753,서울 강남구 청담동 9-8,서울 강남구 삼성로 741,127.0484388904,37.5215373776,http://place.map.kakao.com/2120300887
청담아이비성형외과의원,12691871,skin_treatment_hospital,피부시술병원,skin_treatment_hospital|hospital,high,보톡스|여드름|피부레이저,"의료,건강 > 병원 > 성형외과",HP8,병원,02-543-5511,서울 강남구 신사동 665-6,서울 강남구 선릉로 815,127.039332002,37.5247834696,http://place.map.kakao.com/12691871
청담아이스피부과의원,39548463,skin_treatment_hospital,피부시술병원,skin_treatment_hospital|hospital,confirmed,kakao_category:피부과|리프팅|보톡스|써마지|제모|피부과|필러,"의료,건강 > 병원 > 피부과",HP8,병원,02-517-4477,서울 강남구 청담동 63-18,서울 강남구 삼성로 726,127.049641855,37.5205493791,http://place.map.kakao.com/39548463
청담아이우의원,1558641338,skin_treatment_hospital,피부시술병원,skin_treatment_hospital|hospital,confirmed,kakao_category:피부과|리프팅|보톡스|써마지|피부과|필러,"의료,건강 > 병원 > 피부과",HP8,병원,02-6953-1175,서울 강남구 신사동 639-3,서울 강남구 압구정로 320,127.0364547491,37.528543373,http://place.map.kakao.com/1558641338
청담아티젠의원,22424948,skin_treatment_hospital,피부시술병원,skin_treatment_hospital|hospital,confirmed,kakao_category:피부과|리프팅|보톡스|써마지|여드름|울쎄라|피부과|피부레이저|필러,"의료,건강 > 병원 > 피부과",HP8,병원,02-6224-8000,서울 강남구 청담동 85-4,서울 강남구 선릉로 818,127.0399507937,37.5247589348,http://place.map.kakao.com/22424948
청담안느의원,118889683,skin_treatment_hospital,피부시술병원,skin_treatment_hospital|hospital,confirmed,kakao_category:피부과|리프팅|보톡스|써마지|울쎄라|피부과|필러,"의료,건강 > 병원 > 피부과",HP8,병원,02-545-2332,서울 강남구 청담동 119-3,서울 강남구 도산대로 501,127.0476274853,37.5245939082,http://place.map.kakao.com/118889683
청담안즈피부과의원,1999469785,skin_treatment_hospital,피부시술병원,skin_treatment_hospital|hospital,confirmed,kakao_category:피부과|리프팅|보톡스|써마지|여드름|울쎄라|피부과|피부레이저|필러,"의료,건강 > 병원 > 피부과",HP8,병원,02-511-7900,서울 강남구 논현동 61-3,서울 강남구 도산대로 220,127.03111937,37.5202736978,http://place.map.kakao.com/1999469785
청담에끌라드의원,1596206450,skin_treatment_hospital,피부시술병원,skin_treatment_hospital|hospital,confirmed,kakao_category:피부과|리프팅|보톡스|써마지|여드름|울쎄라|피부과|피부레이저|필러,"의료,건강 > 병원 > 피부과",HP8,병원,02-6120-8888,서울 강남구 청담동 3,서울 강남구 도산대로 420,127.0421954041,37.5230543587,http://place.map.kakao.com/1596206450
청담에스민의원,1386663480,skin_treatment_hospital,피부시술병원,skin_treatment_hospital|hospital,high,리프팅|보톡스|써마지|여드름|피부레이저|필러,"의료,건강 > 병원 > 가정의학과",HP8,병원,02-540-3339,서울 강남구 청담동 100-14,서울 강남구 도산대로81길 41,127.0465417394,37.5268504503,http://place.map.kakao.com/1386663480
청담에이스의원,1663416624,skin_treatment_hospital,피부시술병원,skin_treatment_hospital|hospital,confirmed,kakao_category:피부과|보톡스|피부과|필러,"의료,건강 > 병원 > 피부과",HP8,병원,02-511-8556,서울 강남구 청담동 100-17,서울 강남구 압구정로 445,127.0461093905,37.5265388732,http://place.map.kakao.com/1663416624
청담엔비의원,9447317,skin_treatment_hospital,피부시술병원,skin_treatment_hospital|hospital,confirmed,kakao_category:피부과|리프팅|보톡스|써마지|여드름|울쎄라|제모|피부과|피부레이저|필러,"의료,건강 > 병원 > 피부과",HP8,병원,02-543-5856,서울 강남구 청담동 48-7,서울 강남구 삼성로 772,127.0480510886,37.523624258,http://place.map.kakao.com/9447317
청담엔샤인의원,2059938964,skin_treatment_hospital,피부시술병원,skin_treatment_hospital|hospital,medium,리프팅,"의료,건강 > 병원 > 일반의원",HP8,병원,02-546-1446,서울 강남구 신사동 666-16,서울 강남구 도산대로 333,127.0383776099,37.5233556947,http://place.map.kakao.com/2059938964
청담엠에스의원,27256912,skin_treatment_hospital,피부시술병원,skin_treatment_hospital|hospital,high,리프팅|보톡스|여드름|피부레이저|필러,"의료,건강 > 병원 > 일반의원",HP8,병원,02-549-2223,서울 강남구 청담동 93-11,서울 강남구 압구정로80길 34,127.0439532411,37.5247845432,http://place.map.kakao.com/27256912
청담여신성형외과의원,26619826,skin_treatment_hospital,피부시술병원,skin_treatment_hospital|hospital,high,리프팅|보톡스|필러,"의료,건강 > 병원 > 성형외과",HP8,병원,1800-2662,서울 강남구 논현동 1-4,서울 강남구 도산대로 108,127.020654626,37.5161935453,http://place.map.kakao.com/26619826
청담연세피부과의원,9471801,skin_treatment_hospital,피부시술병원,skin_treatment_hospital|hospital,confirmed,kakao_category:피부과|보톡스|여드름|피부과,"의료,건강 > 병원 > 피부과",HP8,병원,02-547-0041,서울 강남구 논현동 241-3,서울 강남구 학동로 342,127.0405674721,37.5166533025,http://place.map.kakao.com/9471801
청담오라클피부과의원,24709002,skin_treatment_hospital,피부시술병원,skin_treatment_hospital|hospital,confirmed,kakao_category:피부과|리프팅|보톡스|써마지|여드름|울쎄라|피부과|피부레이저|필러,"의료,건강 > 병원 > 피부과",HP8,병원,1800-7588,서울 강남구 삼성동 35-8,서울 강남구 선릉로 612,127.0437090681,37.5115200635,http://place.map.kakao.com/24709002
청담오아로피부과의원,376569568,skin_treatment_hospital,피부시술병원,skin_treatment_hospital|hospital,confirmed,kakao_category:피부과|리프팅|보톡스|써마지|여드름|울쎄라|피부과|피부레이저|필러,"의료,건강 > 병원 > 피부과",HP8,병원,02-541-8830,서울 강남구 신사동 652-16,서울 강남구 도산대로 327,127.0375991925,37.5231198824,http://place.map.kakao.com/376569568
청담오케이성형외과의원,929597806,skin_treatment_hospital,피부시술병원,skin_treatment_hospital|hospital,high,보톡스|써마지|울쎄라|피부레이저|필러,"의료,건강 > 병원 > 성형외과",HP8,병원,02-512-4255,서울 강남구 청담동 47-1,서울 강남구 삼성로 715,127.0494048455,37.5196583865,http://place.map.kakao.com/929597806
청담오케이의원,7945325,skin_treatment_hospital,피부시술병원,skin_treatment_hospital|hospital,high,보톡스|울쎄라|피부레이저|필러,"의료,건강 > 병원 > 일반의원",HP8,병원,02-3446-7588,서울 강남구 청담동 47-1,서울 강남구 삼성로 715,127.0494286059,37.5196664856,http://place.map.kakao.com/7945325
청담오케이피부과의원,1659478664,skin_treatment_hospital,피부시술병원,skin_treatment_hospital|hospital,confirmed,kakao_category:피부과|피부과,"의료,건강 > 병원 > 피부과",HP8,병원,02-518-4255,서울 강남구 청담동 32-5,서울 강남구 삼성로133길 12,127.0485338022,37.5196200045,http://place.map.kakao.com/1659478664
청담유스피부과의원,18514026,skin_treatment_hospital,피부시술병원,skin_treatment_hospital|hospital,confirmed,kakao_category:피부과|리프팅|보톡스|여드름|울쎄라|피부과|피부레이저|필러,"의료,건강 > 병원 > 피부과",HP8,병원,02-517-7763,서울 강남구 신사동 586-3,서울 강남구 논현로 813,127.0276333587,37.5212323309,http://place.map.kakao.com/18514026
청담은피부과의원,9339990,skin_treatment_hospital,피부시술병원,skin_treatment_hospital|hospital,confirmed,kakao_category:피부과|리프팅|보톡스|여드름|피부과|피부레이저,"의료,건강 > 병원 > 피부과",HP8,병원,02-546-3322,서울 강남구 청담동 88-37,서울 강남구 선릉로152길 17,127.0410965557,37.5243684077,http://place.map.kakao.com/9339990
청담이엘피부과의원,315338207,skin_treatment_hospital,피부시술병원,skin_treatment_hospital|hospital,confirmed,kakao_category:피부과|보톡스|여드름|울쎄라|피부과|피부레이저|필러,"의료,건강 > 병원 > 피부과",HP8,병원,02-511-0506,서울 강남구 청담동 87-11,서울 강남구 도산대로 417,127.0411132315,37.5238341075,http://place.map.kakao.com/315338207
청담이음엘의원,407642096,skin_treatment_hospital,피부시술병원,skin_treatment_hospital|hospital,confirmed,kakao_category:피부과|리프팅|보톡스|여드름|울쎄라|피부과|필러,"의료,건강 > 병원 > 피부과",HP8,병원,02-6677-7325,서울 강남구 청담동 88,서울 강남구 선릉로158길 10,127.040842601,37.5254316784,http://place.map.kakao.com/407642096
청담잇츠미의원,1747732854,skin_treatment_hospital,피부시술병원,skin_treatment_hospital|hospital,confirmed,kakao_category:피부과|울쎄라|피부과|필러,"의료,건강 > 병원 > 피부과",HP8,병원,02-515-0555,서울 강남구 신사동 663-23,서울 강남구 선릉로157길 14,127.0388270318,37.5261486549,http://place.map.kakao.com/1747732854
청담쟈스민라인의원,24528001,skin_treatment_hospital,피부시술병원,skin_treatment_hospital|hospital,confirmed,kakao_category:피부과|리프팅|보톡스|써마지|여드름|울쎄라|제모|피부과|피부레이저|필러,"의료,건강 > 병원 > 피부과",HP8,병원,02-3443-7731,서울 강남구 청담동 7-20,서울 강남구 삼성로 763,127.0477067542,37.5229432398,http://place.map.kakao.com/24528001
청담제이더마의원,1659673161,skin_treatment_hospital,피부시술병원,skin_treatment_hospital|hospital,confirmed,kakao_category:피부과|리프팅|써마지|여드름|울쎄라|피부과|피부레이저,"의료,건강 > 병원 > 피부과",HP8,병원,02-516-9855,서울 강남구 청담동 80-6,서울 강남구 압구정로 434,127.0443152045,37.5266242543,http://place.map.kakao.com/1659673161
청담제이의원,1317059726,skin_treatment_hospital,피부시술병원,skin_treatment_hospital|hospital,confirmed,kakao_category:피부과|피부과,"의료,건강 > 병원 > 피부과",HP8,병원,02-518-0070,서울 강남구 청담동 83-8,서울 강남구 도산대로55길 36,127.0409978472,37.5259082548,http://place.map.kakao.com/1317059726
청담쥬넥스피부과의원,8937892,skin_treatment_hospital,피부시술병원,skin_treatment_hospital|hospital,high,리프팅|보톡스|여드름|울쎄라|피부과|필러,"의료,건강 > 병원 > 성형외과",HP8,병원,02-549-0025,서울 강남구 청담동 92-4,서울 강남구 도산대로 435,127.0432910099,37.5240261438,http://place.map.kakao.com/8937892
청담지온유의원,1257807872,skin_treatment_hospital,피부시술병원,skin_treatment_hospital|hospital,confirmed,kakao_category:피부과|리프팅|보톡스|써마지|여드름|울쎄라|제모|피부과|피부레이저|필러,"의료,건강 > 병원 > 피부과",HP8,병원,02-545-9402,서울 강남구 논현동 241-1,서울 강남구 학동로 338,127.0401364703,37.5165885775,http://place.map.kakao.com/1257807872
청담지움성형외과의원,897051898,skin_treatment_hospital,피부시술병원,skin_treatment_hospital|hospital,medium,피부레이저,"의료,건강 > 병원 > 성형외과",HP8,병원,02-578-8275,서울 강남구 청담동 88,서울 강남구 선릉로158길 10,127.040842601,37.5254316784,http://place.map.kakao.com/897051898
청담차오름의원,62919902,skin_treatment_hospital,피부시술병원,skin_treatment_hospital|hospital,confirmed,kakao_category:피부과|리프팅|보톡스|써마지|여드름|울쎄라|피부과|피부레이저|필러,"의료,건강 > 병원 > 피부과",HP8,병원,0503-7153-5466,서울 강남구 청담동 141-10,서울 강남구 도산대로81길 55,127.0455079661,37.527239185,http://place.map.kakao.com/62919902
청담청아의원,1608557723,skin_treatment_hospital,피부시술병원,skin_treatment_hospital|hospital,confirmed,kakao_category:피부과|리프팅|보톡스|써마지|여드름|울쎄라|피부과|피부레이저|필러,"의료,건강 > 병원 > 피부과",HP8,병원,02-517-1009,서울 강남구 청담동 5-9,서울 강남구 도산대로 450,127.0454604563,37.5235189653,http://place.map.kakao.com/1608557723
청담카민의원,1101385959,skin_treatment_hospital,피부시술병원,skin_treatment_hospital|hospital,confirmed,kakao_category:피부과|리프팅|보톡스|써마지|여드름|울쎄라|피부과|피부레이저|필러,"의료,건강 > 병원 > 피부과",HP8,병원,02-544-0941,서울 강남구 삼성동 189,서울 강남구 삼성로 651,127.0500317844,37.5183507671,http://place.map.kakao.com/1101385959
청담큐비큐의원,1330110120,skin_treatment_hospital,피부시술병원,skin_treatment_hospital|hospital,confirmed,kakao_category:피부과|리프팅|보톡스|써마지|울쎄라|제모|피부과|피부레이저|필러,"의료,건강 > 병원 > 피부과",HP8,병원,02-3443-1777,서울 강남구 청담동 5-12,서울 강남구 도산대로 452,127.0457331559,37.5236305843,http://place.map.kakao.com/1330110120
청담타임성형외과의원,15197126,skin_treatment_hospital,피부시술병원,skin_treatment_hospital|hospital,medium,리프팅,"의료,건강 > 병원 > 성형외과",HP8,병원,02-548-2260,서울 강남구 논현동 1-2,서울 강남구 도산대로 106,127.0204645757,37.5161251021,http://place.map.kakao.com/15197126
청담파크의원,1712543771,skin_treatment_hospital,피부시술병원,skin_treatment_hospital|hospital,confirmed,kakao_category:피부과|리프팅|보톡스|써마지|여드름|울쎄라|제모|피부과|피부레이저|필러,"의료,건강 > 병원 > 피부과",HP8,병원,02-3445-8819,서울 강남구 청담동 88-19,서울 강남구 선릉로158길 14-2,127.0409522046,37.5251928749,http://place.map.kakao.com/1712543771
청담퍼스널의원,1183529794,skin_treatment_hospital,피부시술병원,skin_treatment_hospital|hospital,high,리프팅|보톡스|써마지|제모|피부레이저|필러,"의료,건강 > 병원 > 일반의원",HP8,병원,02-514-1118,서울 강남구 논현동 101-24,서울 강남구 선릉로 749,127.0394773152,37.5214587217,http://place.map.kakao.com/1183529794
청담포레브의원,2051858820,skin_treatment_hospital,피부시술병원,skin_treatment_hospital|hospital,confirmed,kakao_category:피부과|리프팅|보톡스|써마지|울쎄라|피부과|피부레이저|필러,"의료,건강 > 병원 > 피부과",HP8,병원,02-6953-4848,서울 강남구 논현동 93-3,서울 강남구 도산대로 330,127.0381135679,37.5224493717,http://place.map.kakao.com/2051858820
청담포워드피부과의원,1347311228,skin_treatment_hospital,피부시술병원,skin_treatment_hospital|hospital,confirmed,kakao_category:피부과|리프팅|보톡스|써마지|여드름|피부과|필러,"의료,건강 > 병원 > 피부과",HP8,병원,02-549-9004,서울 강남구 청담동 44-14,서울 강남구 학동로 415,127.0454843935,37.5182264653,http://place.map.kakao.com/1347311228
청담플렉스피부과의원,1608662515,skin_treatment_hospital,피부시술병원,skin_treatment_hospital|hospital,confirmed,kakao_category:피부과|리프팅|보톡스|써마지|여드름|울쎄라|피부과|피부레이저|필러,"의료,건강 > 병원 > 피부과",HP8,병원,02-549-0912,서울 강남구 청담동 87-1,서울 강남구 선릉로152길 12,127.0405420366,37.5239991883,http://place.map.kakao.com/1608662515
청담하나피부과의원,15292243,skin_treatment_hospital,피부시술병원,skin_treatment_hospital|hospital,confirmed,kakao_category:피부과|피부과,"의료,건강 > 병원 > 피부과",HP8,병원,02-549-6788,서울 강남구 청담동 118-17,서울 강남구 압구정로 461,127.047233089,37.5252536002,http://place.map.kakao.com/15292243
청담하트피부과의원,2142563759,skin_treatment_hospital,피부시술병원,skin_treatment_hospital|hospital,confirmed,kakao_category:피부과|보톡스|여드름|피부과,"의료,건강 > 병원 > 피부과",HP8,병원,02-518-1519,서울 강남구 청담동 133-2,서울 강남구 영동대로 704,127.0573567135,37.5205918357,http://place.map.kakao.com/2142563759
청담헤아린의원,452803741,skin_treatment_hospital,피부시술병원,skin_treatment_hospital|hospital,high,리프팅|필러,"의료,건강 > 병원 > 일반의원",HP8,병원,02-518-1600,서울 강남구 청담동 2-10,서울 강남구 도산대로 412,127.0407134263,37.5229656796,http://place.map.kakao.com/452803741
청담현피부과의원,2135558613,skin_treatment_hospital,피부시술병원,skin_treatment_hospital|hospital,confirmed,kakao_category:피부과|피부과,"의료,건강 > 병원 > 피부과",HP8,병원,02-3447-0075,서울 강남구 신사동 572-4,서울 강남구 압구정로20길 21,127.0259649166,37.5247916697,http://place.map.kakao.com/2135558613
청담흰의원,9620422,skin_treatment_hospital,피부시술병원,skin_treatment_hospital|hospital,high,리프팅|필러,"의료,건강 > 병원 > 성형외과",HP8,병원,02-3442-3939,서울 강남구 청담동 118-17,서울 강남구 압구정로 461,127.0472308349,37.5252671161,http://place.map.kakao.com/9620422
청담힐의원,21192938,skin_treatment_hospital,피부시술병원,skin_treatment_hospital|hospital,high,리프팅|보톡스|필러,"의료,건강 > 병원 > 일반의원",HP8,병원,02-546-0011,서울 강남구 청담동 91-4,서울 강남구 선릉로152길 32,127.0422096364,37.5242211517,http://place.map.kakao.com/21192938
청미의원,27158470,skin_treatment_hospital,피부시술병원,skin_treatment_hospital|hospital,high,리프팅|보톡스|여드름|피부레이저|필러,"의료,건강 > 병원 > 성형외과",HP8,병원,02-517-1078,서울 강남구 삼성동 140-1,서울 강남구 선릉로 528,127.0476942523,37.5068549216,http://place.map.kakao.com/27158470
청아연의원,97054338,skin_treatment_hospital,피부시술병원,skin_treatment_hospital|hospital,confirmed,kakao_category:피부과|리프팅|보톡스|여드름|울쎄라|피부과|피부레이저|필러,"의료,건강 > 병원 > 피부과",HP8,병원,02-6951-5636,서울 강남구 논현동 18-4,서울 강남구 강남대로 584,127.0206630591,37.5139590544,http://place.map.kakao.com/97054338
체인지의원,39193231,skin_treatment_hospital,피부시술병원,skin_treatment_hospital|hospital,high,리프팅|보톡스|써마지|울쎄라|피부레이저|필러,"의료,건강 > 병원 > 성형외과",HP8,병원,02-547-0809,서울 강남구 논현동 92,서울 강남구 도산대로 318,127.0363848225,37.5219994155,http://place.map.kakao.com/39193231
초이스피부과 신사점,8157108,skin_treatment_hospital,피부시술병원,skin_treatment_hospital|hospital,confirmed,kakao_category:피부과|리프팅|보톡스|써마지|여드름|울쎄라|피부과|피부레이저|필러,"의료,건강 > 병원 > 피부과",HP8,병원,02-546-5346,서울 강남구 신사동 501,서울 강남구 강남대로 616,127.0198720336,37.5167847379,http://place.map.kakao.com/8157108
최우식노즈립성형외과의원,1270250811,skin_treatment_hospital,피부시술병원,skin_treatment_hospital|hospital,high,리프팅|피부레이저,"의료,건강 > 병원 > 성형외과",HP8,병원,02-3442-0900,서울 강남구 논현동 66-11,서울 강남구 논현로 746,127.029166234,37.5185235471,http://place.map.kakao.com/1270250811
최윤정피부과의원,8117395,skin_treatment_hospital,피부시술병원,skin_treatment_hospital|hospital,confirmed,kakao_category:피부과|피부과,"의료,건강 > 병원 > 피부과",HP8,병원,02-6205-7575,서울 강남구 청담동 41-1,서울 강남구 선릉로 704,127.0413824911,37.5177270159,http://place.map.kakao.com/8117395
치유성형외과의원,1881378077,skin_treatment_hospital,피부시술병원,skin_treatment_hospital|hospital,high,리프팅|필러,"의료,건강 > 병원 > 성형외과",HP8,병원,02-518-1141,서울 강남구 논현동 2,서울 강남구 도산대로 110,127.0210166147,37.5162781758,http://place.map.kakao.com/1881378077
컴포트성형외과의원,1219645618,skin_treatment_hospital,피부시술병원,skin_treatment_hospital|hospital,medium,피부레이저,"의료,건강 > 병원 > 성형외과",HP8,병원,02-557-0775,서울 강남구 역삼동 822-1,서울 강남구 테헤란로 105,127.0285297307,37.498636725,http://place.map.kakao.com/1219645618
케이아트성형외과의원,26347442,skin_treatment_hospital,피부시술병원,skin_treatment_hospital|hospital,high,리프팅|보톡스|필러,"의료,건강 > 병원 > 성형외과",HP8,병원,1644-3615,서울 강남구 신사동 585-1,서울 강남구 논현로 831,127.0277650787,37.5225783981,http://place.map.kakao.com/26347442
코미인의원,16877314,skin_treatment_hospital,피부시술병원,skin_treatment_hospital|hospital,high,리프팅|필러,"의료,건강 > 병원 > 성형외과",HP8,병원,02-511-3050,서울 강남구 논현동 200-6,서울 강남구 봉은사로 105,127.0250510011,37.5049391487,http://place.map.kakao.com/16877314
코어피부과의원,1085396519,skin_treatment_hospital,피부시술병원,skin_treatment_hospital|hospital,confirmed,kakao_category:피부과|리프팅|보톡스|써마지|울쎄라|피부과|필러,"의료,건강 > 병원 > 피부과",HP8,병원,02-512-0326,서울 강남구 신사동 585,서울 강남구 논현로 833,127.0278952645,37.5228297472,http://place.map.kakao.com/1085396519
코원성형외과의원,20058772,skin_treatment_hospital,피부시술병원,skin_treatment_hospital|hospital,medium,필러,"의료,건강 > 병원 > 성형외과",HP8,병원,02-6242-7080,서울 강남구 논현동 2,서울 강남구 도산대로 110,127.0210188773,37.5162790764,http://place.map.kakao.com/20058772
코웰성형외과의원,10821693,skin_treatment_hospital,피부시술병원,skin_treatment_hospital|hospital,high,리프팅|보톡스|써마지|울쎄라|필러,"의료,건강 > 병원 > 성형외과",HP8,병원,02-542-6632,서울 강남구 논현동 118-16,서울 강남구 학동로 337,127.0399342428,37.5170535638,http://place.map.kakao.com/10821693
코코라인의원,13295221,skin_treatment_hospital,피부시술병원,skin_treatment_hospital|hospital,medium,필러,"의료,건강 > 병원 > 성형외과",HP8,병원,02-540-2500,서울 강남구 신사동 579,서울 강남구 압구정로 156,127.0267662949,37.5260204578,http://place.map.kakao.com/13295221
코코성형외과의원,17606436,skin_treatment_hospital,피부시술병원,skin_treatment_hospital|hospital,high,리프팅|보톡스|필러,"의료,건강 > 병원 > 성형외과",HP8,병원,02-543-0042,서울 강남구 신사동 582-8,서울 강남구 논현로 851,127.0280555538,37.5249245399,http://place.map.kakao.com/17606436
코헨의원,13724099,skin_treatment_hospital,피부시술병원,skin_treatment_hospital|hospital,high,리프팅|보톡스|피부레이저|필러,"의료,건강 > 병원 > 성형외과",HP8,병원,02-568-2580,서울 강남구 삼성동 158-12,서울 강남구 테헤란로87길 13,127.0586188336,37.508630391,http://place.map.kakao.com/13724099
콜나움의원,55060838,skin_treatment_hospital,피부시술병원,skin_treatment_hospital|hospital,high,리프팅|보톡스|필러,"의료,건강 > 병원 > 일반의원",HP8,병원,02-562-1374,서울 강남구 역삼동 825-9,서울 강남구 강남대로 378,127.0286307527,37.4966544864,http://place.map.kakao.com/55060838
쿠키성형외과의원,8320884,skin_treatment_hospital,피부시술병원,skin_treatment_hospital|hospital,high,리프팅|보톡스|필러,"의료,건강 > 병원 > 성형외과",HP8,병원,02-562-8500,서울 강남구 역삼동 822-1,서울 강남구 테헤란로 105,127.0285297307,37.498636725,http://place.map.kakao.com/8320884
큐디의원,1715815147,skin_treatment_hospital,피부시술병원,skin_treatment_hospital|hospital,high,써마지|울쎄라|필러,"의료,건강 > 병원 > 성형외과",HP8,병원,02-514-1650,서울 강남구 논현동 165,서울 강남구 강남대로 502,127.0236764334,37.5071324788,http://place.map.kakao.com/1715815147
크리스성형외과의원,1363903993,skin_treatment_hospital,피부시술병원,skin_treatment_hospital|hospital,high,리프팅|보톡스|피부레이저|필러,"의료,건강 > 병원 > 성형외과",HP8,병원,02-540-5800,서울 강남구 신사동 513-3,서울 강남구 도산대로 111,127.0206831127,37.5169476803,http://place.map.kakao.com/1363903993
클라시코의원,1719941550,skin_treatment_hospital,피부시술병원,skin_treatment_hospital|hospital,confirmed,kakao_category:피부과|써마지|울쎄라|피부과,"의료,건강 > 병원 > 피부과",HP8,병원,02-515-7511,서울 강남구 청담동 96-27,서울 강남구 도산대로75길 11,127.0457860112,37.5249685523,http://place.map.kakao.com/1719941550
클래스원의원,1108318815,skin_treatment_hospital,피부시술병원,skin_treatment_hospital|hospital,confirmed,kakao_category:피부과|리프팅|보톡스|써마지|울쎄라|제모|피부과|필러,"의료,건강 > 병원 > 피부과",HP8,병원,02-6958-8906,서울 강남구 역삼동 825,서울 강남구 강남대로 390,127.0285791857,37.4978402234,http://place.map.kakao.com/1108318815
클레어성형외과의원,1020285232,skin_treatment_hospital,피부시술병원,skin_treatment_hospital|hospital,high,리프팅|보톡스|필러,"의료,건강 > 병원 > 성형외과",HP8,병원,02-2138-3177,서울 강남구 역삼동 822-2,서울 강남구 테헤란로 107,127.0287536613,37.498681721,http://place.map.kakao.com/1020285232
클리니크후즈후,1548465408,skin_treatment_hospital,피부시술병원,skin_treatment_hospital|hospital,confirmed,kakao_category:피부과|피부과,"의료,건강 > 병원 > 피부과",HP8,병원,02-1588-7536,서울 강남구 청담동 84,서울 강남구 선릉로 842,127.0406861796,37.5269535249,http://place.map.kakao.com/1548465408
클리브성형외과의원,1104747407,skin_treatment_hospital,피부시술병원,skin_treatment_hospital|hospital,medium,필러,"의료,건강 > 병원 > 성형외과",HP8,병원,02-6212-8080,서울 강남구 신사동 514-16,서울 강남구 도산대로 121,127.0217284305,37.5174079054,http://place.map.kakao.com/1104747407
클린타투의원,323344735,skin_treatment_hospital,피부시술병원,skin_treatment_hospital|hospital,high,여드름|피부레이저,"의료,건강 > 병원 > 가정의학과",HP8,병원,1644-0755,서울 강남구 논현동 201-12,서울 강남구 봉은사로 111,127.0257002665,37.5051966967,http://place.map.kakao.com/323344735
타임리스피부과의원 도곡,554456908,skin_treatment_hospital,피부시술병원,skin_treatment_hospital|hospital,confirmed,kakao_category:피부과|리프팅|보톡스|써마지|여드름|울쎄라|피부과|피부레이저|필러,"의료,건강 > 병원 > 피부과",HP8,병원,02-2135-7960,서울 강남구 도곡동 467-12,서울 강남구 남부순환로 2806,127.0529137331,37.4891091811,http://place.map.kakao.com/554456908
타토아의원 신사점,8186733,skin_treatment_hospital,피부시술병원,skin_treatment_hospital|hospital,confirmed,kakao_category:피부과|리프팅|보톡스|써마지|여드름|울쎄라|제모|피부과|피부레이저|필러,"의료,건강 > 병원 > 피부과",HP8,병원,02-542-0222,서울 강남구 신사동 502-6,서울 강남구 강남대로 624,127.0195373966,37.5174875765,http://place.map.kakao.com/8186733
탐의원,1882555738,skin_treatment_hospital,피부시술병원,skin_treatment_hospital|hospital,confirmed,kakao_category:피부과|보톡스|피부과,"의료,건강 > 병원 > 피부과",HP8,병원,02-3444-5975,서울 강남구 청담동 91-15,서울 강남구 도산대로57길 6,127.0415941241,37.5240303576,http://place.map.kakao.com/1882555738
탑페이스성형외과의원,21604203,skin_treatment_hospital,피부시술병원,skin_treatment_hospital|hospital,medium,리프팅,"의료,건강 > 병원 > 성형외과",HP8,병원,02-514-0035,서울 강남구 신사동 600-9,서울 강남구 논현로164길 19,127.029881987,37.5234914981,http://place.map.kakao.com/21604203
탱글성형외과의원,994271204,skin_treatment_hospital,피부시술병원,skin_treatment_hospital|hospital,high,리프팅|피부레이저|필러,"의료,건강 > 병원 > 성형외과",HP8,병원,02-542-8427,서울 강남구 신사동 599,서울 강남구 논현로 842,127.0287294521,37.5240377916,http://place.map.kakao.com/994271204
테라피부과의원 강남,1973965746,skin_treatment_hospital,피부시술병원,skin_treatment_hospital|hospital,confirmed,kakao_category:피부과|피부과,"의료,건강 > 병원 > 피부과",HP8,병원,02-567-2633,서울 강남구 역삼동 822-1,서울 강남구 테헤란로 105,127.0285297307,37.498636725,http://place.map.kakao.com/1973965746
테일러성형외과의원,1823792523,skin_treatment_hospital,피부시술병원,skin_treatment_hospital|hospital,high,리프팅|보톡스|피부레이저|필러,"의료,건강 > 병원 > 성형외과",HP8,병원,02-543-7020,서울 강남구 신사동 610-5,서울 강남구 논현로 868,127.0287755025,37.5261208075,http://place.map.kakao.com/1823792523
테크필피부과의원,12148948,skin_treatment_hospital,피부시술병원,skin_treatment_hospital|hospital,confirmed,kakao_category:피부과|피부과|피부레이저,"의료,건강 > 병원 > 피부과",HP8,병원,02-568-7175,서울 강남구 대치동 316,서울 강남구 삼성로 212,127.0639481894,37.4953233763,http://place.map.kakao.com/12148948
톡스앤필의원 압구정점,19387542,skin_treatment_hospital,피부시술병원,skin_treatment_hospital|hospital,confirmed,kakao_category:피부과|리프팅|보톡스|여드름|울쎄라|피부과|필러,"의료,건강 > 병원 > 피부과",HP8,병원,02-542-4842,서울 강남구 신사동 600-2,서울 강남구 논현로168길 18,127.0296660302,37.5237744673,http://place.map.kakao.com/19387542
투명피부과의원,26801287,skin_treatment_hospital,피부시술병원,skin_treatment_hospital|hospital,confirmed,kakao_category:피부과|리프팅|보톡스|써마지|여드름|울쎄라|제모|피부과|피부레이저|필러,"의료,건강 > 병원 > 피부과",HP8,병원,02-556-5522,서울 강남구 역삼동 646-20,서울 강남구 테헤란로 141,127.0346961342,37.5005163757,http://place.map.kakao.com/26801287
투비성형외과의원,587084264,skin_treatment_hospital,피부시술병원,skin_treatment_hospital|hospital,medium,리프팅,"의료,건강 > 병원 > 성형외과",HP8,병원,02-544-3222,서울 강남구 논현동 5-1,서울 강남구 도산대로 134,127.0233787743,37.5173535301,http://place.map.kakao.com/587084264
트로피 피부과의원,472730250,skin_treatment_hospital,피부시술병원,skin_treatment_hospital|hospital,confirmed,kakao_category:피부과|리프팅|보톡스|써마지|여드름|울쎄라|피부과|필러,"의료,건강 > 병원 > 피부과",HP8,병원,02-518-9720,서울 강남구 신사동 592-2,서울 강남구 논현로 828,127.028516199,37.522523258,http://place.map.kakao.com/472730250
티알트리니티라파엘로 청담의원,1355576045,skin_treatment_hospital,피부시술병원,skin_treatment_hospital|hospital,high,리프팅|여드름|피부레이저,"의료,건강 > 병원 > 성형외과",HP8,병원,1551-7963,서울 강남구 청담동 118-12,서울 강남구 도산대로81길 19,127.0473871831,37.5256337614,http://place.map.kakao.com/1355576045
티업의원,873782242,skin_treatment_hospital,피부시술병원,skin_treatment_hospital|hospital,high,리프팅|보톡스|써마지|여드름|제모|피부레이저|필러,"의료,건강 > 병원 > 일반의원",HP8,병원,02-567-0333,서울 강남구 역삼동 708-8,서울 강남구 선릉로 433,127.0489148525,37.5037738856,http://place.map.kakao.com/873782242
티에스성형외과,26889334,skin_treatment_hospital,피부시술병원,skin_treatment_hospital|hospital,medium,리프팅,"의료,건강 > 병원 > 성형외과",HP8,병원,02-512-7580,서울 강남구 논현동 1-3,서울 강남구 도산대로 108,127.020654624,37.5161863373,http://place.map.kakao.com/26889334
티원클리닉,20059551,skin_treatment_hospital,피부시술병원,skin_treatment_hospital|hospital,confirmed,kakao_category:피부과|리프팅|보톡스|써마지|울쎄라|피부과|필러,"의료,건강 > 병원 > 피부과",HP8,병원,02-515-4842,서울 강남구 삼성동 158-23,서울 강남구 테헤란로 513,127.0588807645,37.5080355976,http://place.map.kakao.com/20059551
티제이성형외과의원,848660615,skin_treatment_hospital,피부시술병원,skin_treatment_hospital|hospital,high,리프팅|피부레이저|필러,"의료,건강 > 병원 > 성형외과",HP8,병원,0507-1445-4569,서울 강남구 논현동 1,서울 강남구 강남대로 606,127.0201568365,37.515867468,http://place.map.kakao.com/848660615
티티성형외과의원,1622939944,skin_treatment_hospital,피부시술병원,skin_treatment_hospital|hospital,high,리프팅|보톡스|써마지|피부레이저|필러,"의료,건강 > 병원 > 성형외과",HP8,병원,02-6953-7566,서울 강남구 논현동 165-8,서울 강남구 강남대로 492,127.0241127029,37.5062061573,http://place.map.kakao.com/1622939944
파르크도산의원,893777789,skin_treatment_hospital,피부시술병원,skin_treatment_hospital|hospital,confirmed,kakao_category:피부과|리프팅|써마지|울쎄라|피부과|필러,"의료,건강 > 병원 > 피부과",HP8,병원,02-512-5758,서울 강남구 신사동 644-5,서울 강남구 언주로170길 20,127.0352716442,37.5266993815,http://place.map.kakao.com/893777789
파인드피부과의원,1614852317,skin_treatment_hospital,피부시술병원,skin_treatment_hospital|hospital,confirmed,kakao_category:피부과|리프팅|보톡스|써마지|여드름|울쎄라|피부과|피부레이저|필러,"의료,건강 > 병원 > 피부과",HP8,병원,02-511-6004,서울 강남구 신사동 591-16,서울 강남구 논현로 820,127.0284422879,37.5215204598,http://place.map.kakao.com/1614852317
팝성형외과의원,9312863,skin_treatment_hospital,피부시술병원,skin_treatment_hospital|hospital,high,리프팅|보톡스|필러,"의료,건강 > 병원 > 성형외과",HP8,병원,02-545-0025,서울 강남구 신사동 584-3,서울 강남구 논현로 837,127.0280549141,37.5232162395,http://place.map.kakao.com/9312863
팩트성형외과의원,1372924441,skin_treatment_hospital,피부시술병원,skin_treatment_hospital|hospital,high,리프팅|보톡스|피부레이저|필러,"의료,건강 > 병원 > 성형외과",HP8,병원,02-540-1049,서울 강남구 논현동 1-1,서울 강남구 도산대로 104,127.0203424,37.5160782711,http://place.map.kakao.com/1372924441
팽팽의원,996135722,skin_treatment_hospital,피부시술병원,skin_treatment_hospital|hospital,confirmed,kakao_category:피부과|리프팅|보톡스|피부과|피부레이저|필러,"의료,건강 > 병원 > 피부과",HP8,병원,1660-3300,서울 강남구 신사동 514-16,서울 강남구 도산대로 121,127.0217284305,37.5174079054,http://place.map.kakao.com/996135722
페슈의원,922961909,skin_treatment_hospital,피부시술병원,skin_treatment_hospital|hospital,confirmed,kakao_category:피부과|리프팅|보톡스|써마지|여드름|울쎄라|제모|피부과|필러,"의료,건강 > 병원 > 피부과",HP8,병원,02-553-8176,서울 강남구 역삼동 826-21,서울 강남구 강남대로 364,127.0292941276,37.4955496895,http://place.map.kakao.com/922961909
페이스플러스성형외과의원,11925754,skin_treatment_hospital,피부시술병원,skin_treatment_hospital|hospital,high,리프팅|보톡스|필러,"의료,건강 > 병원 > 성형외과",HP8,병원,02-541-8500,서울 강남구 논현동 199-5,서울 강남구 강남대로 480,127.0245761098,37.5052942445,http://place.map.kakao.com/11925754
편안한시간의원,1980731758,skin_treatment_hospital,피부시술병원,skin_treatment_hospital|hospital,high,리프팅|보톡스,"의료,건강 > 병원 > 일반의원",HP8,병원,02-596-2110,서울 강남구 대치동 889-70,서울 강남구 테헤란로64길 18,127.0512355699,37.5037765058,http://place.map.kakao.com/1980731758
포레성형외과의원,1867106383,skin_treatment_hospital,피부시술병원,skin_treatment_hospital|hospital,medium,필러,"의료,건강 > 병원 > 성형외과",HP8,병원,02-540-0188,서울 강남구 논현동 199-5,서울 강남구 강남대로 480,127.024555751,37.5052906447,http://place.map.kakao.com/1867106383
포레웰의원,1470115839,skin_treatment_hospital,피부시술병원,skin_treatment_hospital|hospital,high,보톡스|써마지|필러,"의료,건강 > 병원 > 일반의원",HP8,병원,02-6203-0133,서울 강남구 역삼동 766-25,서울 강남구 도곡로 319,127.0508310052,37.4959018876,http://place.map.kakao.com/1470115839
포레피부과의원,1636530834,skin_treatment_hospital,피부시술병원,skin_treatment_hospital|hospital,confirmed,kakao_category:피부과|리프팅|보톡스|써마지|여드름|피부과|피부레이저|필러,"의료,건강 > 병원 > 피부과",HP8,병원,02-2294-4888,서울 강남구 신사동 655-8,서울 강남구 선릉로153길 12,127.0385650914,37.5249594179,http://place.map.kakao.com/1636530834
포르테의원,2096155357,skin_treatment_hospital,피부시술병원,skin_treatment_hospital|hospital,confirmed,kakao_category:피부과|피부과,"의료,건강 > 병원 > 피부과",HP8,병원,010-4277-6587,서울 강남구 역삼동 824-20,서울 강남구 테헤란로 120,127.0308570528,37.4985883867,http://place.map.kakao.com/2096155357
포에버성형외과의원,26923952,skin_treatment_hospital,피부시술병원,skin_treatment_hospital|hospital,high,리프팅|보톡스|써마지|울쎄라|제모|피부레이저|필러,"의료,건강 > 병원 > 성형외과",HP8,병원,1600-8343,서울 강남구 논현동 66-24,서울 강남구 논현로 742,127.0292226993,37.5182838663,http://place.map.kakao.com/26923952
포에버의원 청담점,212380541,skin_treatment_hospital,피부시술병원,skin_treatment_hospital|hospital,confirmed,kakao_category:피부과|보톡스|써마지|여드름|울쎄라|피부과|필러,"의료,건강 > 병원 > 피부과",HP8,병원,02-518-7705,서울 강남구 청담동 99-23,서울 강남구 압구정로 444,127.0456137148,37.5262633591,http://place.map.kakao.com/212380541
포인트업의원,1646090715,skin_treatment_hospital,피부시술병원,skin_treatment_hospital|hospital,high,리프팅|보톡스|피부레이저|필러,"의료,건강 > 병원 > 일반의원",HP8,병원,02-3446-9544,서울 강남구 신사동 584-3,서울 강남구 논현로 837,127.0279599167,37.5232892432,http://place.map.kakao.com/1646090715
포즈의원,27486020,skin_treatment_hospital,피부시술병원,skin_treatment_hospital|hospital,medium,보톡스,"의료,건강 > 병원 > 일반의원",HP8,병원,02-512-9971,서울 강남구 신사동 603-2,서울 강남구 논현로 848,127.0288382596,37.5245747625,http://place.map.kakao.com/27486020
포헤어의원 서울점,1876181929,skin_treatment_hospital,피부시술병원,skin_treatment_hospital|hospital,confirmed,kakao_category:피부과|피부과,"의료,건강 > 병원 > 피부과",HP8,병원,02-542-0424,서울 강남구 신사동 582-10,서울 강남구 논현로 857,127.0280998313,37.5253452974,http://place.map.kakao.com/1876181929
퓨어피부과의원,10870731,skin_treatment_hospital,피부시술병원,skin_treatment_hospital|hospital,confirmed,kakao_category:피부과|리프팅|보톡스|써마지|여드름|울쎄라|피부과|피부레이저,"의료,건강 > 병원 > 피부과",HP8,병원,02-3443-1222,서울 강남구 신사동 666-11,서울 강남구 선릉로 801,127.0388336141,37.5235699843,http://place.map.kakao.com/10870731
프라미스성형외과의원,785496461,skin_treatment_hospital,피부시술병원,skin_treatment_hospital|hospital,medium,필러,"의료,건강 > 병원 > 성형외과",HP8,병원,02-548-9003,서울 강남구 논현동 17-5,서울 강남구 강남대로 596,127.0203511623,37.5150222932,http://place.map.kakao.com/785496461
프라임성형외과의원,9514764,skin_treatment_hospital,피부시술병원,skin_treatment_hospital|hospital,medium,필러,"의료,건강 > 병원 > 성형외과",HP8,병원,02-547-3200,서울 강남구 신사동 570-12,서울 강남구 논현로167길 9,127.027444482,37.5244201222,http://place.map.kakao.com/9514764
프레쉬테마의원,1854639297,skin_treatment_hospital,피부시술병원,skin_treatment_hospital|hospital,confirmed,kakao_category:피부과|피부과,"의료,건강 > 병원 > 피부과",HP8,병원,02-575-3133,서울 강남구 도곡동 957-11,서울 강남구 남부순환로 2615,127.0359270953,37.48511329,http://place.map.kakao.com/1854639297
프레쉬홍닥터의원,17495792,skin_treatment_hospital,피부시술병원,skin_treatment_hospital|hospital,high,리프팅|보톡스|피부과|필러,"의료,건강 > 병원 > 성형외과",HP8,병원,02-3446-5512,서울 강남구 신사동 563-17,서울 강남구 도산대로 165,127.0266485781,37.5194828094,http://place.map.kakao.com/17495792
프로필성형외과의원,19312504,skin_treatment_hospital,피부시술병원,skin_treatment_hospital|hospital,high,리프팅|보톡스|피부레이저|필러,"의료,건강 > 병원 > 성형외과",HP8,병원,02-542-2500,서울 강남구 신사동 572-4,서울 강남구 압구정로20길 21,127.0259660519,37.5248033825,http://place.map.kakao.com/19312504
프린스성형외과의원,828216183,skin_treatment_hospital,피부시술병원,skin_treatment_hospital|hospital,high,리프팅|울쎄라|피부레이저|필러,"의료,건강 > 병원 > 성형외과",HP8,병원,02-517-0217,서울 강남구 논현동 1-1,서울 강남구 도산대로 104,127.0203446551,37.5160521416,http://place.map.kakao.com/828216183
플라덴성형외과의원,36006011,skin_treatment_hospital,피부시술병원,skin_treatment_hospital|hospital,high,리프팅|보톡스|필러,"의료,건강 > 병원 > 성형외과",HP8,병원,02-900-5555,서울 강남구 신사동 502-6,서울 강남구 강남대로 624,127.0195012037,37.5175038005,http://place.map.kakao.com/36006011
플래닛성형외과의원,682172841,skin_treatment_hospital,피부시술병원,skin_treatment_hospital|hospital,high,리프팅|울쎄라|피부레이저,"의료,건강 > 병원 > 성형외과",HP8,병원,02-515-3303,서울 강남구 신사동 585-1,서울 강남구 논현로 831,127.0278555789,37.5225819808,http://place.map.kakao.com/682172841
플랜미의원,23700569,skin_treatment_hospital,피부시술병원,skin_treatment_hospital|hospital,high,리프팅|보톡스|여드름|피부레이저|필러,"의료,건강 > 병원 > 일반의원",HP8,병원,02-553-5535,서울 강남구 역삼동 705-25,서울 강남구 선릉로 513,127.0483062413,37.50528332,http://place.map.kakao.com/23700569
플랜에스의원 강남,1382848563,skin_treatment_hospital,피부시술병원,skin_treatment_hospital|hospital,high,리프팅|보톡스|피부레이저,"의료,건강 > 병원 > 일반의원",HP8,병원,1555-3735,서울 강남구 역삼동 820-8,서울 강남구 강남대로 408,127.0274465574,37.4991983085,http://place.map.kakao.com/1382848563
플레저성형외과의원,1527113341,skin_treatment_hospital,피부시술병원,skin_treatment_hospital|hospital,high,리프팅|보톡스|피부레이저|필러,"의료,건강 > 병원 > 성형외과",HP8,병원,02-593-9995,서울 강남구 논현동 200-7,서울 강남구 강남대로 476,127.0247343418,37.5049770576,http://place.map.kakao.com/1527113341
피그마리온의원,1425928010,skin_treatment_hospital,피부시술병원,skin_treatment_hospital|hospital,confirmed,kakao_category:피부과|리프팅|보톡스|여드름|피부과|필러,"의료,건강 > 병원 > 피부과",HP8,병원,02-556-6308,서울 강남구 청담동 49,서울 강남구 삼성로 766,127.0481786664,37.523229567,http://place.map.kakao.com/1425928010
피니쉬성형외과의원,1472494462,skin_treatment_hospital,피부시술병원,skin_treatment_hospital|hospital,medium,리프팅,"의료,건강 > 병원 > 성형외과",HP8,병원,02-544-6326,서울 강남구 논현동 200-7,서울 강남구 강남대로 476,127.024789737,37.5049094706,http://place.map.kakao.com/1472494462
피데스의원,883118284,skin_treatment_hospital,피부시술병원,skin_treatment_hospital|hospital,confirmed,kakao_category:피부과|피부과,"의료,건강 > 병원 > 피부과",HP8,병원,02-540-7931,서울 강남구 청담동 80-3,서울 강남구 선릉로162길 41,127.0438829169,37.5263991652,http://place.map.kakao.com/883118284
피어봄의원 청담점,1545679822,skin_treatment_hospital,피부시술병원,skin_treatment_hospital|hospital,confirmed,kakao_category:피부과|리프팅|보톡스|써마지|여드름|울쎄라|제모|피부과|피부레이저|필러,"의료,건강 > 병원 > 피부과",HP8,병원,1600-5026,서울 강남구 청담동 91-9,서울 강남구 도산대로 427,127.0425579078,37.523944419,http://place.map.kakao.com/1545679822
피에이치디피부과의원,26900662,skin_treatment_hospital,피부시술병원,skin_treatment_hospital|hospital,confirmed,kakao_category:피부과|리프팅|써마지|여드름|울쎄라|피부과|피부레이저|필러,"의료,건강 > 병원 > 피부과",HP8,병원,02-514-5130,서울 강남구 신사동 599,서울 강남구 논현로 842,127.0288334728,37.5238945069,http://place.map.kakao.com/26900662
피치셀의원,657191224,skin_treatment_hospital,피부시술병원,skin_treatment_hospital|hospital,confirmed,kakao_category:피부과|리프팅|보톡스|여드름|피부과|필러,"의료,건강 > 병원 > 피부과",HP8,병원,02-6203-0310,서울 강남구 신사동 514-16,서울 강남구 도산대로 121,127.0217386007,37.5173727644,http://place.map.kakao.com/657191224
필로스의원,22661472,skin_treatment_hospital,피부시술병원,skin_treatment_hospital|hospital,confirmed,kakao_category:피부과|리프팅|보톡스|써마지|여드름|울쎄라|제모|피부과|피부레이저|필러,"의료,건강 > 병원 > 피부과",HP8,병원,02-512-6788,서울 강남구 신사동 653,서울 강남구 선릉로153길 25,127.0373634992,37.5245976012,http://place.map.kakao.com/22661472
필앤필의원,1154797946,skin_treatment_hospital,피부시술병원,skin_treatment_hospital|hospital,high,보톡스|필러,"의료,건강 > 병원 > 일반의원",HP8,병원,02-6051-1000,서울 강남구 역삼동 816-3,서울 강남구 강남대로 416,127.0271572684,37.4997984455,http://place.map.kakao.com/1154797946
하나비의원,713585881,skin_treatment_hospital,피부시술병원,skin_treatment_hospital|hospital,medium,필러,"의료,건강 > 병원 > 성형외과",HP8,병원,02-569-1161,서울 강남구 역삼동 808-5,서울 강남구 강남대로 468,127.0250337597,37.5041102274,http://place.map.kakao.com/713585881
하늘느낌피부과의원,9592143,skin_treatment_hospital,피부시술병원,skin_treatment_hospital|hospital,confirmed,kakao_category:피부과|리프팅|여드름|피부과|피부레이저|필러,"의료,건강 > 병원 > 피부과",HP8,병원,02-511-8035,서울 강남구 신사동 648-12,서울 강남구 도산대로49길 13,127.0370836597,37.5237561532,http://place.map.kakao.com/9592143
하늘의원,16032326,skin_treatment_hospital,피부시술병원,skin_treatment_hospital|hospital,high,보톡스|필러,"의료,건강 > 병원 > 일반의원",HP8,병원,02-542-3550,서울 강남구 청담동 85-16,서울 강남구 도산대로55길 29,127.040540542,37.5254182675,http://place.map.kakao.com/16032326
하루의원,345938983,skin_treatment_hospital,피부시술병원,skin_treatment_hospital|hospital,high,리프팅|필러,"의료,건강 > 병원 > 성형외과",HP8,병원,02-511-2213,서울 강남구 논현동 1-1,서울 강남구 도산대로 104,127.0203412686,37.5160773702,http://place.map.kakao.com/345938983
하범석피부과의원,871171768,skin_treatment_hospital,피부시술병원,skin_treatment_hospital|hospital,confirmed,kakao_category:피부과|리프팅|보톡스|써마지|여드름|울쎄라|피부과|피부레이저|필러,"의료,건강 > 병원 > 피부과",HP8,병원,02-6858-7897,서울 강남구 청담동 47-5,서울 강남구 학동로 443,127.0492946421,37.5189322241,http://place.map.kakao.com/871171768
하오덤의원,881907257,skin_treatment_hospital,피부시술병원,skin_treatment_hospital|hospital,confirmed,kakao_category:피부과|리프팅|보톡스|써마지|피부과|필러,"의료,건강 > 병원 > 피부과",HP8,병원,02-512-3113,서울 강남구 신사동 570-12,서울 강남구 논현로167길 9,127.0274263821,37.5244210274,http://place.map.kakao.com/881907257
하이즈앳의원 신관,281104879,skin_treatment_hospital,피부시술병원,skin_treatment_hospital|hospital,confirmed,kakao_category:피부과|피부과,"의료,건강 > 병원 > 피부과",HP8,병원,02-512-1002,서울 강남구 청담동 84-11,서울 강남구 선릉로158길 7,127.0406877659,37.5257083395,http://place.map.kakao.com/281104879
하이즈의원 별관,1948426134,skin_treatment_hospital,피부시술병원,skin_treatment_hospital|hospital,confirmed,kakao_category:피부과|리프팅|보톡스|써마지|피부과,"의료,건강 > 병원 > 피부과",HP8,병원,02-512-1002,서울 강남구 청담동 83-8,서울 강남구 도산대로55길 36,127.0409989775,37.5259064524,http://place.map.kakao.com/1948426134
하이즈의원 청담,241677738,skin_treatment_hospital,피부시술병원,skin_treatment_hospital|hospital,confirmed,kakao_category:피부과|피부과,"의료,건강 > 병원 > 피부과",HP8,병원,02-544-8008,서울 강남구 청담동 84,서울 강남구 선릉로 842,127.0406771292,37.526953528,http://place.map.kakao.com/241677738
하일리의원,1334018389,skin_treatment_hospital,피부시술병원,skin_treatment_hospital|hospital,confirmed,kakao_category:피부과|리프팅|보톡스|여드름|울쎄라|제모|피부과|피부레이저|필러,"의료,건강 > 병원 > 피부과",HP8,병원,02-6207-7006,서울 강남구 신사동 582-10,서울 강남구 논현로 857,127.0281065767,37.5252326705,http://place.map.kakao.com/1334018389
하프클리닉 신사,1404645569,skin_treatment_hospital,피부시술병원,skin_treatment_hospital|hospital,high,리프팅|써마지,"의료,건강 > 병원 > 일반의원",HP8,병원,02-6956-4021,서울 강남구 신사동 514-2,서울 강남구 도산대로 119,127.0214671003,37.5172944268,http://place.map.kakao.com/1404645569
하피스의원,14882689,skin_treatment_hospital,피부시술병원,skin_treatment_hospital|hospital,high,보톡스|피부레이저,"의료,건강 > 병원 > 일반의원",HP8,병원,02-3481-8600,서울 강남구 신사동 581-10,서울 강남구 압구정로28길 11,127.0278567796,37.5258111731,http://place.map.kakao.com/14882689
학아재의원,199222698,skin_treatment_hospital,피부시술병원,skin_treatment_hospital|hospital,high,리프팅|보톡스|피부레이저|필러,"의료,건강 > 병원 > 일반의원",HP8,병원,02-515-7647,서울 강남구 신사동 567-23,서울 강남구 논현로159길 10,127.0273682015,37.5230902602,http://place.map.kakao.com/199222698
한미성형외과의원,9228875,skin_treatment_hospital,피부시술병원,skin_treatment_hospital|hospital,high,피부레이저|필러,"의료,건강 > 병원 > 성형외과",HP8,병원,02-516-8001,서울 강남구 신사동 583-3,서울 강남구 논현로 841,127.0280597509,37.5240487646,http://place.map.kakao.com/9228875
한빛의원,8142530,skin_treatment_hospital,피부시술병원,skin_treatment_hospital|hospital,medium,보톡스,"의료,건강 > 병원 > 일반의원",HP8,병원,02-515-2956,서울 강남구 논현동 192-16,서울 강남구 논현로 605,127.0333784651,37.5077644432,http://place.map.kakao.com/8142530
한사랑노노의원,11562476,skin_treatment_hospital,피부시술병원,skin_treatment_hospital|hospital,confirmed,kakao_category:피부과|리프팅|보톡스|써마지|여드름|울쎄라|피부과|피부레이저|필러,"의료,건강 > 병원 > 피부과",HP8,병원,02-511-8700,서울 강남구 신사동 612-1,서울 강남구 논현로176길 14,127.029717082,37.5269928344,http://place.map.kakao.com/11562476
한희피부과,17844183,skin_treatment_hospital,피부시술병원,skin_treatment_hospital|hospital,confirmed,kakao_category:피부과|피부과|피부레이저,"의료,건강 > 병원 > 피부과",HP8,병원,02-501-0210,서울 강남구 역삼동 642-9,서울 강남구 논현로 503,127.0364245316,37.5012907205,http://place.map.kakao.com/17844183
함익병피부과의원,12975266,skin_treatment_hospital,피부시술병원,skin_treatment_hospital|hospital,confirmed,kakao_category:피부과|여드름|피부과|피부레이저,"의료,건강 > 병원 > 피부과",HP8,병원,02-3454-0080,서울 강남구 대치동 1024,서울 강남구 도곡로 408,127.0555425978,37.4966268787,http://place.map.kakao.com/12975266
함희정성형외과의원,10019638,skin_treatment_hospital,피부시술병원,skin_treatment_hospital|hospital,high,보톡스|여드름,"의료,건강 > 병원 > 성형외과",HP8,병원,02-541-3303,서울 강남구 신사동 637-14,서울 강남구 언주로172길 11,127.0347993422,37.5279501123,http://place.map.kakao.com/10019638
햇살담은뜰 정원의원,68505733,skin_treatment_hospital,피부시술병원,skin_treatment_hospital|hospital,medium,필러,"의료,건강 > 병원 > 가정의학과",HP8,병원,02-543-9714,서울 강남구 청담동 47,서울 강남구 삼성로133길 3,127.0492068785,37.5196458551,http://place.map.kakao.com/68505733
허쉬성형외과의원,13505373,skin_treatment_hospital,피부시술병원,skin_treatment_hospital|hospital,high,리프팅|보톡스|필러,"의료,건강 > 병원 > 성형외과",HP8,병원,02-511-3911,서울 강남구 청담동 63-12,서울 강남구 삼성로 730,127.0494611279,37.5209522032,http://place.map.kakao.com/13505373
허준원MD피부과의원,2024399193,skin_treatment_hospital,피부시술병원,skin_treatment_hospital|hospital,confirmed,kakao_category:피부과|보톡스|써마지|여드름|울쎄라|피부과,"의료,건강 > 병원 > 피부과",HP8,병원,02-518-0382,서울 강남구 신사동 640-1,서울 강남구 언주로174길 26,127.035853739,37.5279678169,http://place.map.kakao.com/2024399193
헤브피부과의원 신사점,4644680,skin_treatment_hospital,피부시술병원,skin_treatment_hospital|hospital,confirmed,kakao_category:피부과|써마지|울쎄라|피부과|필러,"의료,건강 > 병원 > 피부과",HP8,병원,02-511-8081,서울 강남구 신사동 514-2,서울 강남구 도산대로 119,127.021464847,37.5173259623,http://place.map.kakao.com/4644680
헤이데이의원,1970310976,skin_treatment_hospital,피부시술병원,skin_treatment_hospital|hospital,confirmed,kakao_category:피부과|리프팅|보톡스|울쎄라|피부과|피부레이저,"의료,건강 > 병원 > 피부과",HP8,병원,0502-5551-5378,서울 강남구 역삼동 826,서울 강남구 강남대로 374,127.029067118,37.4962903731,http://place.map.kakao.com/1970310976
현대미학성형외과의원,17135261,skin_treatment_hospital,피부시술병원,skin_treatment_hospital|hospital,high,리프팅|보톡스|필러,"의료,건강 > 병원 > 성형외과",HP8,병원,02-546-4545,서울 강남구 논현동 2-15,서울 강남구 도산대로 114,127.0212836374,37.516535815,http://place.map.kakao.com/17135261
홀드의원,814117747,skin_treatment_hospital,피부시술병원,skin_treatment_hospital|hospital,high,보톡스|필러,"의료,건강 > 병원 > 일반의원",HP8,병원,02-416-7585,서울 강남구 역삼동 825-27,서울 강남구 테헤란로2길 21,127.0294020382,37.4967786358,http://place.map.kakao.com/814117747
훌륭성형외과의원,288349024,skin_treatment_hospital,피부시술병원,skin_treatment_hospital|hospital,high,보톡스|써마지|여드름|울쎄라|필러,"의료,건강 > 병원 > 성형외과",HP8,병원,02-567-3917,서울 강남구 역삼동 825-27,서울 강남구 테헤란로2길 21,127.0294111044,37.4968281889,http://place.map.kakao.com/288349024
휘마의원,8633613,skin_treatment_hospital,피부시술병원,skin_treatment_hospital|hospital,confirmed,kakao_category:피부과|보톡스|여드름|피부과|필러,"의료,건강 > 병원 > 피부과",HP8,병원,02-547-3075,서울 강남구 논현동 185-2,서울 강남구 강남대로118길 42,127.026700745,37.507153458,http://place.map.kakao.com/8633613
휴고성형외과의원,442591217,skin_treatment_hospital,피부시술병원,skin_treatment_hospital|hospital,high,리프팅|보톡스|피부레이저|필러,"의료,건강 > 병원 > 성형외과",HP8,병원,02-515-1165,서울 강남구 논현동 122-5,서울 강남구 학동로4길 7,127.0232093862,37.5109708516,http://place.map.kakao.com/442591217
휴피부과의원,16055095,skin_treatment_hospital,피부시술병원,skin_treatment_hospital|hospital,confirmed,kakao_category:피부과|피부과|피부레이저,"의료,건강 > 병원 > 피부과",HP8,병원,02-545-8889,서울 강남구 청담동 46-19,서울 강남구 학동로 433,127.0483126546,37.5187434192,http://place.map.kakao.com/16055095
힐리브의원,1061587075,skin_treatment_hospital,피부시술병원,skin_treatment_hospital|hospital,confirmed,kakao_category:피부과|리프팅|보톡스|써마지|여드름|울쎄라|피부과|피부레이저|필러,"의료,건강 > 병원 > 피부과",HP8,병원,02-511-0609,서울 강남구 논현동 1-2,서울 강남구 도산대로 106,127.0204623139,37.5161269045,http://place.map.kakao.com/1061587075
힐하우스피부과의원 강남,1382493738,skin_treatment_hospital,피부시술병원,skin_treatment_hospital|hospital,confirmed,kakao_category:피부과|리프팅|써마지|피부과|필러,"의료,건강 > 병원 > 피부과",HP8,병원,02-6951-5761,서울 강남구 논현동 164-1,서울 강남구 강남대로 518,127.0230830582,37.5084372513,http://place.map.kakao.com/1382493738
21성형외과의원,346900797,skin_treatment_hospital,피부시술병원,skin_treatment_hospital|hospital,high,리프팅|보톡스|필러,"의료,건강 > 병원 > 성형외과",HP8,병원,02-596-2121,서울 서초구 서초동 1305,서울 서초구 강남대로 441,127.0252783772,37.5017360254,http://place.map.kakao.com/346900797
BCI성형외과,12445802,skin_treatment_hospital,피부시술병원,skin_treatment_hospital|hospital,high,리프팅|피부레이저,"의료,건강 > 병원 > 성형외과",HP8,병원,02-547-3700,서울 서초구 잠원동 12-18,서울 서초구 강남대로 617,127.0188811648,37.5168569808,http://place.map.kakao.com/12445802
CU클린업피부과의원 강남점,8560802,skin_treatment_hospital,피부시술병원,skin_treatment_hospital|hospital,confirmed,kakao_category:피부과|리프팅|보톡스|여드름|울쎄라|피부과,"의료,건강 > 병원 > 피부과 > CU클린업 피부과",HP8,병원,02-561-0007,서울 서초구 서초동 1305-7,서울 서초구 강남대로 429,127.0256897356,37.5008682679,http://place.map.kakao.com/8560802
SH의원,10059158,skin_treatment_hospital,피부시술병원,skin_treatment_hospital|hospital,medium,여드름,"의료,건강 > 병원 > 일반의원",HP8,병원,02-573-8261,서울 서초구 양재동 13-13,서울 서초구 강남대로34길 7,127.0364642839,37.4830326968,http://place.map.kakao.com/10059158
YK 박윤기피부과의원,21056695,skin_treatment_hospital,피부시술병원,skin_treatment_hospital|hospital,confirmed,kakao_category:피부과|리프팅|여드름|피부과|피부레이저,"의료,건강 > 병원 > 피부과",HP8,병원,02-525-1155,서울 서초구 서초동 1674-5,서울 서초구 서초대로 316,127.0161388821,37.494105202,http://place.map.kakao.com/21056695
가톨릭대학교 서울성모병원 피부과,27256330,skin_treatment_hospital,피부시술병원,skin_treatment_hospital|hospital,confirmed,kakao_category:피부과|피부과,"의료,건강 > 병원 > 피부과",HP8,병원,1588-1511,서울 서초구 반포동 505,서울 서초구 반포대로 222,127.0045836062,37.5013719316,http://place.map.kakao.com/27256330
강남다움의원,1193948627,skin_treatment_hospital,피부시술병원,skin_treatment_hospital|hospital,confirmed,kakao_category:피부과|울쎄라|피부과,"의료,건강 > 병원 > 피부과",HP8,병원,02-6447-7701,서울 서초구 서초동 1306-6,서울 서초구 강남대로 419,127.0262107116,37.4998004613,http://place.map.kakao.com/1193948627
강남더슬림의원,1220291505,skin_treatment_hospital,피부시술병원,skin_treatment_hospital|hospital,confirmed,kakao_category:피부과|리프팅|피부과|피부레이저,"의료,건강 > 병원 > 피부과",HP8,병원,02-547-9877,서울 서초구 잠원동 41-11,서울 서초구 신반포로 315,127.0182597279,37.5104275137,http://place.map.kakao.com/1220291505
강남디렉터의원,2016945442,skin_treatment_hospital,피부시술병원,skin_treatment_hospital|hospital,confirmed,kakao_category:피부과|제모|피부과,"의료,건강 > 병원 > 피부과",HP8,병원,02-6010-1300,서울 서초구 서초동 1303-16,서울 서초구 서초대로77길 62,127.0239034928,37.5027310219,http://place.map.kakao.com/2016945442
강남미앤미의원,1255649303,skin_treatment_hospital,피부시술병원,skin_treatment_hospital|hospital,confirmed,kakao_category:피부과|리프팅|보톡스|여드름|울쎄라|피부과|피부레이저|필러,"의료,건강 > 병원 > 피부과",HP8,병원,02-567-1102,서울 서초구 서초동 1305-2,서울 서초구 강남대로 439,127.0253665239,37.5015431912,http://place.map.kakao.com/1255649303
강남밴스의원,746780739,skin_treatment_hospital,피부시술병원,skin_treatment_hospital|hospital,confirmed,kakao_category:피부과|리프팅|보톡스|써마지|여드름|울쎄라|제모|피부과|필러,"의료,건강 > 병원 > 피부과",HP8,병원,02-6956-0133,서울 서초구 서초동 1318,서울 서초구 강남대로 411,127.0265079094,37.4991579776,http://place.map.kakao.com/746780739
강남비비의원,480930210,skin_treatment_hospital,피부시술병원,skin_treatment_hospital|hospital,confirmed,kakao_category:피부과|리프팅|보톡스|여드름|피부과|필러,"의료,건강 > 병원 > 피부과",HP8,병원,02-536-5058,서울 서초구 서초동 1317-14,서울 서초구 서초대로77길 5,127.0263945372,37.4983516024,http://place.map.kakao.com/480930210
강남아이디의원,1953689243,skin_treatment_hospital,피부시술병원,skin_treatment_hospital|hospital,high,리프팅|보톡스|울쎄라|제모|피부레이저|필러,"의료,건강 > 병원 > 일반의원",HP8,병원,02-1855-0050,서울 서초구 서초동 1305-3,서울 서초구 강남대로 437,127.025513483,37.5013656614,http://place.map.kakao.com/1953689243
강남엔비의원,1747634597,skin_treatment_hospital,피부시술병원,skin_treatment_hospital|hospital,confirmed,kakao_category:피부과|리프팅|보톡스|여드름|울쎄라|제모|피부과|필러,"의료,건강 > 병원 > 피부과",HP8,병원,02-536-1470,서울 서초구 서초동 1307-23,서울 서초구 서초대로77길 17,127.0257526151,37.4995536864,http://place.map.kakao.com/1747634597
강남킴스의원,13511453,skin_treatment_hospital,피부시술병원,skin_treatment_hospital|hospital,high,리프팅|피부레이저,"의료,건강 > 병원 > 가정의학과",HP8,병원,02-532-5975,서울 서초구 잠원동 72-3,서울 서초구 잠원로3길 40,127.003659981,37.5082123968,http://place.map.kakao.com/13511453
강남헤라성형외과의원,850670005,skin_treatment_hospital,피부시술병원,skin_treatment_hospital|hospital,high,리프팅|보톡스|써마지|울쎄라|피부레이저|필러,"의료,건강 > 병원 > 성형외과",HP8,병원,02-3443-2237,서울 서초구 서초동 1316-29,서울 서초구 서초대로73길 9,127.0252274635,37.498308609,http://place.map.kakao.com/850670005
강한피부과의원 교대점,14754894,skin_treatment_hospital,피부시술병원,skin_treatment_hospital|hospital,confirmed,kakao_category:피부과|리프팅|여드름|피부과|피부레이저,"의료,건강 > 병원 > 피부과",HP8,병원,02-584-9007,서울 서초구 서초동 1673-2,서울 서초구 서초대로 304,127.0149356436,37.4938062259,http://place.map.kakao.com/14754894
갤러리아피부과의원,1801202774,skin_treatment_hospital,피부시술병원,skin_treatment_hospital|hospital,confirmed,kakao_category:피부과|리프팅|써마지|여드름|울쎄라|피부과|피부레이저|필러,"의료,건강 > 병원 > 피부과",HP8,병원,02-592-1240,서울 서초구 잠원동 61-9,서울 서초구 잠원로4길 33-2,127.0106661738,37.512810699,http://place.map.kakao.com/1801202774
갤러리아피부과의원 메이플관,1925352072,skin_treatment_hospital,피부시술병원,skin_treatment_hospital|hospital,confirmed,kakao_category:피부과|리프팅|울쎄라|피부과,"의료,건강 > 병원 > 피부과",HP8,병원,02-591-1240,서울 서초구 잠원동 60-3,서울 서초구 잠원로4길 50,127.0116253306,37.5127655583,http://place.map.kakao.com/1925352072
고와의원,1551551839,skin_treatment_hospital,피부시술병원,skin_treatment_hospital|hospital,confirmed,kakao_category:피부과|리프팅|써마지|울쎄라|피부과|필러,"의료,건강 > 병원 > 피부과",HP8,병원,02-591-7776,서울 서초구 서초동 1303-3,서울 서초구 사평대로 368,127.0235181744,37.5037870778,http://place.map.kakao.com/1551551839
고운몸의원,8744463,skin_treatment_hospital,피부시술병원,skin_treatment_hospital|hospital,high,피부레이저|필러,"의료,건강 > 병원 > 성형외과",HP8,병원,02-525-0304,서울 서초구 서초동 1337-22,서울 서초구 강남대로 321,127.0301825399,37.4916976607,http://place.map.kakao.com/8744463
고익수성형외과의원,12519052,skin_treatment_hospital,피부시술병원,skin_treatment_hospital|hospital,high,리프팅|보톡스|여드름|피부레이저|필러,"의료,건강 > 병원 > 성형외과",HP8,병원,02-3446-7100,서울 서초구 서초동 1319-13,서울 서초구 강남대로 375,127.0278413221,37.496384373,http://place.map.kakao.com/12519052
고트의원,1420337942,skin_treatment_hospital,피부시술병원,skin_treatment_hospital|hospital,confirmed,kakao_category:피부과|피부과,"의료,건강 > 병원 > 피부과",HP8,병원,02-6949-2428,서울 서초구 서초동 1319-13,서울 서초구 강남대로 375,127.0278526168,37.4963474291,http://place.map.kakao.com/1420337942
골드G의원,23365669,skin_treatment_hospital,피부시술병원,skin_treatment_hospital|hospital,high,리프팅|보톡스,"의료,건강 > 병원 > 성형외과",HP8,병원,02-585-1006,서울 서초구 서초동 1598-1,서울 서초구 사임당로 38,127.0141475226,37.4880687072,http://place.map.kakao.com/23365669
국홍일국정표피부과의원,280736153,skin_treatment_hospital,피부시술병원,skin_treatment_hospital|hospital,confirmed,kakao_category:피부과|여드름|피부과,"의료,건강 > 병원 > 피부과",HP8,병원,02-574-0901,서울 서초구 양재동 23,서울 서초구 강남대로 221,127.0344258652,37.483307215,http://place.map.kakao.com/280736153
그레이스성형외과의원,25595710,skin_treatment_hospital,피부시술병원,skin_treatment_hospital|hospital,high,리프팅|필러,"의료,건강 > 병원 > 성형외과",HP8,병원,02-555-8558,서울 서초구 잠원동 12-5,서울 서초구 강남대로 623,127.018754614,37.5174084151,http://place.map.kakao.com/25595710
그리니피부과의원,1070003070,skin_treatment_hospital,피부시술병원,skin_treatment_hospital|hospital,confirmed,kakao_category:피부과|리프팅|보톡스|써마지|여드름|울쎄라|피부과|피부레이저|필러,"의료,건강 > 병원 > 피부과",HP8,병원,02-586-5500,서울 서초구 방배동 450-25,서울 서초구 방배천로2길 5,126.9831581572,37.4772066931,http://place.map.kakao.com/1070003070
글로우의원,53893815,skin_treatment_hospital,피부시술병원,skin_treatment_hospital|hospital,confirmed,kakao_category:피부과|리프팅|보톡스|써마지|여드름|제모|피부과|피부레이저|필러,"의료,건강 > 병원 > 피부과",HP8,병원,02-2039-2460,서울 서초구 서초동 1329-10,서울 서초구 강남대로 337,127.0295136688,37.4930835788,http://place.map.kakao.com/53893815
기린성형외과의원,17664082,skin_treatment_hospital,피부시술병원,skin_treatment_hospital|hospital,high,리프팅|보톡스|필러,"의료,건강 > 병원 > 성형외과",HP8,병원,1522-9016,서울 서초구 서초동 1303-37,서울 서초구 서초대로77길 54,127.02481724,37.5025794645,http://place.map.kakao.com/17664082
기브미의원,2146688783,skin_treatment_hospital,피부시술병원,skin_treatment_hospital|hospital,high,리프팅|보톡스|써마지|여드름|피부레이저,"의료,건강 > 병원 > 일반의원",HP8,병원,02-592-3355,서울 서초구 서초동 1305-2,서울 서초구 강남대로 439,127.0253665239,37.5015431912,http://place.map.kakao.com/2146688783
김명애피부과의원,16046065,skin_treatment_hospital,피부시술병원,skin_treatment_hospital|hospital,confirmed,kakao_category:피부과|피부과,"의료,건강 > 병원 > 피부과",HP8,병원,02-599-2416,서울 서초구 방배동 750-12,서울 서초구 사평대로 18,126.9864386321,37.498123115,http://place.map.kakao.com/16046065
김연진의 퓨린피부과의원,10880051,skin_treatment_hospital,피부시술병원,skin_treatment_hospital|hospital,confirmed,kakao_category:피부과|리프팅|보톡스|써마지|여드름|울쎄라|피부과|피부레이저|필러,"의료,건강 > 병원 > 피부과",HP8,병원,02-3477-7070,서울 서초구 반포동 20-45,서울 서초구 잠원로 24,127.0098171097,37.5071074135,http://place.map.kakao.com/10880051
나비성형외과의원,24347014,skin_treatment_hospital,피부시술병원,skin_treatment_hospital|hospital,high,리프팅|울쎄라|피부레이저|필러,"의료,건강 > 병원 > 성형외과",HP8,병원,02-567-5400,서울 서초구 잠원동 37-6,서울 서초구 강남대로 559,127.0205403005,37.5117732398,http://place.map.kakao.com/24347014
나세르의원,21586444,skin_treatment_hospital,피부시술병원,skin_treatment_hospital|hospital,high,리프팅|보톡스|필러,"의료,건강 > 병원 > 일반의원",HP8,병원,02-540-0070,서울 서초구 서초동 1305-5,서울 서초구 강남대로 435,127.0255586552,37.5011764404,http://place.map.kakao.com/21586444
나인피부과의원 강남점,1512705399,skin_treatment_hospital,피부시술병원,skin_treatment_hospital|hospital,confirmed,kakao_category:피부과|리프팅|보톡스|써마지|여드름|울쎄라|피부과|피부레이저|필러,"의료,건강 > 병원 > 피부과",HP8,병원,02-599-9990,서울 서초구 서초동 1304-3,서울 서초구 강남대로 447,127.0250964513,37.5021919731,http://place.map.kakao.com/1512705399
너와의원 강남,2077952439,skin_treatment_hospital,피부시술병원,skin_treatment_hospital|hospital,confirmed,kakao_category:피부과|써마지|울쎄라|피부과|필러,"의료,건강 > 병원 > 피부과",HP8,병원,02-581-1668,서울 서초구 서초동 1319-9,서울 서초구 강남대로 385,127.0275125054,37.4970881362,http://place.map.kakao.com/2077952439
네스트의원 강남,1526724306,skin_treatment_hospital,피부시술병원,skin_treatment_hospital|hospital,confirmed,kakao_category:피부과|리프팅|보톡스|울쎄라|피부과|필러,"의료,건강 > 병원 > 피부과",HP8,병원,02-532-2867,서울 서초구 서초동 1303-38,서울 서초구 강남대로 453,127.0248953263,37.5027353221,http://place.map.kakao.com/1526724306
노엘의원,2087343097,skin_treatment_hospital,피부시술병원,skin_treatment_hospital|hospital,high,리프팅|보톡스|피부레이저|필러,"의료,건강 > 병원 > 성형외과",HP8,병원,02-2677-9734,서울 서초구 서초동 1330-20,서울 서초구 강남대로53길 7,127.0282611966,37.4942651053,http://place.map.kakao.com/2087343097
뉴스타의원,223500687,skin_treatment_hospital,피부시술병원,skin_treatment_hospital|hospital,confirmed,kakao_category:피부과|리프팅|보톡스|여드름|울쎄라|피부과|피부레이저|필러,"의료,건강 > 병원 > 피부과",HP8,병원,1899-8239,서울 서초구 반포동 722,서울 서초구 강남대로 531,127.0216061961,37.5093205154,http://place.map.kakao.com/223500687
다올린의원,1602704443,skin_treatment_hospital,피부시술병원,skin_treatment_hospital|hospital,confirmed,kakao_category:피부과|리프팅|보톡스|제모|피부과|필러,"의료,건강 > 병원 > 피부과",HP8,병원,02-535-1152,서울 서초구 방배동 3001-2,서울 서초구 서초대로 3-4,126.9830838123,37.4860320649,http://place.map.kakao.com/1602704443
다이아의원,275761164,skin_treatment_hospital,피부시술병원,skin_treatment_hospital|hospital,confirmed,kakao_category:피부과|리프팅|보톡스|여드름|제모|피부과|피부레이저,"의료,건강 > 병원 > 피부과",HP8,병원,02-6949-2111,서울 서초구 서초동 1318,서울 서초구 강남대로 411,127.0265079094,37.4991579776,http://place.map.kakao.com/275761164
닥터방의원,11293381,skin_treatment_hospital,피부시술병원,skin_treatment_hospital|hospital,high,보톡스|필러,"의료,건강 > 병원 > 일반의원",HP8,병원,02-525-9990,서울 서초구 서초동 1467-45,서울 서초구 남부순환로 2349-13,127.0079004841,37.4789366664,http://place.map.kakao.com/11293381
닥터봄의원,782850124,skin_treatment_hospital,피부시술병원,skin_treatment_hospital|hospital,confirmed,kakao_category:피부과|리프팅|보톡스|여드름|피부과|피부레이저|필러,"의료,건강 > 병원 > 피부과",HP8,병원,02-594-0259,서울 서초구 서초동 1306,서울 서초구 강남대로65길 1,127.0259022208,37.5005042151,http://place.map.kakao.com/782850124
닥터스피부과의원 반포점,1198747403,skin_treatment_hospital,피부시술병원,skin_treatment_hospital|hospital,confirmed,kakao_category:피부과|울쎄라|피부과,"의료,건강 > 병원 > 피부과",HP8,병원,02-533-9333,서울 서초구 반포동 57-4,서울 서초구 서초중앙로 249,127.0106320762,37.5036736118,http://place.map.kakao.com/1198747403
닥터케빈의원,153200204,skin_treatment_hospital,피부시술병원,skin_treatment_hospital|hospital,high,리프팅|보톡스|필러,"의료,건강 > 병원 > 일반의원",HP8,병원,02-6952-5384,서울 서초구 반포동 707-11,서울 서초구 강남대로 535,127.0215972283,37.5095998285,http://place.map.kakao.com/153200204
닥터탁성형외과의원,432330710,skin_treatment_hospital,피부시술병원,skin_treatment_hospital|hospital,high,리프팅|보톡스|피부레이저|필러,"의료,건강 > 병원 > 성형외과",HP8,병원,02-534-1234,서울 서초구 서초동 1306-2,서울 서초구 강남대로 423,127.0260729155,37.5002978472,http://place.map.kakao.com/432330710
더결의원,772339704,skin_treatment_hospital,피부시술병원,skin_treatment_hospital|hospital,confirmed,kakao_category:피부과|보톡스|피부과,"의료,건강 > 병원 > 피부과",HP8,병원,02-6949-1660,서울 서초구 잠원동 60-3,서울 서초구 잠원로4길 50,127.0119816256,37.5127781367,http://place.map.kakao.com/772339704
더그레이스의원,27193083,skin_treatment_hospital,피부시술병원,skin_treatment_hospital|hospital,medium,보톡스,"의료,건강 > 병원 > 일반의원",HP8,병원,02-512-0302,서울 서초구 잠원동 12-5,서울 서초구 강남대로 623,127.0187184223,37.5174300449,http://place.map.kakao.com/27193083
더나의원,616155708,skin_treatment_hospital,피부시술병원,skin_treatment_hospital|hospital,confirmed,kakao_category:피부과|리프팅|보톡스|써마지|울쎄라|피부과|필러,"의료,건강 > 병원 > 피부과",HP8,병원,02-3478-8970,서울 서초구 서초동 1307-21,서울 서초구 서초대로77길 17,127.0257526151,37.4995536864,http://place.map.kakao.com/616155708
더바디쉼의원,1295856291,skin_treatment_hospital,피부시술병원,skin_treatment_hospital|hospital,high,리프팅|보톡스|써마지|여드름|피부레이저|필러,"의료,건강 > 병원 > 일반의원",HP8,병원,02-3472-5551,서울 서초구 서초동 1330-3,서울 서초구 서초대로74길 45,127.0280879513,37.4936470558,http://place.map.kakao.com/1295856291
더뷰티성형외과의원,1355590087,skin_treatment_hospital,피부시술병원,skin_treatment_hospital|hospital,high,리프팅|써마지|울쎄라|필러,"의료,건강 > 병원 > 성형외과",HP8,병원,02-541-1100,서울 서초구 반포동 723-1,서울 서초구 강남대로 519,127.0222064707,37.5082878526,http://place.map.kakao.com/1355590087
더블유의원,21910691,skin_treatment_hospital,피부시술병원,skin_treatment_hospital|hospital,confirmed,kakao_category:피부과|리프팅|보톡스|써마지|여드름|울쎄라|제모|피부과|피부레이저|필러,"의료,건강 > 병원 > 피부과",HP8,병원,02-532-9998,서울 서초구 서초동 1305-5,서울 서초구 강남대로 435,127.0255857965,37.5011746325,http://place.map.kakao.com/21910691
더빛나의원,1957231486,skin_treatment_hospital,피부시술병원,skin_treatment_hospital|hospital,confirmed,kakao_category:피부과|보톡스|피부과,"의료,건강 > 병원 > 피부과",HP8,병원,02-6952-5673,서울 서초구 서초동 1317-11,서울 서초구 서초대로77길 9,127.0262136812,37.4985904093,http://place.map.kakao.com/1957231486
더아름다운의원,16069266,skin_treatment_hospital,피부시술병원,skin_treatment_hospital|hospital,confirmed,kakao_category:피부과|보톡스|써마지|울쎄라|피부과|피부레이저|필러,"의료,건강 > 병원 > 피부과",HP8,병원,02-466-8875,서울 서초구 반포동 706-6,서울 서초구 강남대로 545-12,127.020711853,37.5104316142,http://place.map.kakao.com/16069266
더웰니스의원,663399355,skin_treatment_hospital,피부시술병원,skin_treatment_hospital|hospital,confirmed,kakao_category:피부과|리프팅|써마지|여드름|울쎄라|피부과|피부레이저,"의료,건강 > 병원 > 피부과",HP8,병원,02-535-5977,서울 서초구 잠원동 69-22,서울 서초구 신반포로 219,127.0078435453,37.507457151,http://place.map.kakao.com/663399355
더이뻐의원,1917039500,skin_treatment_hospital,피부시술병원,skin_treatment_hospital|hospital,confirmed,kakao_category:피부과|피부과,"의료,건강 > 병원 > 피부과",HP8,병원,02-545-1550,서울 서초구 잠원동 19-10,서울 서초구 나루터로 80,127.0184713593,37.5155217582,http://place.map.kakao.com/1917039500
데이원의원 강남역점,1108166431,skin_treatment_hospital,피부시술병원,skin_treatment_hospital|hospital,confirmed,kakao_category:피부과|리프팅|보톡스|여드름|울쎄라|피부과|피부레이저|필러,"의료,건강 > 병원 > 피부과",HP8,병원,02-594-5001,서울 서초구 서초동 1306-3,서울 서초구 강남대로 423,127.0260141018,37.500278038,http://place.map.kakao.com/1108166431
데이원클리닉 강남본점,924664819,skin_treatment_hospital,피부시술병원,skin_treatment_hospital|hospital,confirmed,kakao_category:피부과|리프팅|피부과|피부레이저|필러,"의료,건강 > 병원 > 피부과",HP8,병원,02-535-0967,서울 서초구 서초동 1305-3,서울 서초구 강남대로 437,127.0255134818,37.5013620574,http://place.map.kakao.com/924664819
도레성형외과의원,1582386601,skin_treatment_hospital,피부시술병원,skin_treatment_hospital|hospital,confirmed,kakao_category:피부과|보톡스|피부과,"의료,건강 > 병원 > 피부과",HP8,병원,02-591-7703,서울 서초구 서초동 1317-20,서울 서초구 서초대로77길 3,127.0265052597,37.4980605525,http://place.map.kakao.com/1582386601
도자기의원,585465919,skin_treatment_hospital,피부시술병원,skin_treatment_hospital|hospital,high,보톡스|써마지,"의료,건강 > 병원 > 일반의원",HP8,병원,02-6956-8333,서울 서초구 반포동 722,서울 서초구 강남대로 531,127.0216061961,37.5093205154,http://place.map.kakao.com/585465919
듀이디의원,1351339836,skin_treatment_hospital,피부시술병원,skin_treatment_hospital|hospital,high,보톡스|써마지|필러,"의료,건강 > 병원 > 일반의원",HP8,병원,02-2135-7225,서울 서초구 잠원동 12-25,서울 서초구 강남대로 621,127.0187884794,37.5171318016,http://place.map.kakao.com/1351339836
드레스성형외과의원,1529591613,skin_treatment_hospital,피부시술병원,skin_treatment_hospital|hospital,high,리프팅|울쎄라|피부레이저|필러,"의료,건강 > 병원 > 성형외과",HP8,병원,02-595-6666,서울 서초구 서초동 1304-2,서울 서초구 강남대로 449,127.0250750393,37.5024181301,http://place.map.kakao.com/1529591613
디라운지피부과의원,24506525,skin_treatment_hospital,피부시술병원,skin_treatment_hospital|hospital,confirmed,kakao_category:피부과|리프팅|보톡스|여드름|피부과|필러,"의료,건강 > 병원 > 피부과",HP8,병원,02-515-6171,서울 서초구 잠원동 12-5,서울 서초구 강남대로 623,127.0187399067,37.5173994074,http://place.map.kakao.com/24506525
디아르의원,2131500097,skin_treatment_hospital,피부시술병원,skin_treatment_hospital|hospital,confirmed,kakao_category:피부과|써마지|피부과|필러,"의료,건강 > 병원 > 피부과",HP8,병원,02-532-8828,서울 서초구 서초동 1309-8,서울 서초구 강남대로69길 8,127.0246530127,37.5018442782,http://place.map.kakao.com/2131500097
디아이성형외과의원,1526560539,skin_treatment_hospital,피부시술병원,skin_treatment_hospital|hospital,high,리프팅|보톡스|필러,"의료,건강 > 병원 > 성형외과",HP8,병원,02-511-1581,서울 서초구 서초동 1305,서울 서초구 강남대로 441,127.0253360701,37.5017828653,http://place.map.kakao.com/1526560539
디엘성형외과의원,1047968601,skin_treatment_hospital,피부시술병원,skin_treatment_hospital|hospital,high,리프팅|보톡스|필러,"의료,건강 > 병원 > 성형외과",HP8,병원,02-515-1155,서울 서초구 잠원동 37-1,서울 서초구 강남대로 563,127.0205686219,37.5119354156,http://place.map.kakao.com/1047968601
디테성형외과의원,1411090071,skin_treatment_hospital,피부시술병원,skin_treatment_hospital|hospital,high,리프팅|필러,"의료,건강 > 병원 > 성형외과",HP8,병원,02-542-0888,서울 서초구 반포동 748-1,서울 서초구 강남대로 483,127.0236509817,37.5053268696,http://place.map.kakao.com/1411090071
딜라이트피부과의원,1426028764,skin_treatment_hospital,피부시술병원,skin_treatment_hospital|hospital,confirmed,kakao_category:피부과|리프팅|보톡스|써마지|울쎄라|피부과|필러,"의료,건강 > 병원 > 피부과",HP8,병원,02-517-9991,서울 서초구 반포동 723-23,,127.0224279926,37.5077589209,http://place.map.kakao.com/1426028764
라리성형외과의원,11378678,skin_treatment_hospital,피부시술병원,skin_treatment_hospital|hospital,medium,필러,"의료,건강 > 병원 > 성형외과",HP8,병원,02-547-7552,서울 서초구 잠원동 12-25,서울 서초구 강남대로 621,127.0187884794,37.5171318016,http://place.map.kakao.com/11378678
라메종피부과의원,1429687631,skin_treatment_hospital,피부시술병원,skin_treatment_hospital|hospital,confirmed,kakao_category:피부과|리프팅|보톡스|써마지|울쎄라|피부과|필러,"의료,건강 > 병원 > 피부과",HP8,병원,02-6257-0788,서울 서초구 반포동 1-1,서울 서초구 반포대로 291,126.9994808847,37.5049021595,http://place.map.kakao.com/1429687631
라셀의원,1228466050,skin_treatment_hospital,피부시술병원,skin_treatment_hospital|hospital,confirmed,kakao_category:피부과|리프팅|피부과|필러,"의료,건강 > 병원 > 피부과",HP8,병원,02-523-7550,서울 서초구 방배동 924-20,서울 서초구 방배로 103,126.9961761607,37.4832941483,http://place.map.kakao.com/1228466050
라이안성형외과의원,1190429765,skin_treatment_hospital,피부시술병원,skin_treatment_hospital|hospital,medium,필러,"의료,건강 > 병원 > 성형외과",HP8,병원,02-535-3888,서울 서초구 서초동 1305-7,서울 서초구 강남대로 429,127.0257733975,37.5007943672,http://place.map.kakao.com/1190429765
라이크성형외과의원,1718904695,skin_treatment_hospital,피부시술병원,skin_treatment_hospital|hospital,high,피부레이저|필러,"의료,건강 > 병원 > 성형외과",HP8,병원,02-533-1212,서울 서초구 서초동 1305-5,서울 서초구 강남대로 435,127.0255631795,37.5011782414,http://place.map.kakao.com/1718904695
라인의정석의원,1210871859,skin_treatment_hospital,피부시술병원,skin_treatment_hospital|hospital,confirmed,kakao_category:피부과|피부과,"의료,건강 > 병원 > 피부과",HP8,병원,02-544-3441,서울 서초구 반포동 722-20,서울 서초구 강남대로 527,127.0218504323,37.5090880112,http://place.map.kakao.com/1210871859
라인피부과의원,16327318,skin_treatment_hospital,피부시술병원,skin_treatment_hospital|hospital,confirmed,kakao_category:피부과|보톡스|피부과|필러,"의료,건강 > 병원 > 피부과",HP8,병원,02-549-0043,서울 서초구 반포동 707-2,서울 서초구 강남대로 543,127.0212502148,37.5103621413,http://place.map.kakao.com/16327318
라포엘의원,1889952274,skin_treatment_hospital,피부시술병원,skin_treatment_hospital|hospital,confirmed,kakao_category:피부과|리프팅|피부과|피부레이저|필러,"의료,건강 > 병원 > 피부과",HP8,병원,02-594-3335,서울 서초구 서초동 1306-4,서울 서초구 서초대로77길 24,127.0259879996,37.500014049,http://place.map.kakao.com/1889952274
러블리안성형외과의원,1522654695,skin_treatment_hospital,피부시술병원,skin_treatment_hospital|hospital,high,리프팅|피부레이저|필러,"의료,건강 > 병원 > 성형외과",HP8,병원,1668-3835,서울 서초구 잠원동 27-2,서울 서초구 강남대로 589,127.019386164,37.514440407,http://place.map.kakao.com/1522654695
레디피부과의원,1532875440,skin_treatment_hospital,피부시술병원,skin_treatment_hospital|hospital,confirmed,kakao_category:피부과|리프팅|보톡스|여드름|울쎄라|피부과|피부레이저|필러,"의료,건강 > 병원 > 피부과",HP8,병원,02-522-6227,서울 서초구 방배동 924-21,서울 서초구 방배로 105,126.99597942,37.4834554223,http://place.map.kakao.com/1532875440
레리의원,1364874745,skin_treatment_hospital,피부시술병원,skin_treatment_hospital|hospital,confirmed,kakao_category:피부과|리프팅|써마지|울쎄라|피부과|피부레이저|필러,"의료,건강 > 병원 > 피부과",HP8,병원,02-541-0045,서울 서초구 잠원동 20-9,서울 서초구 강남대로 605,127.0191829023,37.5157640148,http://place.map.kakao.com/1364874745
로그성형외과의원,686763415,skin_treatment_hospital,피부시술병원,skin_treatment_hospital|hospital,high,리프팅|보톡스|필러,"의료,건강 > 병원 > 성형외과",HP8,병원,02-599-7533,서울 서초구 서초동 1305-2,서울 서초구 강남대로 439,127.0253665239,37.5015431912,http://place.map.kakao.com/686763415
루트테마피부과의원,810219618,skin_treatment_hospital,피부시술병원,skin_treatment_hospital|hospital,confirmed,kakao_category:피부과|보톡스|여드름|울쎄라|피부과|필러,"의료,건강 > 병원 > 피부과",HP8,병원,02-591-4477,서울 서초구 서초동 1306-2,서울 서초구 강남대로 423,127.0260050578,37.5002870501,http://place.map.kakao.com/810219618
르샤인의원,627759897,skin_treatment_hospital,피부시술병원,skin_treatment_hospital|hospital,high,보톡스|써마지|여드름|울쎄라|필러,"의료,건강 > 병원 > 일반의원",HP8,병원,02-6677-2520,서울 서초구 서초동 1316-31,서울 서초구 강남대로61길 17,127.0250421244,37.4986789621,http://place.map.kakao.com/627759897
르샤인의원 문제성발톱클리닉,289302036,skin_treatment_hospital,피부시술병원,skin_treatment_hospital|hospital,medium,피부레이저,"의료,건강 > 병원 > 일반의원",HP8,병원,02-6677-2520,서울 서초구 서초동 1316-31,서울 서초구 강남대로61길 17,127.0250375985,37.498671755,http://place.map.kakao.com/289302036
르에이치의원,1059844781,skin_treatment_hospital,피부시술병원,skin_treatment_hospital|hospital,confirmed,kakao_category:피부과|리프팅|보톡스|여드름|울쎄라|피부과|필러,"의료,건강 > 병원 > 피부과",HP8,병원,02-596-5552,서울 서초구 반포동 107-9,서울 서초구 사평대로18길 5,126.9958383774,37.4986400967,http://place.map.kakao.com/1059844781
르웰의원,1193320663,skin_treatment_hospital,피부시술병원,skin_treatment_hospital|hospital,confirmed,kakao_category:피부과|리프팅|보톡스|써마지|여드름|피부과|피부레이저|필러,"의료,건강 > 병원 > 피부과",HP8,병원,02-591-9623,서울 서초구 잠원동 69-19,서울 서초구 신반포로 213,127.0072214655,37.5071977012,http://place.map.kakao.com/1193320663
리뉴미피부과의원 서초점,14734604,skin_treatment_hospital,피부시술병원,skin_treatment_hospital|hospital,confirmed,kakao_category:피부과|보톡스|써마지|여드름|울쎄라|피부과|피부레이저|필러,"의료,건강 > 병원 > 피부과",HP8,병원,02-588-2304,서울 서초구 서초동 1602-1,서울 서초구 효령로 279,127.0147620146,37.4849295195,http://place.map.kakao.com/14734604
리마인드피부과의원,924818303,skin_treatment_hospital,피부시술병원,skin_treatment_hospital|hospital,confirmed,kakao_category:피부과|리프팅|보톡스|써마지|여드름|울쎄라|제모|피부과|피부레이저|필러,"의료,건강 > 병원 > 피부과",HP8,병원,0507-871-6234,서울 서초구 양재동 14-1,서울 서초구 강남대로 206,127.0365070711,37.4826686761,http://place.map.kakao.com/924818303
리버스의원 강남점,15092524,skin_treatment_hospital,피부시술병원,skin_treatment_hospital|hospital,confirmed,kakao_category:피부과|리프팅|보톡스|써마지|여드름|제모|피부과|피부레이저|필러,"의료,건강 > 병원 > 피부과",HP8,병원,1544-0890,서울 서초구 서초동 1306-8,서울 서초구 강남대로 415,127.0262739267,37.499472481,http://place.map.kakao.com/15092524
리베리의원 강남점,1055052629,skin_treatment_hospital,피부시술병원,skin_treatment_hospital|hospital,confirmed,kakao_category:피부과|리프팅|보톡스|써마지|울쎄라|피부과|필러,"의료,건강 > 병원 > 피부과",HP8,병원,02-2039-2822,서울 서초구 서초동 1309-8,서울 서초구 강남대로69길 8,127.0247027731,37.5018433668,http://place.map.kakao.com/1055052629
리브힙의원,1252692872,skin_treatment_hospital,피부시술병원,skin_treatment_hospital|hospital,confirmed,kakao_category:피부과|써마지|피부과|필러,"의료,건강 > 병원 > 피부과",HP8,병원,02-6204-8888,서울 서초구 서초동 1318-1,서울 서초구 강남대로 407,127.0265915394,37.4990020847,http://place.map.kakao.com/1252692872
리스클리닉,286739290,skin_treatment_hospital,피부시술병원,skin_treatment_hospital|hospital,confirmed,kakao_category:피부과|피부과,"의료,건강 > 병원 > 피부과",HP8,병원,02-596-3838,서울 서초구 서초동 1303-31,서울 서초구 강남대로 463,127.0244420554,37.5034562213,http://place.map.kakao.com/286739290
리앤리성형외과의원,240598509,skin_treatment_hospital,피부시술병원,skin_treatment_hospital|hospital,high,리프팅|보톡스|피부레이저|필러,"의료,건강 > 병원 > 성형외과",HP8,병원,02-2138-1679,서울 서초구 서초동 1306-2,서울 서초구 강남대로 423,127.0261181594,37.5003203623,http://place.map.kakao.com/240598509
리앤영의원 강남점,27531950,skin_treatment_hospital,피부시술병원,skin_treatment_hospital|hospital,confirmed,kakao_category:피부과|리프팅|보톡스|여드름|피부과|피부레이저|필러,"의료,건강 > 병원 > 피부과",HP8,병원,02-6672-8800,서울 서초구 서초동 1306-8,서울 서초구 강남대로 415,127.0263090085,37.4995418507,http://place.map.kakao.com/27531950
리엔장성형외과의원 피부과,10356249,skin_treatment_hospital,피부시술병원,skin_treatment_hospital|hospital,high,리프팅|보톡스|여드름|피부과|피부레이저|필러,"의료,건강 > 병원 > 성형외과",HP8,병원,02-591-3625,서울 서초구 서초동 1318-4,서울 서초구 강남대로 403,127.0268129966,37.4984551238,http://place.map.kakao.com/10356249
리쥬엘의원 강남점,437830680,skin_treatment_hospital,피부시술병원,skin_treatment_hospital|hospital,high,보톡스|울쎄라|필러,"의료,건강 > 병원 > 일반의원",HP8,병원,0503-7151-6960,서울 서초구 서초동 1318-4,서울 서초구 강남대로 403,127.0268152593,37.4984578263,http://place.map.kakao.com/437830680
리참성형외과,1263871857,skin_treatment_hospital,피부시술병원,skin_treatment_hospital|hospital,high,리프팅|보톡스|써마지|울쎄라|피부레이저|필러,"의료,건강 > 병원 > 성형외과",HP8,병원,02-6257-9397,서울 서초구 서초동 1317-14,서울 서초구 서초대로77길 5,127.0263945372,37.4983516023,http://place.map.kakao.com/1263871857
리치미의원,26794304,skin_treatment_hospital,피부시술병원,skin_treatment_hospital|hospital,confirmed,kakao_category:피부과|리프팅|보톡스|여드름|피부과|필러,"의료,건강 > 병원 > 피부과",HP8,병원,02-543-1180,서울 서초구 잠원동 27-2,서울 서초구 강남대로 589,127.019415601,37.5145485226,http://place.map.kakao.com/26794304
리프티크피부과의원,1736352546,skin_treatment_hospital,피부시술병원,skin_treatment_hospital|hospital,confirmed,kakao_category:피부과|리프팅|보톡스|써마지|울쎄라|피부과|필러,"의료,건강 > 병원 > 피부과",HP8,병원,02-543-2829,서울 서초구 잠원동 19-10,서울 서초구 나루터로 80,127.0184770156,37.5155244603,http://place.map.kakao.com/1736352546
리필업의원,12994965,skin_treatment_hospital,피부시술병원,skin_treatment_hospital|hospital,confirmed,kakao_category:피부과|보톡스|여드름|피부과|필러,"의료,건강 > 병원 > 피부과",HP8,병원,02-533-1917,서울 서초구 잠원동 75-18,서울 서초구 신반포로 177,127.0034065366,37.5061004486,http://place.map.kakao.com/12994965
리필톡의원,1560889083,skin_treatment_hospital,피부시술병원,skin_treatment_hospital|hospital,confirmed,kakao_category:피부과|리프팅|보톡스|써마지|여드름|울쎄라|피부과|피부레이저|필러,"의료,건강 > 병원 > 피부과",HP8,병원,1833-7737,서울 서초구 잠원동 37-7,서울 서초구 강남대로 557,127.020639771,37.5115407633,http://place.map.kakao.com/1560889083
링클성형외과의원,1048661480,skin_treatment_hospital,피부시술병원,skin_treatment_hospital|hospital,high,리프팅|보톡스|써마지|울쎄라|피부레이저|필러,"의료,건강 > 병원 > 성형외과",HP8,병원,02-516-3700,서울 서초구 서초동 1309-8,서울 서초구 강남대로69길 8,127.0246530127,37.5018442782,http://place.map.kakao.com/1048661480
마노성형외과,395350618,skin_treatment_hospital,피부시술병원,skin_treatment_hospital|hospital,high,보톡스|필러,"의료,건강 > 병원 > 성형외과",HP8,병원,02-543-1100,서울 서초구 잠원동 20-9,서울 서초구 강남대로 605,127.0191614063,37.5157468992,http://place.map.kakao.com/395350618
마블성형외과의원,27175045,skin_treatment_hospital,피부시술병원,skin_treatment_hospital|hospital,high,리프팅|필러,"의료,건강 > 병원 > 성형외과",HP8,병원,02-596-7500,서울 서초구 서초동 1305-5,서울 서초구 강남대로 435,127.0255925934,37.5012079683,http://place.map.kakao.com/27175045
마이디피부과의원 신사점,22217844,skin_treatment_hospital,피부시술병원,skin_treatment_hospital|hospital,confirmed,kakao_category:피부과|보톡스|여드름|피부과|피부레이저|필러,"의료,건강 > 병원 > 피부과",HP8,병원,02-3444-8585,서울 서초구 잠원동 20-9,서울 서초구 강남대로 605,127.0192519017,37.5157649045,http://place.map.kakao.com/22217844
마이라인성형외과의원,1210862620,skin_treatment_hospital,피부시술병원,skin_treatment_hospital|hospital,high,리프팅|보톡스|필러,"의료,건강 > 병원 > 성형외과",HP8,병원,02-516-6615,서울 서초구 잠원동 12-22,서울 서초구 강남대로 613,127.0190371636,37.5164632172,http://place.map.kakao.com/1210862620
마인드성형외과의원,728443955,skin_treatment_hospital,피부시술병원,skin_treatment_hospital|hospital,high,리프팅|써마지|울쎄라,"의료,건강 > 병원 > 성형외과",HP8,병원,02-542-1006,서울 서초구 반포동 723-1,서울 서초구 강남대로 519,127.0222042092,37.508289655,http://place.map.kakao.com/728443955
맑고고운 라벨라의원,18098012,skin_treatment_hospital,피부시술병원,skin_treatment_hospital|hospital,high,보톡스|여드름|제모|피부과|피부레이저|필러,"의료,건강 > 병원 > 성형외과",HP8,병원,02-595-9567,서울 서초구 서초동 1303-35,서울 서초구 강남대로 455,127.0245459068,37.502857932,http://place.map.kakao.com/18098012
메디라인의원,12832555,skin_treatment_hospital,피부시술병원,skin_treatment_hospital|hospital,confirmed,kakao_category:피부과|보톡스|써마지|여드름|피부과|필러,"의료,건강 > 병원 > 피부과",HP8,병원,02-587-4466,서울 서초구 서초동 1673-1,서울 서초구 서초대로 302,127.0146732818,37.4937269702,http://place.map.kakao.com/12832555
메디셀플러스의원,1151498868,skin_treatment_hospital,피부시술병원,skin_treatment_hospital|hospital,confirmed,kakao_category:피부과|여드름|피부과,"의료,건강 > 병원 > 피부과",HP8,병원,02-578-7517,서울 서초구 양재동 2-2,서울 서초구 남부순환로 2646,127.0399850538,37.485071441,http://place.map.kakao.com/1151498868
메디에스클리닉 강남점,17646349,skin_treatment_hospital,피부시술병원,skin_treatment_hospital|hospital,confirmed,kakao_category:피부과|피부과,"의료,건강 > 병원 > 피부과",HP8,병원,,서울 서초구 서초동 1305-8,서울 서초구 강남대로 429,127.0257937532,37.5007925608,http://place.map.kakao.com/17646349
메디큐브의원 강남점,111183687,skin_treatment_hospital,피부시술병원,skin_treatment_hospital|hospital,confirmed,kakao_category:피부과|리프팅|보톡스|여드름|울쎄라|피부과|피부레이저|필러,"의료,건강 > 병원 > 피부과",HP8,병원,02-6941-1171,서울 서초구 서초동 1303-31,서울 서초구 강남대로 463,127.0245732537,37.5034814222,http://place.map.kakao.com/111183687
메리트피부과,13318218,skin_treatment_hospital,피부시술병원,skin_treatment_hospital|hospital,confirmed,kakao_category:피부과|리프팅|보톡스|여드름|피부과|피부레이저|필러,"의료,건강 > 병원 > 피부과",HP8,병원,02-521-8835,서울 서초구 방배동 910-13,서울 서초구 방배로 95,126.9963819676,37.4826814688,http://place.map.kakao.com/13318218
메이드영성형외과의원,133342503,skin_treatment_hospital,피부시술병원,skin_treatment_hospital|hospital,high,리프팅|필러,"의료,건강 > 병원 > 성형외과",HP8,병원,02-533-5233,서울 서초구 서초동 1317-20,서울 서초구 서초대로77길 3,127.0265052597,37.4980605525,http://place.map.kakao.com/133342503
메이슨의원,2006604853,skin_treatment_hospital,피부시술병원,skin_treatment_hospital|hospital,confirmed,kakao_category:피부과|리프팅|피부과|필러,"의료,건강 > 병원 > 피부과",HP8,병원,02-534-3900,서울 서초구 서초동 1308-7,서울 서초구 서초대로77길 39,127.0250700842,37.5011278908,http://place.map.kakao.com/2006604853
메이필클리닉,332644540,skin_treatment_hospital,피부시술병원,skin_treatment_hospital|hospital,high,리프팅|보톡스|써마지|여드름|울쎄라|피부레이저|필러,"의료,건강 > 병원 > 성형외과",HP8,병원,02-595-5999,서울 서초구 서초동 1306-2,서울 서초구 강남대로 423,127.0260107082,37.5002753357,http://place.map.kakao.com/332644540
메종드엠의원,1493357827,skin_treatment_hospital,피부시술병원,skin_treatment_hospital|hospital,confirmed,kakao_category:피부과|리프팅|보톡스|여드름|울쎄라|피부과|피부레이저,"의료,건강 > 병원 > 피부과",HP8,병원,02-533-7001,서울 서초구 서초동 1305-6,서울 서초구 강남대로 433,127.0256671754,37.501037662,http://place.map.kakao.com/1493357827
모디헤어플란트의원,321862591,skin_treatment_hospital,피부시술병원,skin_treatment_hospital|hospital,confirmed,kakao_category:피부과|보톡스|피부과|피부레이저,"의료,건강 > 병원 > 피부과",HP8,병원,02-544-8659,서울 서초구 잠원동 38-8,서울 서초구 강남대로91길 13,127.0197033206,37.5118292446,http://place.map.kakao.com/321862591
모래시계의원,1750875127,skin_treatment_hospital,피부시술병원,skin_treatment_hospital|hospital,medium,리프팅,"의료,건강 > 병원 > 성형외과",HP8,병원,02-574-8007,서울 서초구 반포동 737-18,서울 서초구 강남대로 487,127.0234147458,37.5057693102,http://place.map.kakao.com/1750875127
모먼트의원,650999088,skin_treatment_hospital,피부시술병원,skin_treatment_hospital|hospital,confirmed,kakao_category:피부과|피부과,"의료,건강 > 병원 > 피부과",HP8,병원,02-532-5827,서울 서초구 서초동 1306-3,서울 서초구 강남대로 423,127.026049171,37.5003104665,http://place.map.kakao.com/650999088
모바름미작의원,256636236,skin_treatment_hospital,피부시술병원,skin_treatment_hospital|hospital,confirmed,kakao_category:피부과|피부과,"의료,건강 > 병원 > 피부과",HP8,병원,02-514-2444,서울 서초구 잠원동 27-2,서울 서초구 강남대로 589,127.019386164,37.514440407,http://place.map.kakao.com/256636236
모션의원,13513596,skin_treatment_hospital,피부시술병원,skin_treatment_hospital|hospital,confirmed,kakao_category:피부과|피부과,"의료,건강 > 병원 > 피부과",HP8,병원,02-533-5882,서울 서초구 서초동 1306-2,서울 서초구 강남대로 423,127.0260898743,37.5002843283,http://place.map.kakao.com/13513596
모에코의원,1711793090,skin_treatment_hospital,피부시술병원,skin_treatment_hospital|hospital,confirmed,kakao_category:피부과|피부과,"의료,건강 > 병원 > 피부과",HP8,병원,02-6258-8275,서울 서초구 서초동 1715-10,서울 서초구 서초대로 283,127.0126943708,37.493678545,http://place.map.kakao.com/1711793090
모찌의원,1334791378,skin_treatment_hospital,피부시술병원,skin_treatment_hospital|hospital,confirmed,kakao_category:피부과|리프팅|보톡스|써마지|피부과|필러,"의료,건강 > 병원 > 피부과",HP8,병원,02-6677-2277,서울 서초구 서초동 1318-4,서울 서초구 강남대로 403,127.0268129966,37.4984551238,http://place.map.kakao.com/1334791378
문상은피부과의원,8310286,skin_treatment_hospital,피부시술병원,skin_treatment_hospital|hospital,confirmed,kakao_category:피부과|피부과,"의료,건강 > 병원 > 피부과",HP8,병원,02-595-0700,서울 서초구 잠원동 65-32,서울 서초구 잠원로 94,127.006854392,37.5126992572,http://place.map.kakao.com/8310286
물방울성형외과의원,1624827496,skin_treatment_hospital,피부시술병원,skin_treatment_hospital|hospital,high,리프팅|보톡스|울쎄라|피부레이저|필러,"의료,건강 > 병원 > 성형외과",HP8,병원,02-511-7333,서울 서초구 잠원동 37-7,서울 서초구 강남대로 557,127.0206409021,37.5115407631,http://place.map.kakao.com/1624827496
뮬리성형외과의원,801882416,skin_treatment_hospital,피부시술병원,skin_treatment_hospital|hospital,high,리프팅|보톡스|울쎄라|피부레이저,"의료,건강 > 병원 > 성형외과",HP8,병원,02-512-7005,서울 서초구 반포동 723-1,서울 서초구 강남대로 519,127.0222019461,37.5082860514,http://place.map.kakao.com/801882416
미드라인성형외과의원,27353967,skin_treatment_hospital,피부시술병원,skin_treatment_hospital|hospital,high,리프팅|보톡스|피부레이저|필러,"의료,건강 > 병원 > 성형외과",HP8,병원,02-567-5518,서울 서초구 서초동 1316-29,서울 서초구 서초대로73길 9,127.0252184144,37.4983023039,http://place.map.kakao.com/27353967
미소가인피부과의원 방배점,13123287,skin_treatment_hospital,피부시술병원,skin_treatment_hospital|hospital,confirmed,kakao_category:피부과|리프팅|써마지|울쎄라|피부과|피부레이저,"의료,건강 > 병원 > 피부과",HP8,병원,02-586-5100,서울 서초구 방배동 908-10,서울 서초구 방배로 84,126.9976437781,37.4819895259,http://place.map.kakao.com/13123287
미소연피부과의원,10757509,skin_treatment_hospital,피부시술병원,skin_treatment_hospital|hospital,confirmed,kakao_category:피부과|여드름|피부과,"의료,건강 > 병원 > 피부과",HP8,병원,02-593-4187,서울 서초구 방배동 1669,서울 서초구 동작대로 120,126.9827092747,37.4872501737,http://place.map.kakao.com/10757509
미엘르의원,81245489,skin_treatment_hospital,피부시술병원,skin_treatment_hospital|hospital,confirmed,kakao_category:피부과|리프팅|보톡스|여드름|피부과|필러,"의료,건강 > 병원 > 피부과",HP8,병원,02-541-1050,서울 서초구 반포동 738-47,서울 서초구 강남대로79길 16,127.0230209622,37.5051134558,http://place.map.kakao.com/81245489
미의원 강남,1027390445,skin_treatment_hospital,피부시술병원,skin_treatment_hospital|hospital,confirmed,kakao_category:피부과|리프팅|보톡스|써마지|여드름|울쎄라|제모|피부과|피부레이저|필러,"의료,건강 > 병원 > 피부과",HP8,병원,1661-5541,서울 서초구 서초동 1317-11,서울 서초구 서초대로77길 9,127.0262532675,37.4986066186,http://place.map.kakao.com/1027390445
미케이의원,591709712,skin_treatment_hospital,피부시술병원,skin_treatment_hospital|hospital,confirmed,kakao_category:피부과|리프팅|보톡스|여드름|울쎄라|피부과|피부레이저|필러,"의료,건강 > 병원 > 피부과",HP8,병원,02-6326-0900,서울 서초구 서초동 1306-4,서울 서초구 서초대로77길 24,127.0259710324,37.5000032406,http://place.map.kakao.com/591709712
민에스피부과,11475619,skin_treatment_hospital,피부시술병원,skin_treatment_hospital|hospital,confirmed,kakao_category:피부과|피부과,"의료,건강 > 병원 > 피부과",HP8,병원,02-586-0033,서울 서초구 서초동 1444-12,서울 서초구 효령로60길 21,127.0188933823,37.4845451014,http://place.map.kakao.com/11475619
바라본성형외과의원,1863697597,skin_treatment_hospital,피부시술병원,skin_treatment_hospital|hospital,high,리프팅|필러,"의료,건강 > 병원 > 성형외과",HP8,병원,02-545-8255,서울 서초구 잠원동 37-6,서울 서초구 강남대로 559,127.0205391697,37.511774141,http://place.map.kakao.com/1863697597
바로코성형외과의원,27264392,skin_treatment_hospital,피부시술병원,skin_treatment_hospital|hospital,high,피부레이저|필러,"의료,건강 > 병원 > 성형외과",HP8,병원,02-595-8599,서울 서초구 서초동 1306-8,서울 서초구 강남대로 415,127.0263090085,37.4995418507,http://place.map.kakao.com/27264392
바롬클리닉 강남점,16876718,skin_treatment_hospital,피부시술병원,skin_treatment_hospital|hospital,confirmed,kakao_category:피부과|리프팅|보톡스|써마지|울쎄라|피부과|피부레이저|필러,"의료,건강 > 병원 > 피부과",HP8,병원,02-594-3644,서울 서초구 서초동 1306-8,서울 서초구 강남대로 415,127.0263406798,37.4995598638,http://place.map.kakao.com/16876718
바이미성형외과의원,1712364150,skin_treatment_hospital,피부시술병원,skin_treatment_hospital|hospital,high,리프팅|보톡스|필러,"의료,건강 > 병원 > 성형외과",HP8,병원,02-2039-0801,서울 서초구 잠원동 20-9,서울 서초구 강남대로 605,127.0191840336,37.5157649156,http://place.map.kakao.com/1712364150
방배고운세상피부과의원,16500460,skin_treatment_hospital,피부시술병원,skin_treatment_hospital|hospital,confirmed,kakao_category:피부과|여드름|피부과|피부레이저,"의료,건강 > 병원 > 피부과",HP8,병원,02-586-4378,서울 서초구 방배동 1823,서울 서초구 동작대로 134,126.9827632487,37.4885548411,http://place.map.kakao.com/16500460
백점성형외과의원,559639897,skin_treatment_hospital,피부시술병원,skin_treatment_hospital|hospital,high,보톡스|피부레이저,"의료,건강 > 병원 > 성형외과",HP8,병원,02-2038-8383,서울 서초구 잠원동 21-2,서울 서초구 강남대로 601,127.019398843,37.5153549238,http://place.map.kakao.com/559639897
백지영여성의원,329539840,skin_treatment_hospital,피부시술병원,skin_treatment_hospital|hospital,confirmed,kakao_category:피부과|리프팅|보톡스|울쎄라|제모|피부과|필러,"의료,건강 > 병원 > 피부과",HP8,병원,02-535-5358,서울 서초구 반포동 32-1,서울 서초구 고무래로 32,127.0120105072,37.5024309929,http://place.map.kakao.com/329539840
밴스의원 신사점,962164881,skin_treatment_hospital,피부시술병원,skin_treatment_hospital|hospital,high,리프팅|보톡스|써마지|여드름|피부레이저|필러,"의료,건강 > 병원 > 성형외과",HP8,병원,1644-7475,서울 서초구 잠원동 21-3,서울 서초구 강남대로 597,127.0193286301,37.515033277,http://place.map.kakao.com/962164881
베러미의원 강남점,636898633,skin_treatment_hospital,피부시술병원,skin_treatment_hospital|hospital,confirmed,kakao_category:피부과|보톡스|울쎄라|제모|피부과|필러,"의료,건강 > 병원 > 피부과",HP8,병원,1644-8180,서울 서초구 서초동 1318-4,서울 서초구 강남대로 403,127.0268152593,37.4984578263,http://place.map.kakao.com/636898633
베르나의원,800036440,skin_treatment_hospital,피부시술병원,skin_treatment_hospital|hospital,confirmed,kakao_category:피부과|피부과,"의료,건강 > 병원 > 피부과",HP8,병원,02-3478-5558,서울 서초구 서초동 1317-14,서울 서초구 서초대로77길 5,127.0263945372,37.4983516023,http://place.map.kakao.com/800036440
베리굿성형외과의원,1977511891,skin_treatment_hospital,피부시술병원,skin_treatment_hospital|hospital,high,리프팅|울쎄라|피부레이저,"의료,건강 > 병원 > 성형외과",HP8,병원,02-596-9006,서울 서초구 서초동 1307-21,서울 서초구 서초대로77길 17,127.0258464724,37.4995347447,http://place.map.kakao.com/1977511891
베일러의원,1126341491,skin_treatment_hospital,피부시술병원,skin_treatment_hospital|hospital,confirmed,kakao_category:피부과|리프팅|써마지|제모|피부과|필러,"의료,건강 > 병원 > 피부과",HP8,병원,02-518-7117,서울 서초구 잠원동 12-17,서울 서초구 강남대로 617,127.0188913393,37.5168335531,http://place.map.kakao.com/1126341491
벨리셀의원,2130740386,skin_treatment_hospital,피부시술병원,skin_treatment_hospital|hospital,confirmed,kakao_category:피부과|피부과,"의료,건강 > 병원 > 피부과",HP8,병원,02-6282-8117,서울 서초구 서초동 1318-1,서울 서초구 강남대로 407,127.0265915394,37.4990020847,http://place.map.kakao.com/2130740386
벨리쎌의원,1911935951,skin_treatment_hospital,피부시술병원,skin_treatment_hospital|hospital,medium,필러,"의료,건강 > 병원 > 성형외과",HP8,병원,010-2801-1549,서울 서초구 서초동 1318-1,서울 서초구 강남대로 407,127.0265915394,37.4990020847,http://place.map.kakao.com/1911935951
벨뷰의원,245142924,skin_treatment_hospital,피부시술병원,skin_treatment_hospital|hospital,high,리프팅|보톡스|써마지|여드름|필러,"의료,건강 > 병원 > 일반의원",HP8,병원,02-533-1200,서울 서초구 서초동 1317-11,서울 서초구 서초대로77길 9,127.0262136809,37.4985895083,http://place.map.kakao.com/245142924
별성형외과의원,27278153,skin_treatment_hospital,피부시술병원,skin_treatment_hospital|hospital,medium,리프팅,"의료,건강 > 병원 > 성형외과",HP8,병원,02-1833-8898,서울 서초구 서초동 1302-47,서울 서초구 사평대로56길 6,127.0228338346,37.5034159978,http://place.map.kakao.com/27278153
보니따의원,10378007,skin_treatment_hospital,피부시술병원,skin_treatment_hospital|hospital,high,여드름|피부레이저|필러,"의료,건강 > 병원 > 성형외과",HP8,병원,02-3444-1535,서울 서초구 잠원동 36-14,서울 서초구 강남대로 565,127.0203277794,37.5122183727,http://place.map.kakao.com/10378007
본아이성형외과의원,1686406092,skin_treatment_hospital,피부시술병원,skin_treatment_hospital|hospital,medium,필러,"의료,건강 > 병원 > 성형외과",HP8,병원,1899-7233,서울 서초구 잠원동 21-7,서울 서초구 강남대로 595,127.0195434976,37.5148575459,http://place.map.kakao.com/1686406092
본연성형외과의원,575806343,skin_treatment_hospital,피부시술병원,skin_treatment_hospital|hospital,high,리프팅|보톡스|써마지|여드름|울쎄라|제모|피부레이저|필러,"의료,건강 > 병원 > 성형외과",HP8,병원,02-6953-9016,서울 서초구 서초동 1307-21,서울 서초구 서초대로77길 17,127.0257526151,37.4995536864,http://place.map.kakao.com/575806343
봄스피부과,25974631,skin_treatment_hospital,피부시술병원,skin_treatment_hospital|hospital,confirmed,kakao_category:피부과|리프팅|여드름|피부과|피부레이저,"의료,건강 > 병원 > 피부과",HP8,병원,02-535-8055,서울 서초구 서초동 1678-4,서울 서초구 서초대로 356,127.0202418039,37.4954128323,http://place.map.kakao.com/25974631
뷔엘성형외과의원,1400670875,skin_treatment_hospital,피부시술병원,skin_treatment_hospital|hospital,medium,보톡스,"의료,건강 > 병원 > 성형외과",HP8,병원,02-516-9980,서울 서초구 서초동 1305-3,서울 서초구 강남대로 437,127.0255112206,37.5013638599,http://place.map.kakao.com/1400670875
뷰티라운지의원 방배점,718313355,skin_treatment_hospital,피부시술병원,skin_treatment_hospital|hospital,confirmed,kakao_category:피부과|리프팅|보톡스|여드름|울쎄라|제모|피부과|필러,"의료,건강 > 병원 > 피부과",HP8,병원,02-6248-7582,서울 서초구 방배동 907-10,서울 서초구 효령로33길 55,126.9967697348,37.4836257372,http://place.map.kakao.com/718313355
뷰티스톤의원,1197737199,skin_treatment_hospital,피부시술병원,skin_treatment_hospital|hospital,confirmed,kakao_category:피부과|리프팅|보톡스|써마지|여드름|피부과|피부레이저|필러,"의료,건강 > 병원 > 피부과",HP8,병원,02-525-6121,서울 서초구 방배동 1715,서울 서초구 서초대로 2,126.9827640436,37.48509497,http://place.map.kakao.com/1197737199
뷰티크의원 방배이수점,1314054250,skin_treatment_hospital,피부시술병원,skin_treatment_hospital|hospital,confirmed,kakao_category:피부과|리프팅|보톡스|써마지|여드름|울쎄라|제모|피부과|피부레이저|필러,"의료,건강 > 병원 > 피부과",HP8,병원,02-535-2462,서울 서초구 방배동 3160,서울 서초구 동작대로 114,126.9826471845,37.4868239878,http://place.map.kakao.com/1314054250
브라운성형외과의원,12389988,skin_treatment_hospital,피부시술병원,skin_treatment_hospital|hospital,medium,리프팅,"의료,건강 > 병원 > 성형외과",HP8,병원,02-518-2400,서울 서초구 반포동 748-12,서울 서초구 강남대로 475,127.0238973507,37.5047501766,http://place.map.kakao.com/12389988
브라운아이성형외과,26568795,skin_treatment_hospital,피부시술병원,skin_treatment_hospital|hospital,high,리프팅|여드름|제모|피부레이저|필러,"의료,건강 > 병원 > 성형외과",HP8,병원,02-3477-7774,서울 서초구 서초동 1673-10,서울 서초구 서초대로 310,127.0155372665,37.4939791417,http://place.map.kakao.com/26568795
브라이튼피부과의원,2072464169,skin_treatment_hospital,피부시술병원,skin_treatment_hospital|hospital,confirmed,kakao_category:피부과|리프팅|보톡스|써마지|여드름|울쎄라|피부과|피부레이저|필러,"의료,건강 > 병원 > 피부과",HP8,병원,02-6953-8480,서울 서초구 반포동 18-3,서울 서초구 반포대로 287,127.001085723,37.5043237102,http://place.map.kakao.com/2072464169
브이엔성형외과의원,836425226,skin_treatment_hospital,피부시술병원,skin_treatment_hospital|hospital,high,피부레이저|필러,"의료,건강 > 병원 > 성형외과",HP8,병원,02-599-1008,서울 서초구 서초동 1305,서울 서초구 강남대로 441,127.0252783775,37.5017369264,http://place.map.kakao.com/836425226
브이의원 강남점,984454245,skin_treatment_hospital,피부시술병원,skin_treatment_hospital|hospital,confirmed,kakao_category:피부과|여드름|피부과,"의료,건강 > 병원 > 피부과",HP8,병원,02-532-5911,서울 서초구 서초동 1305,서울 서초구 강남대로 441,127.0252783772,37.5017360253,http://place.map.kakao.com/984454245
블랑쥬의원,1481074758,skin_treatment_hospital,피부시술병원,skin_treatment_hospital|hospital,confirmed,kakao_category:피부과|리프팅|보톡스|여드름|울쎄라|제모|피부과|피부레이저|필러,"의료,건강 > 병원 > 피부과",HP8,병원,02-592-5500,서울 서초구 서초동 1304-5,서울 서초구 강남대로 445,127.0252535788,37.5019793022,http://place.map.kakao.com/1481074758
블랑쥬의원 신관,1912103507,skin_treatment_hospital,피부시술병원,skin_treatment_hospital|hospital,confirmed,kakao_category:피부과|피부과,"의료,건강 > 병원 > 피부과",HP8,병원,070-4153-6641,서울 서초구 서초동 1309-8,서울 서초구 강남대로69길 8,127.0246484887,37.5018433782,http://place.map.kakao.com/1912103507
블레싱피부과의원,1316165834,skin_treatment_hospital,피부시술병원,skin_treatment_hospital|hospital,confirmed,kakao_category:피부과|리프팅|보톡스|써마지|여드름|울쎄라|피부과|피부레이저|필러,"의료,건강 > 병원 > 피부과",HP8,병원,0502-5554-0128,서울 서초구 반포동 1-1,서울 서초구 반포대로 291,126.9994039787,37.5049030602,http://place.map.kakao.com/1316165834
블리비의원 강남역점,54525485,skin_treatment_hospital,피부시술병원,skin_treatment_hospital|hospital,confirmed,kakao_category:피부과|리프팅|보톡스|여드름|제모|피부과|피부레이저|필러,"의료,건강 > 병원 > 피부과",HP8,병원,1833-9183,서울 서초구 서초동 1306-2,서울 서초구 강남대로 423,127.0261011896,37.500302346,http://place.map.kakao.com/54525485
블리스의원,569068904,skin_treatment_hospital,피부시술병원,skin_treatment_hospital|hospital,confirmed,kakao_category:피부과|리프팅|보톡스|피부과|피부레이저|필러,"의료,건강 > 병원 > 피부과",HP8,병원,02-595-4273,서울 서초구 반포동 30-25,서울 서초구 서초중앙로 238,127.012070532,37.5029616791,http://place.map.kakao.com/569068904
비긴성형외과의원,893352358,skin_treatment_hospital,피부시술병원,skin_treatment_hospital|hospital,medium,리프팅,"의료,건강 > 병원 > 성형외과",HP8,병원,02-512-8898,서울 서초구 잠원동 19-10,서울 서초구 나루터로 80,127.0184770156,37.5155244603,http://place.map.kakao.com/893352358
비브톤의원 사당이수,356663219,skin_treatment_hospital,피부시술병원,skin_treatment_hospital|hospital,confirmed,kakao_category:피부과|보톡스|여드름|피부과|피부레이저|필러,"의료,건강 > 병원 > 피부과",HP8,병원,02-597-9996,서울 서초구 방배동 443-3,서울 서초구 동작대로 24,126.9821527497,37.4786625768,http://place.map.kakao.com/356663219
비비라인맆팅의원,12709940,skin_treatment_hospital,피부시술병원,skin_treatment_hospital|hospital,confirmed,kakao_category:피부과|리프팅|써마지|여드름|피부과,"의료,건강 > 병원 > 피부과",HP8,병원,02-568-4282,서울 서초구 서초동 1303-31,서울 서초구 강남대로 463,127.0244397906,37.5034472117,http://place.map.kakao.com/12709940
비앤씨피부과의원 반포점,11887347,skin_treatment_hospital,피부시술병원,skin_treatment_hospital|hospital,confirmed,kakao_category:피부과|리프팅|보톡스|여드름|피부과,"의료,건강 > 병원 > 피부과",HP8,병원,02-3477-4333,서울 서초구 반포동 18-3,서울 서초구 반포대로 287,127.0008142941,37.5044967055,http://place.map.kakao.com/11887347
비앤유의원,12513706,skin_treatment_hospital,피부시술병원,skin_treatment_hospital|hospital,confirmed,kakao_category:피부과|여드름|피부과,"의료,건강 > 병원 > 피부과",HP8,병원,02-525-3599,서울 서초구 방배동 909-9,서울 서초구 방배로 81,126.9971146582,37.481665151,http://place.map.kakao.com/12513706
비오페이스의원,26845381,skin_treatment_hospital,피부시술병원,skin_treatment_hospital|hospital,confirmed,kakao_category:피부과|리프팅|보톡스|써마지|울쎄라|제모|피부과|피부레이저|필러,"의료,건강 > 병원 > 피부과",HP8,병원,1833-8838,서울 서초구 잠원동 20-9,서울 서초구 강남대로 605,127.0191274884,37.5158099749,http://place.map.kakao.com/26845381
비티성형외과의원,1646405104,skin_treatment_hospital,피부시술병원,skin_treatment_hospital|hospital,high,보톡스|울쎄라|필러,"의료,건강 > 병원 > 성형외과",HP8,병원,02-533-7703,서울 서초구 서초동 1307-21,서울 서초구 서초대로77길 17,127.0257706997,37.4995257512,http://place.map.kakao.com/1646405104
빌리프성형외과의원,458734203,skin_treatment_hospital,피부시술병원,skin_treatment_hospital|hospital,high,리프팅|보톡스|피부레이저,"의료,건강 > 병원 > 성형외과",HP8,병원,02-567-5255,서울 서초구 반포동 722,서울 서초구 강남대로 531,127.0216028009,37.509313308,http://place.map.kakao.com/458734203
뽀송의원 강남,364366732,skin_treatment_hospital,피부시술병원,skin_treatment_hospital|hospital,confirmed,kakao_category:피부과|보톡스|피부과,"의료,건강 > 병원 > 피부과",HP8,병원,0507-1306-8438,서울 서초구 서초동 1305-7,서울 서초구 강남대로 429,127.0257677767,37.5008925781,http://place.map.kakao.com/364366732
쁠리성형외과의원,1390415574,skin_treatment_hospital,피부시술병원,skin_treatment_hospital|hospital,medium,필러,"의료,건강 > 병원 > 성형외과",HP8,병원,02-546-0101,서울 서초구 잠원동 37-1,서울 서초구 강남대로 563,127.0204046202,37.5119516621,http://place.map.kakao.com/1390415574
쁨글로벌의원,1834456830,skin_treatment_hospital,피부시술병원,skin_treatment_hospital|hospital,confirmed,kakao_category:피부과|피부과,"의료,건강 > 병원 > 피부과",HP8,병원,02-591-7009,서울 서초구 서초동 1309-9,서울 서초구 서초대로77길 55,127.0245637736,37.5021614509,http://place.map.kakao.com/1834456830
사적인아름다움 지유의원 강남본점,342583649,skin_treatment_hospital,피부시술병원,skin_treatment_hospital|hospital,confirmed,kakao_category:피부과|리프팅|보톡스|여드름|울쎄라|피부과|피부레이저|필러,"의료,건강 > 병원 > 피부과",HP8,병원,02-6241-0096,서울 서초구 서초동 1303-37,서울 서초구 서초대로77길 54,127.0247358213,37.5026056108,http://place.map.kakao.com/342583649
새로성형외과의원,674874570,skin_treatment_hospital,피부시술병원,skin_treatment_hospital|hospital,high,리프팅|보톡스|필러,"의료,건강 > 병원 > 성형외과",HP8,병원,02-516-7888,서울 서초구 반포동 748-8,서울 서초구 사평대로 371,127.0235908021,37.5045709381,http://place.map.kakao.com/674874570
새론바디의원,896353001,skin_treatment_hospital,피부시술병원,skin_treatment_hospital|hospital,high,리프팅|보톡스|여드름|피부레이저|필러,"의료,건강 > 병원 > 일반의원",HP8,병원,02-3486-8517,서울 서초구 서초동 1572-1,서울 서초구 서초대로 270,127.0113395188,37.4926695548,http://place.map.kakao.com/896353001
새하얀피부과의원 방배점,16905198,skin_treatment_hospital,피부시술병원,skin_treatment_hospital|hospital,confirmed,kakao_category:피부과|여드름|피부과,"의료,건강 > 병원 > 피부과",HP8,병원,02-583-2500,서울 서초구 방배동 445-5,서울 서초구 방배천로 5-3,126.9822899279,37.4770578995,http://place.map.kakao.com/16905198
샘스킨성형외과,13595708,skin_treatment_hospital,피부시술병원,skin_treatment_hospital|hospital,high,리프팅|보톡스|필러,"의료,건강 > 병원 > 성형외과",HP8,병원,02-3447-7755,서울 서초구 반포동 72-10,서울 서초구 사평대로26길 47,126.9991857759,37.498052711,http://place.map.kakao.com/13595708
샘킴비너스성형외과의원,1216567473,skin_treatment_hospital,피부시술병원,skin_treatment_hospital|hospital,high,리프팅|보톡스|필러,"의료,건강 > 병원 > 성형외과",HP8,병원,02-578-7707,서울 서초구 방배동 813-7,서울 서초구 동광로 70,126.9902797801,37.4925633803,http://place.map.kakao.com/1216567473
샤인의원,1343291448,skin_treatment_hospital,피부시술병원,skin_treatment_hospital|hospital,high,리프팅|보톡스|여드름|피부레이저|필러,"의료,건강 > 병원 > 일반의원",HP8,병원,02-542-1357,서울 서초구 잠원동 37-12,서울 서초구 신반포로 339,127.0206035034,37.5112740724,http://place.map.kakao.com/1343291448
샤프성형외과의원,987258728,skin_treatment_hospital,피부시술병원,skin_treatment_hospital|hospital,high,리프팅|보톡스|울쎄라|피부레이저|필러,"의료,건강 > 병원 > 성형외과",HP8,병원,02-599-8875,서울 서초구 서초동 1303-3,서울 서초구 사평대로 368,127.0235193056,37.5037879786,http://place.map.kakao.com/987258728
서아송피부과의원,10864840,skin_treatment_hospital,피부시술병원,skin_treatment_hospital|hospital,confirmed,kakao_category:피부과|피부과,"의료,건강 > 병원 > 피부과",HP8,병원,02-571-6339,서울 서초구 서초동 1362,서울 서초구 강남대로39길 5,127.0326226057,37.4861801415,http://place.map.kakao.com/10864840
서울365mc지방흡입병원,17698227,skin_treatment_hospital,피부시술병원,skin_treatment_hospital|hospital,high,리프팅|보톡스,"의료,건강 > 병원 > 일반의원",HP8,병원,02-3474-3653,서울 서초구 서초동 1657-1,서울 서초구 서초중앙로 126,127.0141122666,37.4929954207,http://place.map.kakao.com/17698227
서울아이성형외과의원,1442859121,skin_treatment_hospital,피부시술병원,skin_treatment_hospital|hospital,high,리프팅|보톡스|써마지|울쎄라|피부레이저|필러,"의료,건강 > 병원 > 성형외과",HP8,병원,02-6253-8575,서울 서초구 서초동 1306-8,서울 서초구 강남대로 415,127.0263395492,37.499560765,http://place.map.kakao.com/1442859121
서울에스클리닉,27493596,skin_treatment_hospital,피부시술병원,skin_treatment_hospital|hospital,confirmed,kakao_category:피부과|리프팅|보톡스|여드름|피부과|필러,"의료,건강 > 병원 > 피부과",HP8,병원,02-537-0970,서울 서초구 서초동 1692-4,서울 서초구 서초대로 307,127.0151257413,37.4944152825,http://place.map.kakao.com/27493596
서울원피부과의원,479668000,skin_treatment_hospital,피부시술병원,skin_treatment_hospital|hospital,confirmed,kakao_category:피부과|리프팅|보톡스|써마지|여드름|울쎄라|피부과|필러,"의료,건강 > 병원 > 피부과",HP8,병원,02-6956-4700,서울 서초구 반포동 58-15,서울 서초구 고무래로 14,127.0098629758,37.503268226,http://place.map.kakao.com/479668000
서울자이의원,16088427,skin_treatment_hospital,피부시술병원,skin_treatment_hospital|hospital,confirmed,kakao_category:피부과|피부과,"의료,건강 > 병원 > 피부과",HP8,병원,02-591-3311,서울 서초구 반포동 20-51,서울 서초구 사평대로45길 10-25,127.0139519659,37.5066114447,http://place.map.kakao.com/16088427
서울크리스탈의원,16502749,skin_treatment_hospital,피부시술병원,skin_treatment_hospital|hospital,confirmed,kakao_category:피부과|리프팅|피부과|피부레이저,"의료,건강 > 병원 > 피부과",HP8,병원,02-3472-7585,서울 서초구 서초동 1714-21,서울 서초구 서초중앙로 147,127.0130586972,37.4948759436,http://place.map.kakao.com/16502749
서정피부과의원,1569057637,skin_treatment_hospital,피부시술병원,skin_treatment_hospital|hospital,confirmed,kakao_category:피부과|리프팅|보톡스|써마지|여드름|피부과|피부레이저|필러,"의료,건강 > 병원 > 피부과",HP8,병원,02-533-9300,서울 서초구 서초동 1685-3,서울 서초구 서초중앙로 188,127.0131667036,37.4981718139,http://place.map.kakao.com/1569057637
서초서울마더스성형외과의원,27304463,skin_treatment_hospital,피부시술병원,skin_treatment_hospital|hospital,medium,피부레이저,"의료,건강 > 병원 > 성형외과",HP8,병원,02-525-2375,서울 서초구 방배동 1970,서울 서초구 동작대로 150,126.9829935821,37.4900289232,http://place.map.kakao.com/27304463
성품성형외과의원,324259036,skin_treatment_hospital,피부시술병원,skin_treatment_hospital|hospital,medium,필러,"의료,건강 > 병원 > 성형외과",HP8,병원,02-549-0077,서울 서초구 반포동 723-1,서울 서초구 강남대로 519,127.0222064707,37.5082878526,http://place.map.kakao.com/324259036
세가지소원성형외과의원 강남점,1766411724,skin_treatment_hospital,피부시술병원,skin_treatment_hospital|hospital,high,리프팅|보톡스|울쎄라|피부레이저,"의료,건강 > 병원 > 성형외과",HP8,병원,02-532-5501,서울 서초구 서초동 1305-2,서울 서초구 강남대로 439,127.0253665218,37.5015368842,http://place.map.kakao.com/1766411724
세니아 클리닉 3관,503251999,skin_treatment_hospital,피부시술병원,skin_treatment_hospital|hospital,confirmed,kakao_category:피부과|써마지|울쎄라|피부과,"의료,건강 > 병원 > 피부과",HP8,병원,1661-2365,서울 서초구 서초동 1309-6,서울 서초구 강남대로69길 10,127.0242492472,37.5017650733,http://place.map.kakao.com/503251999
세니아클리닉 1관,466541963,skin_treatment_hospital,피부시술병원,skin_treatment_hospital|hospital,confirmed,kakao_category:피부과|리프팅|보톡스|여드름|울쎄라|피부과|피부레이저|필러,"의료,건강 > 병원 > 피부과",HP8,병원,1661-2365,서울 서초구 서초동 1305,서울 서초구 강남대로 441,127.0252783772,37.5017360254,http://place.map.kakao.com/466541963
세븐레마의원 강남점,16738185,skin_treatment_hospital,피부시술병원,skin_treatment_hospital|hospital,confirmed,kakao_category:피부과|여드름|피부과|피부레이저,"의료,건강 > 병원 > 피부과",HP8,병원,02-532-7145,서울 서초구 서초동 1304,서울 서초구 강남대로 449-3,127.0248804985,37.5023569028,http://place.map.kakao.com/16738185
세예의원,884710269,skin_treatment_hospital,피부시술병원,skin_treatment_hospital|hospital,high,리프팅|보톡스|써마지|울쎄라|피부과|필러,"의료,건강 > 병원 > 일반의원",HP8,병원,02-2088-5928,서울 서초구 서초동 1309-9,서울 서초구 서초대로77길 55,127.0244653631,37.5021011039,http://place.map.kakao.com/884710269
센트럴시티의원,26337847,skin_treatment_hospital,피부시술병원,skin_treatment_hospital|hospital,confirmed,kakao_category:피부과|리프팅|여드름|제모|피부과|피부레이저,"의료,건강 > 병원 > 피부과",HP8,병원,02-6282-1919,서울 서초구 반포동 118-6,,127.0041087067,37.5029342932,http://place.map.kakao.com/26337847
셀린의원 강남점,913442636,skin_treatment_hospital,피부시술병원,skin_treatment_hospital|hospital,confirmed,kakao_category:피부과|보톡스|써마지|제모|피부과|필러,"의료,건강 > 병원 > 피부과",HP8,병원,02-532-2550,서울 서초구 서초동 1316-29,서울 서초구 서초대로73길 9,127.0252184144,37.4983023039,http://place.map.kakao.com/913442636
셀이즈랩의원,1815080511,skin_treatment_hospital,피부시술병원,skin_treatment_hospital|hospital,confirmed,kakao_category:피부과|피부과,"의료,건강 > 병원 > 피부과",HP8,병원,02-583-2220,서울 서초구 서초동 1460-2,서울 서초구 효령로 244,127.0107683192,37.4837280056,http://place.map.kakao.com/1815080511
셀이즈연세메디컬의원,789278543,skin_treatment_hospital,피부시술병원,skin_treatment_hospital|hospital,medium,여드름,"의료,건강 > 병원 > 일반의원",HP8,병원,02-548-2110,서울 서초구 서초동 1460-2,서울 서초구 효령로 244,127.0107683192,37.4837280056,http://place.map.kakao.com/789278543
소이의원,1069415556,skin_treatment_hospital,피부시술병원,skin_treatment_hospital|hospital,confirmed,kakao_category:피부과|리프팅|보톡스|써마지|울쎄라|피부과|필러,"의료,건강 > 병원 > 피부과",HP8,병원,0507-873-0479,서울 서초구 잠원동 37-1,서울 서초구 강남대로 563,127.0203853919,37.5119516655,http://place.map.kakao.com/1069415556
송피부과의원,7956103,skin_treatment_hospital,피부시술병원,skin_treatment_hospital|hospital,confirmed,kakao_category:피부과|피부과,"의료,건강 > 병원 > 피부과",HP8,병원,02-588-6686,서울 서초구 방배동 925-10,서울 서초구 방배로 115,126.995414039,37.4843969557,http://place.map.kakao.com/7956103
수의원,1099210444,skin_treatment_hospital,피부시술병원,skin_treatment_hospital|hospital,medium,여드름,"의료,건강 > 병원 > 일반의원",HP8,병원,02-537-7567,서울 서초구 반포동 32-14,서울 서초구 고무래로 32,127.0120930737,37.5024832428,http://place.map.kakao.com/1099210444
순수안피부과의원,1842239601,skin_treatment_hospital,피부시술병원,skin_treatment_hospital|hospital,confirmed,kakao_category:피부과|리프팅|보톡스|써마지|여드름|피부과|피부레이저|필러,"의료,건강 > 병원 > 피부과",HP8,병원,02-522-8975,서울 서초구 서초동 1331-2,서울 서초구 사임당로 157,127.026808593,37.4924634297,http://place.map.kakao.com/1842239601
순플러스성형외과의원,18048917,skin_treatment_hospital,피부시술병원,skin_treatment_hospital|hospital,high,리프팅|보톡스|써마지|울쎄라|피부레이저|필러,"의료,건강 > 병원 > 성형외과",HP8,병원,02-547-1705,서울 서초구 잠원동 27-2,서울 서초구 강남대로 589,127.019386164,37.514440407,http://place.map.kakao.com/18048917
쉬즈힐의원,164519560,skin_treatment_hospital,피부시술병원,skin_treatment_hospital|hospital,high,보톡스|피부레이저,"의료,건강 > 병원 > 일반의원",HP8,병원,02-546-0807,서울 서초구 잠원동 12-5,서울 서초구 강남대로 623,127.018733122,37.5174084185,http://place.map.kakao.com/164519560
스노우글로벌의원,1691219504,skin_treatment_hospital,피부시술병원,skin_treatment_hospital|hospital,confirmed,kakao_category:피부과|보톡스|써마지|울쎄라|피부과|필러,"의료,건강 > 병원 > 피부과",HP8,병원,1551-2109,서울 서초구 서초동 1309-8,서울 서초구 강남대로69길 8,127.0246530127,37.5018442782,http://place.map.kakao.com/1691219504
스키니크의원,13514326,skin_treatment_hospital,피부시술병원,skin_treatment_hospital|hospital,confirmed,kakao_category:피부과|리프팅|보톡스|여드름|울쎄라|피부과|피부레이저|필러,"의료,건강 > 병원 > 피부과",HP8,병원,02-599-5966,서울 서초구 서초동 1309-6,서울 서초구 강남대로69길 10,127.0242492472,37.5017650733,http://place.map.kakao.com/13514326
슬림업의원 강남점,1174722094,skin_treatment_hospital,피부시술병원,skin_treatment_hospital|hospital,confirmed,kakao_category:피부과|피부과,"의료,건강 > 병원 > 피부과",HP8,병원,1800-1241,서울 서초구 서초동 1309-1,서울 서초구 서초대로73길 54,127.0240660803,37.5018975586,http://place.map.kakao.com/1174722094
시선성형외과의원,1004057054,skin_treatment_hospital,피부시술병원,skin_treatment_hospital|hospital,medium,필러,"의료,건강 > 병원 > 성형외과",HP8,병원,02-595-7780,서울 서초구 서초동 1305-8,서울 서초구 강남대로 429,127.0257971376,37.5007682329,http://place.map.kakao.com/1004057054
시안의원,47364146,skin_treatment_hospital,피부시술병원,skin_treatment_hospital|hospital,confirmed,kakao_category:피부과|리프팅|보톡스|여드름|울쎄라|제모|피부과|피부레이저|필러,"의료,건강 > 병원 > 피부과",HP8,병원,02-534-5555,서울 서초구 서초동 1305-2,서울 서초구 강남대로 439,127.0254525013,37.5016242632,http://place.map.kakao.com/47364146
신사에그의원,1708325328,skin_treatment_hospital,피부시술병원,skin_treatment_hospital|hospital,confirmed,kakao_category:피부과|리프팅|보톡스|써마지|여드름|울쎄라|제모|피부과|피부레이저|필러,"의료,건강 > 병원 > 피부과",HP8,병원,02-542-5540,서울 서초구 잠원동 12-22,서울 서초구 강남대로 613,127.0190552619,37.5164632143,http://place.map.kakao.com/1708325328
신세계안피부과의원,69819416,skin_treatment_hospital,피부시술병원,skin_treatment_hospital|hospital,confirmed,kakao_category:피부과|리프팅|보톡스|써마지|울쎄라|피부과|피부레이저|필러,"의료,건강 > 병원 > 피부과",HP8,병원,02-532-5565,서울 서초구 반포동 19-3,서울 서초구 신반포로 176,127.0045578093,37.5048957657,http://place.map.kakao.com/69819416
아너스티성형외과의원,2019647499,skin_treatment_hospital,피부시술병원,skin_treatment_hospital|hospital,high,리프팅|보톡스|여드름|피부레이저|필러,"의료,건강 > 병원 > 일반의원",HP8,병원,02-542-3777,서울 서초구 잠원동 27-2,서울 서초구 강남대로 589,127.019386164,37.514440407,http://place.map.kakao.com/2019647499
아르필클리닉,762639169,skin_treatment_hospital,피부시술병원,skin_treatment_hospital|hospital,confirmed,kakao_category:피부과|리프팅|보톡스|피부과|피부레이저|필러,"의료,건강 > 병원 > 피부과",HP8,병원,02-595-1288,서울 서초구 서초동 1306-4,서울 서초구 서초대로77길 24,127.0259879996,37.500014049,http://place.map.kakao.com/762639169
아름다운피부과,9251052,skin_treatment_hospital,피부시술병원,skin_treatment_hospital|hospital,confirmed,kakao_category:피부과|리프팅|보톡스|피부과|필러,"의료,건강 > 병원 > 피부과",HP8,병원,02-532-2235,서울 서초구 반포동 52-8,서울 서초구 서초중앙로 229,127.0114269041,37.502157145,http://place.map.kakao.com/9251052
아베크성형외과의원,467907791,skin_treatment_hospital,피부시술병원,skin_treatment_hospital|hospital,high,리프팅|피부레이저|필러,"의료,건강 > 병원 > 성형외과",HP8,병원,02-547-5570,서울 서초구 잠원동 37-7,서울 서초구 강남대로 557,127.0206307219,37.5115389629,http://place.map.kakao.com/467907791
아비쥬의원 강남본관,227132235,skin_treatment_hospital,피부시술병원,skin_treatment_hospital|hospital,confirmed,kakao_category:피부과|리프팅|보톡스|여드름|울쎄라|제모|피부과,"의료,건강 > 병원 > 피부과",HP8,병원,1544-0377,서울 서초구 서초동 1317-11,서울 서초구 서초대로77길 9,127.0262645905,37.4986471614,http://place.map.kakao.com/227132235
아비쥬의원 강남신관,9929950,skin_treatment_hospital,피부시술병원,skin_treatment_hospital|hospital,confirmed,kakao_category:피부과|리프팅|보톡스|써마지|여드름|울쎄라|제모|피부과|피부레이저|필러,"의료,건강 > 병원 > 피부과",HP8,병원,1544-0377,서울 서초구 서초동 1316-30,서울 서초구 서초대로73길 11,127.0251099064,37.4984681122,http://place.map.kakao.com/9929950
아우라성형외과의원,1327531445,skin_treatment_hospital,피부시술병원,skin_treatment_hospital|hospital,medium,필러,"의료,건강 > 병원 > 성형외과",HP8,병원,02-533-2100,서울 서초구 서초동 1305-2,서울 서초구 강남대로 439,127.0253778578,37.5016161702,http://place.map.kakao.com/1327531445
아우름의원,18412092,skin_treatment_hospital,피부시술병원,skin_treatment_hospital|hospital,confirmed,kakao_category:피부과|피부과|피부레이저,"의료,건강 > 병원 > 피부과",HP8,병원,02-594-0080,서울 서초구 서초동 1305-8,서울 서초구 강남대로 429,127.0257982806,37.5008033718,http://place.map.kakao.com/18412092
아윤의원 강남,116781704,skin_treatment_hospital,피부시술병원,skin_treatment_hospital|hospital,confirmed,kakao_category:피부과|리프팅|보톡스|여드름|피부과|피부레이저|필러,"의료,건강 > 병원 > 피부과",HP8,병원,02-6246-8300,서울 서초구 서초동 1305,서울 서초구 강남대로 441,127.0252783772,37.5017360253,http://place.map.kakao.com/116781704
아이러브피부과의원,9251374,skin_treatment_hospital,피부시술병원,skin_treatment_hospital|hospital,confirmed,kakao_category:피부과|보톡스|여드름|피부과|피부레이저|필러,"의료,건강 > 병원 > 피부과",HP8,병원,02-553-1060,서울 서초구 서초동 1306-2,서울 서초구 강남대로 423,127.0260027991,37.5002960606,http://place.map.kakao.com/9251374
아이케이성형외과의원,2140354115,skin_treatment_hospital,피부시술병원,skin_treatment_hospital|hospital,medium,보톡스,"의료,건강 > 병원 > 성형외과",HP8,병원,02-6241-2929,서울 서초구 서초동 1305-2,서울 서초구 강남대로 439,127.0253665239,37.5015431912,http://place.map.kakao.com/2140354115
아이필유의원,742389234,skin_treatment_hospital,피부시술병원,skin_treatment_hospital|hospital,confirmed,kakao_category:피부과|리프팅|보톡스|써마지|울쎄라|제모|피부과|피부레이저|필러,"의료,건강 > 병원 > 피부과",HP8,병원,02-535-7899,서울 서초구 서초동 1305-3,서울 서초구 강남대로 437,127.02551348,37.5013566513,http://place.map.kakao.com/742389234
아크성형외과의원,887623554,skin_treatment_hospital,피부시술병원,skin_treatment_hospital|hospital,high,리프팅|보톡스|필러,"의료,건강 > 병원 > 성형외과",HP8,병원,02-533-7800,서울 서초구 서초동 1303-3,서울 서초구 사평대로 368,127.0235193056,37.5037879786,http://place.map.kakao.com/887623554
아틀리에성형외과의원,701471159,skin_treatment_hospital,피부시술병원,skin_treatment_hospital|hospital,high,리프팅|보톡스|여드름|울쎄라|피부레이저|필러,"의료,건강 > 병원 > 성형외과",HP8,병원,02-533-1888,서울 서초구 방배동 797-7,서울 서초구 동광로 89,126.9920640431,37.4936429202,http://place.map.kakao.com/701471159
아티크의원,1702313406,skin_treatment_hospital,피부시술병원,skin_treatment_hospital|hospital,confirmed,kakao_category:피부과|보톡스|써마지|피부과|필러,"의료,건강 > 병원 > 피부과",HP8,병원,02-532-7700,서울 서초구 서초동 1305-5,서울 서초구 강남대로 435,127.0255609173,37.5011773409,http://place.map.kakao.com/1702313406
안병준성형외과의원,1335974524,skin_treatment_hospital,피부시술병원,skin_treatment_hospital|hospital,high,리프팅|보톡스|필러,"의료,건강 > 병원 > 성형외과",HP8,병원,02-552-1104,서울 서초구 방배동 924-20,서울 서초구 방배로 103,126.9961196293,37.4832797303,http://place.map.kakao.com/1335974524
양재삼성마취통증의학과의원,533299989,skin_treatment_hospital,피부시술병원,skin_treatment_hospital|hospital,medium,피부레이저,"의료,건강 > 병원 > 일반의원",HP8,병원,02-571-8575,서울 서초구 양재동 326-8,서울 서초구 동산로 1,127.0401392763,37.4690045859,http://place.map.kakao.com/533299989
어퍼11의원,317838056,skin_treatment_hospital,피부시술병원,skin_treatment_hospital|hospital,confirmed,kakao_category:피부과|써마지|피부과,"의료,건강 > 병원 > 피부과",HP8,병원,02-543-5030,서울 서초구 서초동 1318-1,서울 서초구 강남대로 407,127.0265802316,37.4990047903,http://place.map.kakao.com/317838056
얼라이브피부과 의원 반포본점,652357539,skin_treatment_hospital,피부시술병원,skin_treatment_hospital|hospital,confirmed,kakao_category:피부과|리프팅|써마지|여드름|울쎄라|피부과|피부레이저|필러,"의료,건강 > 병원 > 피부과",HP8,병원,02-2138-0700,서울 서초구 반포동,서울 서초구 반포대로 291,126.9993440364,37.5050066755,http://place.map.kakao.com/652357539
에너지의원피부과,1030917581,skin_treatment_hospital,피부시술병원,skin_treatment_hospital|hospital,confirmed,kakao_category:피부과|피부과,"의료,건강 > 병원 > 피부과",HP8,병원,,서울 서초구 잠원동 20-9,서울 서초구 강남대로 605,127.0191614075,37.5157514042,http://place.map.kakao.com/1030917581
에디션성형외과의원,1682452361,skin_treatment_hospital,피부시술병원,skin_treatment_hospital|hospital,high,리프팅|필러,"의료,건강 > 병원 > 성형외과",HP8,병원,02-591-0100,서울 서초구 서초동 1318-1,서울 서초구 강남대로 407,127.026728377,37.4990047569,http://place.map.kakao.com/1682452361
에르네의원,21878792,skin_treatment_hospital,피부시술병원,skin_treatment_hospital|hospital,confirmed,kakao_category:피부과|리프팅|보톡스|써마지|여드름|울쎄라|피부과|피부레이저|필러,"의료,건강 > 병원 > 피부과",HP8,병원,1899-7599,서울 서초구 서초동 1309-2,서울 서초구 서초대로77길 59,127.0239644151,37.5022669916,http://place.map.kakao.com/21878792
에버샘의원,1937986411,skin_treatment_hospital,피부시술병원,skin_treatment_hospital|hospital,confirmed,kakao_category:피부과|써마지|울쎄라|피부과|필러,"의료,건강 > 병원 > 피부과",HP8,병원,02-3478-8087,서울 서초구 서초동 1303-31,서울 서초구 강남대로 463,127.0244465763,37.5034472103,http://place.map.kakao.com/1937986411
에세이피부과의원,8431393,skin_treatment_hospital,피부시술병원,skin_treatment_hospital|hospital,confirmed,kakao_category:피부과|여드름|피부과,"의료,건강 > 병원 > 피부과",HP8,병원,02-3477-3376,서울 서초구 서초동 1691-8,서울 서초구 서초대로 317,127.0163063818,37.4947503,http://place.map.kakao.com/8431393
에센셜의원,2009485239,skin_treatment_hospital,피부시술병원,skin_treatment_hospital|hospital,confirmed,kakao_category:피부과|리프팅|보톡스|써마지|여드름|울쎄라|제모|피부과|피부레이저|필러,"의료,건강 > 병원 > 피부과",HP8,병원,02-6953-9189,서울 서초구 방배동 446-1,서울 서초구 방배천로2길 10,126.9832905412,37.4767156616,http://place.map.kakao.com/2009485239
에스엠성형외과,20435510,skin_treatment_hospital,피부시술병원,skin_treatment_hospital|hospital,high,리프팅|보톡스|울쎄라|피부레이저|필러,"의료,건강 > 병원 > 성형외과",HP8,병원,02-537-3707,서울 서초구 서초동 1305-5,서울 서초구 강남대로 435,127.0255609173,37.5011773409,http://place.map.kakao.com/20435510
에이비성형외과의원,687377076,skin_treatment_hospital,피부시술병원,skin_treatment_hospital|hospital,high,리프팅|보톡스|써마지|울쎄라|피부과|필러,"의료,건강 > 병원 > 성형외과",HP8,병원,02-512-1288,서울 서초구 서초동 1307-21,서울 서초구 서초대로77길 17,127.0259278958,37.4995329249,http://place.map.kakao.com/687377076
에이앤드의원,1131488779,skin_treatment_hospital,피부시술병원,skin_treatment_hospital|hospital,confirmed,kakao_category:피부과|피부과,"의료,건강 > 병원 > 피부과",HP8,병원,02-3478-8717,서울 서초구 반포동 97-2,서울 서초구 서래로 17,126.9980051877,37.4966669489,http://place.map.kakao.com/1131488779
에이오클리닉,2113399465,skin_treatment_hospital,피부시술병원,skin_treatment_hospital|hospital,confirmed,kakao_category:피부과|보톡스|피부과|필러,"의료,건강 > 병원 > 피부과",HP8,병원,02-587-2020,서울 서초구 서초동 1317-14,서울 서초구 서초대로77길 5,127.0264092353,37.498342589,http://place.map.kakao.com/2113399465
에톤성형외과의원,1848864847,skin_treatment_hospital,피부시술병원,skin_treatment_hospital|hospital,high,리프팅|보톡스|필러,"의료,건강 > 병원 > 성형외과",HP8,병원,02-518-9990,서울 서초구 잠원동 37-1,서울 서초구 강남대로 563,127.020323172,37.511912032,http://place.map.kakao.com/1848864847
엔터성형외과의원,905974522,skin_treatment_hospital,피부시술병원,skin_treatment_hospital|hospital,high,리프팅|보톡스|필러,"의료,건강 > 병원 > 성형외과",HP8,병원,02-6677-0010,서울 서초구 반포동 722,서울 서초구 강남대로 531,127.021670667,37.5093268106,http://place.map.kakao.com/905974522
엘로페의원,572198896,skin_treatment_hospital,피부시술병원,skin_treatment_hospital|hospital,high,보톡스|필러,"의료,건강 > 병원 > 일반의원",HP8,병원,02-533-2103,서울 서초구 서초동 1688-1,서울 서초구 서초대로 347,127.0192535275,37.4956715865,http://place.map.kakao.com/572198896
엘리야의원,305587843,skin_treatment_hospital,피부시술병원,skin_treatment_hospital|hospital,confirmed,kakao_category:피부과|보톡스|피부과|피부레이저,"의료,건강 > 병원 > 피부과",HP8,병원,0502-5554-0003,서울 서초구 서초동 1327-7,서울 서초구 서초대로78길 26,127.027726729,37.4953617574,http://place.map.kakao.com/305587843
엘비아피부과의원,1236019065,skin_treatment_hospital,피부시술병원,skin_treatment_hospital|hospital,confirmed,kakao_category:피부과|리프팅|보톡스|써마지|울쎄라|피부과|필러,"의료,건강 > 병원 > 피부과",HP8,병원,02-516-8989,서울 서초구 반포동 722-20,서울 서초구 강남대로 527,127.0218504323,37.5090880112,http://place.map.kakao.com/1236019065
엣지라인의원,1315727844,skin_treatment_hospital,피부시술병원,skin_treatment_hospital|hospital,medium,보톡스,"의료,건강 > 병원 > 성형외과",HP8,병원,02-2135-8299,서울 서초구 서초동 1305,서울 서초구 강남대로 441,127.0252761151,37.5017351248,http://place.map.kakao.com/1315727844
여름의원,1665779455,skin_treatment_hospital,피부시술병원,skin_treatment_hospital|hospital,confirmed,kakao_category:피부과|리프팅|보톡스|써마지|여드름|울쎄라|제모|피부과|피부레이저|필러,"의료,건강 > 병원 > 피부과",HP8,병원,02-3478-1757,서울 서초구 서초동 1318-1,서울 서초구 강남대로 407,127.0265870137,37.4989957787,http://place.map.kakao.com/1665779455
연세리즈의원,26890909,skin_treatment_hospital,피부시술병원,skin_treatment_hospital|hospital,high,리프팅|보톡스|여드름|울쎄라|피부레이저|필러,"의료,건강 > 병원 > 성형외과",HP8,병원,02-333-0207,서울 서초구 서초동 1672-9,서울 서초구 서초중앙로 130,127.0140953548,37.4932621209,http://place.map.kakao.com/26890909
연세봄피부과의원,26573846,skin_treatment_hospital,피부시술병원,skin_treatment_hospital|hospital,confirmed,kakao_category:피부과|피부과|피부레이저,"의료,건강 > 병원 > 피부과",HP8,병원,02-537-1123,서울 서초구 방배동 851-6,서울 서초구 방배로 174,126.9931251547,37.4890514528,http://place.map.kakao.com/26573846
연세셀즈의원,289827191,skin_treatment_hospital,피부시술병원,skin_treatment_hospital|hospital,confirmed,kakao_category:피부과|리프팅|보톡스|피부과|피부레이저|필러,"의료,건강 > 병원 > 피부과",HP8,병원,02-523-7579,서울 서초구 서초동 1673-1,서울 서초구 서초대로 302,127.0146868486,37.4937125524,http://place.map.kakao.com/289827191
연세스타피부과 강남점,492677738,skin_treatment_hospital,피부시술병원,skin_treatment_hospital|hospital,confirmed,kakao_category:피부과|리프팅|보톡스|써마지|여드름|울쎄라|피부과|피부레이저,"의료,건강 > 병원 > 피부과",HP8,병원,02-582-0828,서울 서초구 방배동 909-6,서울 서초구 방배로 83,126.9970038496,37.4818615682,http://place.map.kakao.com/492677738
연세청아린의원,979254344,skin_treatment_hospital,피부시술병원,skin_treatment_hospital|hospital,confirmed,kakao_category:피부과|리프팅|보톡스|써마지|여드름|제모|피부과|피부레이저|필러,"의료,건강 > 병원 > 피부과",HP8,병원,02-599-5575,서울 서초구 서초동 1685-8,서울 서초구 서초중앙로24길 27,127.0164026457,37.4954107247,http://place.map.kakao.com/979254344
연세탑뷰티의원,12344334,skin_treatment_hospital,피부시술병원,skin_treatment_hospital|hospital,confirmed,kakao_category:피부과|피부과,"의료,건강 > 병원 > 피부과",HP8,병원,02-533-4287,서울 서초구 방배동 1549,서울 서초구 동작대로 118,126.9827681226,37.4870267323,http://place.map.kakao.com/12344334
영영영의원,128856716,skin_treatment_hospital,피부시술병원,skin_treatment_hospital|hospital,confirmed,kakao_category:피부과|리프팅|보톡스|써마지|울쎄라|피부과|피부레이저|필러,"의료,건강 > 병원 > 피부과",HP8,병원,02-6241-0001,서울 서초구 반포동 723-22,서울 서초구 강남대로 509,127.022491295,37.5076444812,http://place.map.kakao.com/128856716
예지원피부과,11913753,skin_treatment_hospital,피부시술병원,skin_treatment_hospital|hospital,confirmed,kakao_category:피부과|보톡스|피부과,"의료,건강 > 병원 > 피부과",HP8,병원,02-536-8275,서울 서초구 반포동 18-3,서울 서초구 반포대로 287,127.0008459615,37.5045327454,http://place.map.kakao.com/11913753
오네뜨의원 (Honnete Clinic),588650470,skin_treatment_hospital,피부시술병원,skin_treatment_hospital|hospital,high,보톡스|필러,"의료,건강 > 병원 > 성형외과",HP8,병원,02-599-0600,서울 서초구 서초동 1305-2,서울 서초구 강남대로 439,127.0253665218,37.5015368842,http://place.map.kakao.com/588650470
오르타의원,1093405384,skin_treatment_hospital,피부시술병원,skin_treatment_hospital|hospital,confirmed,kakao_category:피부과|보톡스|피부과,"의료,건강 > 병원 > 피부과",HP8,병원,02-6251-9755,서울 서초구 서초동 1309-6,서울 서초구 강남대로69길 10,127.0242492472,37.5017650733,http://place.map.kakao.com/1093405384
오션의원,437250538,skin_treatment_hospital,피부시술병원,skin_treatment_hospital|hospital,confirmed,kakao_category:피부과|리프팅|보톡스|써마지|여드름|울쎄라|제모|피부과|피부레이저|필러,"의료,건강 > 병원 > 피부과",HP8,병원,1661-3209,서울 서초구 서초동 1328-10,서울 서초구 강남대로 363,127.0284514926,37.4951084021,http://place.map.kakao.com/437250538
오아로피부과의원 신사점,58950316,skin_treatment_hospital,피부시술병원,skin_treatment_hospital|hospital,high,리프팅|보톡스|써마지|여드름|울쎄라|피부과|피부레이저,"의료,건강 > 병원 > 일반의원",HP8,병원,070-8657-0783,서울 서초구 잠원동 12-25,서울 서초구 강남대로 621,127.0187884794,37.5171318016,http://place.map.kakao.com/58950316
오아시스피부과의원,1908226037,skin_treatment_hospital,피부시술병원,skin_treatment_hospital|hospital,confirmed,kakao_category:피부과|리프팅|써마지|울쎄라|피부과,"의료,건강 > 병원 > 피부과",HP8,병원,02-533-5520,서울 서초구 잠원동 66-2,서울 서초구 신반포로33길 27,127.010086725,37.510351008,http://place.map.kakao.com/1908226037
오엠성형외과의원,757080428,skin_treatment_hospital,피부시술병원,skin_treatment_hospital|hospital,medium,피부레이저,"의료,건강 > 병원 > 성형외과",HP8,병원,02-541-3332,서울 서초구 잠원동 20-9,서울 서초구 강남대로 605,127.0191840336,37.5157649156,http://place.map.kakao.com/757080428
오체안성형외과의원 신사점,116289040,skin_treatment_hospital,피부시술병원,skin_treatment_hospital|hospital,high,여드름|피부레이저,"의료,건강 > 병원 > 성형외과",HP8,병원,02-547-5670,서울 서초구 잠원동 21-1,서울 서초구 강남대로99길 9,127.0189893329,37.5151901067,http://place.map.kakao.com/116289040
오체안피부과의원 신사점,1933524575,skin_treatment_hospital,피부시술병원,skin_treatment_hospital|hospital,confirmed,kakao_category:피부과|써마지|피부과,"의료,건강 > 병원 > 피부과",HP8,병원,02-547-5677,서울 서초구 잠원동 21-1,서울 서초구 강남대로99길 9,127.0189893329,37.5151901067,http://place.map.kakao.com/1933524575
오페라성형외과의원,8484969,skin_treatment_hospital,피부시술병원,skin_treatment_hospital|hospital,high,보톡스|필러,"의료,건강 > 병원 > 성형외과",HP8,병원,02-564-4300,서울 서초구 반포동 722-20,서울 서초구 강남대로 527,127.0218515628,37.509086209,http://place.map.kakao.com/8484969
오호성형외과의원,1567676422,skin_treatment_hospital,피부시술병원,skin_treatment_hospital|hospital,high,리프팅|보톡스|필러,"의료,건강 > 병원 > 성형외과",HP8,병원,02-535-5050,서울 서초구 서초동 1306-5,서울 서초구 강남대로 421,127.0261915846,37.5000815795,http://place.map.kakao.com/1567676422
온도성형외과의원,884229687,skin_treatment_hospital,피부시술병원,skin_treatment_hospital|hospital,high,보톡스|필러,"의료,건강 > 병원 > 성형외과",HP8,병원,02-599-5556,서울 서초구 반포동 737-8,서울 서초구 강남대로 493,127.0231355078,37.5061414804,http://place.map.kakao.com/884229687
온리프성형외과의원,928512381,skin_treatment_hospital,피부시술병원,skin_treatment_hospital|hospital,high,리프팅|보톡스|써마지|여드름|울쎄라|피부레이저|필러,"의료,건강 > 병원 > 성형외과",HP8,병원,02-1833-8171,서울 서초구 서초동 1318-8,서울 서초구 강남대로 399,127.0268355463,37.4982659074,http://place.map.kakao.com/928512381
올림 피움 채움 올피채의원 강남,1376013546,skin_treatment_hospital,피부시술병원,skin_treatment_hospital|hospital,confirmed,kakao_category:피부과|리프팅|보톡스|써마지|여드름|피부과|피부레이저|필러,"의료,건강 > 병원 > 피부과",HP8,병원,02-555-0018,서울 서초구 서초동 1306-4,서울 서초구 서초대로77길 24,127.0260332214,37.4999734937,http://place.map.kakao.com/1376013546
올케어성형외과의원,529720184,skin_treatment_hospital,피부시술병원,skin_treatment_hospital|hospital,high,리프팅|보톡스|써마지|여드름|울쎄라|피부레이저|필러,"의료,건강 > 병원 > 성형외과",HP8,병원,02-517-5141,서울 서초구 잠원동 12-25,서울 서초구 강남대로 621,127.0187873494,37.5171363068,http://place.map.kakao.com/529720184
옵티마성형외과의원,21677718,skin_treatment_hospital,피부시술병원,skin_treatment_hospital|hospital,medium,보톡스,"의료,건강 > 병원 > 성형외과",HP8,병원,02-555-5566,서울 서초구 반포동 723-22,서울 서초구 강남대로 509,127.022491295,37.5076444812,http://place.map.kakao.com/21677718
용닥터모발의원,1977385919,skin_treatment_hospital,피부시술병원,skin_treatment_hospital|hospital,medium,보톡스,"의료,건강 > 병원 > 일반의원",HP8,병원,0502-5550-6608,서울 서초구 반포동 723-22,서울 서초구 강남대로 509,127.022491295,37.5076444812,http://place.map.kakao.com/1977385919
워나성형외과의원,122283870,skin_treatment_hospital,피부시술병원,skin_treatment_hospital|hospital,high,리프팅|보톡스|울쎄라|피부레이저|필러,"의료,건강 > 병원 > 성형외과",HP8,병원,02-533-8001,서울 서초구 서초동 1318-1,서울 서초구 강남대로 407,127.0265915394,37.4990020847,http://place.map.kakao.com/122283870
원더풀성형외과의원,909874261,skin_treatment_hospital,피부시술병원,skin_treatment_hospital|hospital,high,보톡스|써마지|필러,"의료,건강 > 병원 > 성형외과",HP8,병원,02-512-9996,서울 서초구 서초동 1306-6,서울 서초구 강남대로 419,127.0261292942,37.4998203015,http://place.map.kakao.com/909874261
원진성형외과의원,13593640,skin_treatment_hospital,피부시술병원,skin_treatment_hospital|hospital,high,리프팅|여드름|피부레이저,"의료,건강 > 병원 > 성형외과",HP8,병원,02-3477-3300,서울 서초구 서초동 1306-6,서울 서초구 강남대로 419,127.0262435062,37.49979685,http://place.map.kakao.com/13593640
원진피부과,16444773,skin_treatment_hospital,피부시술병원,skin_treatment_hospital|hospital,confirmed,kakao_category:피부과|피부과,"의료,건강 > 병원 > 피부과",HP8,병원,02-3477-0808,서울 서초구 서초동 1306-6,서울 서초구 강남대로 419,127.0261688864,37.4998518279,http://place.map.kakao.com/16444773
웰성형외과의원,11180579,skin_treatment_hospital,피부시술병원,skin_treatment_hospital|hospital,high,리프팅|필러,"의료,건강 > 병원 > 성형외과",HP8,병원,02-518-0600,서울 서초구 반포동 723-23,,127.0224279994,37.507781446,http://place.map.kakao.com/11180579
웰스킨의원,21723762,skin_treatment_hospital,피부시술병원,skin_treatment_hospital|hospital,confirmed,kakao_category:피부과|리프팅|보톡스|여드름|울쎄라|피부과|피부레이저|필러,"의료,건강 > 병원 > 피부과",HP8,병원,02-532-7579,서울 서초구 반포동,서울 서초구 반포대로 291,126.9991042723,37.504848998,http://place.map.kakao.com/21723762
위드셀의원,24941353,skin_treatment_hospital,피부시술병원,skin_treatment_hospital|hospital,confirmed,kakao_category:피부과|보톡스|피부과,"의료,건강 > 병원 > 피부과",HP8,병원,1544-9309,서울 서초구 서초동 1316-5,서울 서초구 서초대로 397,127.0245169907,37.4974338814,http://place.map.kakao.com/24941353
윈느성형외과의원,58737870,skin_treatment_hospital,피부시술병원,skin_treatment_hospital|hospital,medium,필러,"의료,건강 > 병원 > 성형외과",HP8,병원,02-599-1888,서울 서초구 서초동 1303-31,서울 서초구 강남대로 463,127.0244556165,37.5034246833,http://place.map.kakao.com/58737870
유앤미의원 강남본점,18717068,skin_treatment_hospital,피부시술병원,skin_treatment_hospital|hospital,confirmed,kakao_category:피부과|리프팅|보톡스|써마지|여드름|제모|피부과|필러,"의료,건강 > 병원 > 피부과",HP8,병원,02-592-7595,서울 서초구 서초동 1306-8,서울 서초구 강남대로 415,127.026304485,37.4995418517,http://place.map.kakao.com/18717068
유영호피부과의원,1132825107,skin_treatment_hospital,피부시술병원,skin_treatment_hospital|hospital,confirmed,kakao_category:피부과|피부과,"의료,건강 > 병원 > 피부과",HP8,병원,02-518-8021,서울 서초구 잠원동 12-25,서울 서초구 강남대로 621,127.0187907415,37.5171309003,http://place.map.kakao.com/1132825107
유캔비성형외과,13510433,skin_treatment_hospital,피부시술병원,skin_treatment_hospital|hospital,high,리프팅|보톡스|필러,"의료,건강 > 병원 > 성형외과",HP8,병원,02-518-7001,서울 서초구 서초동 1318-2,서울 서초구 강남대로 405,127.0266932328,37.4987605921,http://place.map.kakao.com/13510433
유클리닉,20060074,skin_treatment_hospital,피부시술병원,skin_treatment_hospital|hospital,confirmed,kakao_category:피부과|여드름|피부과|피부레이저,"의료,건강 > 병원 > 피부과",HP8,병원,02-522-0116,서울 서초구 서초동 1327-7,서울 서초구 서초대로78길 26,127.0278183363,37.495389667,http://place.map.kakao.com/20060074
유픽의원 강남,136349527,skin_treatment_hospital,피부시술병원,skin_treatment_hospital|hospital,confirmed,kakao_category:피부과|리프팅|보톡스|써마지|여드름|울쎄라|피부과|피부레이저|필러,"의료,건강 > 병원 > 피부과",HP8,병원,02-6160-5000,서울 서초구 서초동 1318-4,서울 서초구 강남대로 403,127.0268129975,37.4984578269,http://place.map.kakao.com/136349527
이나영피부과의원,12018285,skin_treatment_hospital,피부시술병원,skin_treatment_hospital|hospital,confirmed,kakao_category:피부과|여드름|피부과|피부레이저,"의료,건강 > 병원 > 피부과",HP8,병원,02-593-8889,서울 서초구 방배동 2999,서울 서초구 서초대로 6,126.9829381342,37.4852391566,http://place.map.kakao.com/12018285
이미지업의원,1663373759,skin_treatment_hospital,피부시술병원,skin_treatment_hospital|hospital,high,리프팅|보톡스|써마지|여드름|울쎄라|피부레이저|필러,"의료,건강 > 병원 > 성형외과",HP8,병원,02-555-1550,서울 서초구 잠원동 19-7,서울 서초구 나루터로 76,127.0180980645,37.5154317156,http://place.map.kakao.com/1663373759
이미지업피부과,1396846038,skin_treatment_hospital,피부시술병원,skin_treatment_hospital|hospital,confirmed,kakao_category:피부과|피부과,"의료,건강 > 병원 > 피부과",HP8,병원,,서울 서초구 잠원동 19-7,서울 서초구 나루터로 76,127.0181240974,37.5155019899,http://place.map.kakao.com/1396846038
이은피부과,224349360,skin_treatment_hospital,피부시술병원,skin_treatment_hospital|hospital,confirmed,kakao_category:피부과|피부과|피부레이저,"의료,건강 > 병원 > 피부과",HP8,병원,02-592-5900,서울 서초구 방배동 796-10,서울 서초구 방배로36길 3,126.9902479743,37.4936698145,http://place.map.kakao.com/224349360
이을피부과의원,442232004,skin_treatment_hospital,피부시술병원,skin_treatment_hospital|hospital,confirmed,kakao_category:피부과|피부과,"의료,건강 > 병원 > 피부과",HP8,병원,02-594-0101,서울 서초구 반포동 88-1,서울 서초구 서래로 12,126.9983455874,37.4959848921,http://place.map.kakao.com/442232004
이정훈의원,392778134,skin_treatment_hospital,피부시술병원,skin_treatment_hospital|hospital,confirmed,kakao_category:피부과|피부과,"의료,건강 > 병원 > 피부과",HP8,병원,02-594-8161,서울 서초구 방배동 796-28,서울 서초구 동광로 75,126.9906460912,37.4930679739,http://place.map.kakao.com/392778134
이지함피부과의원 강남점,708464631,skin_treatment_hospital,피부시술병원,skin_treatment_hospital|hospital,confirmed,kakao_category:피부과|리프팅|써마지|여드름|울쎄라|피부과|피부레이저,"의료,건강 > 병원 > 피부과 > 이지함피부과",HP8,병원,02-567-5900,서울 서초구 서초동 1305-7,서울 서초구 강남대로 429,127.0257880882,37.5007619278,http://place.map.kakao.com/708464631
이춘봉 피부과의원,9330338,skin_treatment_hospital,피부시술병원,skin_treatment_hospital|hospital,confirmed,kakao_category:피부과|피부과,"의료,건강 > 병원 > 피부과",HP8,병원,02-594-0338,서울 서초구 반포동 32-2,서울 서초구 서초중앙로 230,127.0120783225,37.5021787043,http://place.map.kakao.com/9330338
인트로성형외과,1832130042,skin_treatment_hospital,피부시술병원,skin_treatment_hospital|hospital,high,리프팅|필러,"의료,건강 > 병원 > 성형외과",HP8,병원,02-515-8008,서울 서초구 반포동 707-11,서울 서초구 강남대로 535,127.0215983619,37.5096088383,http://place.map.kakao.com/1832130042
인현피부과의원,10748146,skin_treatment_hospital,피부시술병원,skin_treatment_hospital|hospital,confirmed,kakao_category:피부과|여드름|피부과|피부레이저,"의료,건강 > 병원 > 피부과",HP8,병원,02-3482-1952,서울 서초구 서초동 1302-4,서울 서초구 서운로 216,127.0218722266,37.5023791222,http://place.map.kakao.com/10748146
일미리성형외과의원,1257745685,skin_treatment_hospital,피부시술병원,skin_treatment_hospital|hospital,high,리프팅|보톡스|필러,"의료,건강 > 병원 > 성형외과",HP8,병원,02-552-1171,서울 서초구 서초동 1304-2,서울 서초구 강남대로 449,127.0250750393,37.5024181301,http://place.map.kakao.com/1257745685
임이석테마피부과의원,984732343,skin_treatment_hospital,피부시술병원,skin_treatment_hospital|hospital,confirmed,kakao_category:피부과|리프팅|보톡스|써마지|여드름|울쎄라|피부과|피부레이저|필러,"의료,건강 > 병원 > 피부과",HP8,병원,02-3446-1110,서울 서초구 잠원동 19-8,서울 서초구 나루터로 78,127.0182790561,37.5154767379,http://place.map.kakao.com/984732343
임피부과의원,8523564,skin_treatment_hospital,피부시술병원,skin_treatment_hospital|hospital,confirmed,kakao_category:피부과|여드름|피부과|피부레이저,"의료,건강 > 병원 > 피부과",HP8,병원,02-566-7698,서울 서초구 우면동 721-1,서울 서초구 태봉로 70,127.0255913905,37.4645324085,http://place.map.kakao.com/8523564
자스민피부과의원,9372909,skin_treatment_hospital,피부시술병원,skin_treatment_hospital|hospital,confirmed,kakao_category:피부과|여드름|피부과,"의료,건강 > 병원 > 피부과",HP8,병원,02-3481-2114,서울 서초구 잠원동 58-24,,127.0119345847,37.5085938767,http://place.map.kakao.com/9372909
저스트성형외과의원,2089330895,skin_treatment_hospital,피부시술병원,skin_treatment_hospital|hospital,high,리프팅|보톡스|써마지|피부레이저|필러,"의료,건강 > 병원 > 성형외과",HP8,병원,02-536-3700,서울 서초구 서초동 1303-16,서울 서초구 서초대로77길 62,127.0238209653,37.5028283472,http://place.map.kakao.com/2089330895
전혜주피부과의원,1177790019,skin_treatment_hospital,피부시술병원,skin_treatment_hospital|hospital,confirmed,kakao_category:피부과|리프팅|보톡스|여드름|피부과|피부레이저,"의료,건강 > 병원 > 피부과",HP8,병원,02-525-0567,서울 서초구 방배동 907-8,서울 서초구 방배로 108,126.9964384459,37.4838077314,http://place.map.kakao.com/1177790019
정명덕피부과,1712726453,skin_treatment_hospital,피부시술병원,skin_treatment_hospital|hospital,confirmed,kakao_category:피부과|피부과,"의료,건강 > 병원 > 피부과",HP8,병원,,서울 서초구 서초동 1673-2,서울 서초구 서초대로 304,127.0149401646,37.4937954133,http://place.map.kakao.com/1712726453
제로원성형외과의원,403206403,skin_treatment_hospital,피부시술병원,skin_treatment_hospital|hospital,high,리프팅|보톡스|필러,"의료,건강 > 병원 > 성형외과",HP8,병원,02-532-2300,서울 서초구 서초동 1318-4,서울 서초구 강남대로 403,127.0268582421,37.4984848468,http://place.map.kakao.com/403206403
제로피부과의원,1602329439,skin_treatment_hospital,피부시술병원,skin_treatment_hospital|hospital,confirmed,kakao_category:피부과|리프팅|보톡스|써마지|울쎄라|피부과|필러,"의료,건강 > 병원 > 피부과",HP8,병원,02-535-4988,서울 서초구 서초동 1306-5,서울 서초구 강남대로 421,127.0260785224,37.500160893,http://place.map.kakao.com/1602329439
제스타성형외과의원,332516917,skin_treatment_hospital,피부시술병원,skin_treatment_hospital|hospital,medium,필러,"의료,건강 > 병원 > 성형외과",HP8,병원,02-545-5088,서울 서초구 서초동 1305,서울 서초구 강남대로 441,127.0254265216,37.5017170724,http://place.map.kakao.com/332516917
제이엠김정민피부과의원,1392513806,skin_treatment_hospital,피부시술병원,skin_treatment_hospital|hospital,confirmed,kakao_category:피부과|리프팅|보톡스|써마지|여드름|울쎄라|피부과|피부레이저|필러,"의료,건강 > 병원 > 피부과",HP8,병원,02-6953-1212,서울 서초구 서초동 1755-1,서울 서초구 사임당로 158,127.0271770061,37.4918506605,http://place.map.kakao.com/1392513806
젤성형외과의원,1479821222,skin_treatment_hospital,피부시술병원,skin_treatment_hospital|hospital,high,리프팅|보톡스|피부레이저|필러,"의료,건강 > 병원 > 성형외과",HP8,병원,02-515-7888,서울 서초구 서초동 1317-20,서울 서초구 서초대로77길 3,127.0265221991,37.4979938742,http://place.map.kakao.com/1479821222
조각성형외과의원,8063662,skin_treatment_hospital,피부시술병원,skin_treatment_hospital|hospital,medium,필러,"의료,건강 > 병원 > 성형외과",HP8,병원,0503-7154-2450,서울 서초구 서초동 1328-11,서울 서초구 강남대로 359,127.0286277839,37.4948020172,http://place.map.kakao.com/8063662
조아성형외과의원,1272370284,skin_treatment_hospital,피부시술병원,skin_treatment_hospital|hospital,high,리프팅|보톡스|피부레이저|필러,"의료,건강 > 병원 > 성형외과",HP8,병원,02-536-7707,서울 서초구 서초동 1303-10,서울 서초구 사평대로56길 7,127.0235202546,37.5032077308,http://place.map.kakao.com/1272370284
조이플성형외과의원,262300953,skin_treatment_hospital,피부시술병원,skin_treatment_hospital|hospital,high,리프팅|보톡스|울쎄라|필러,"의료,건강 > 병원 > 성형외과",HP8,병원,02-6958-5449,서울 서초구 반포동 723-22,서울 서초구 강남대로 509,127.0225014963,37.5077183617,http://place.map.kakao.com/262300953
지브이의원,239123375,skin_treatment_hospital,피부시술병원,skin_treatment_hospital|hospital,medium,리프팅,"의료,건강 > 병원 > 성형외과",HP8,병원,02-6254-3388,서울 서초구 잠원동 13-5,서울 서초구 강남대로101길 7,127.0187622729,37.5163731608,http://place.map.kakao.com/239123375
지앤영피부과,18323231,skin_treatment_hospital,피부시술병원,skin_treatment_hospital|hospital,confirmed,kakao_category:피부과|리프팅|보톡스|여드름|피부과|피부레이저|필러,"의료,건강 > 병원 > 피부과",HP8,병원,02-3486-2420,서울 서초구 서초동 1329-8,서울 서초구 강남대로 341,127.0293599443,37.4932448974,http://place.map.kakao.com/18323231
지제이성형외과의원,554063547,skin_treatment_hospital,피부시술병원,skin_treatment_hospital|hospital,high,리프팅|울쎄라|피부레이저|필러,"의료,건강 > 병원 > 성형외과",HP8,병원,02-525-8001,서울 서초구 반포동 722-20,서울 서초구 강남대로 527,127.0218504323,37.5090880112,http://place.map.kakao.com/554063547
지젤의원,1892940407,skin_treatment_hospital,피부시술병원,skin_treatment_hospital|hospital,confirmed,kakao_category:피부과|보톡스|여드름|피부과|필러,"의료,건강 > 병원 > 피부과",HP8,병원,02-592-0045,서울 서초구 서초동 1692-6,서울 서초구 서초중앙로24길 16,127.0152320936,37.494690977,http://place.map.kakao.com/1892940407
차민성형외과의원,310518506,skin_treatment_hospital,피부시술병원,skin_treatment_hospital|hospital,high,리프팅|보톡스|울쎄라|필러,"의료,건강 > 병원 > 성형외과",HP8,병원,02-517-0120,서울 서초구 반포동 736-17,서울 서초구 강남대로 503,127.0228190492,37.506858742,http://place.map.kakao.com/310518506
첫단추의원,449826842,skin_treatment_hospital,피부시술병원,skin_treatment_hospital|hospital,medium,필러,"의료,건강 > 병원 > 성형외과",HP8,병원,02-518-3800,서울 서초구 반포동 748-1,서울 서초구 강남대로 483,127.0236374083,37.5053214663,http://place.map.kakao.com/449826842
청담슬림의원,1832900871,skin_treatment_hospital,피부시술병원,skin_treatment_hospital|hospital,medium,보톡스,"의료,건강 > 병원 > 성형외과",HP8,병원,02-3446-5115,서울 서초구 잠원동 37-1,서울 서초구 강남대로 563,127.0204317646,37.5119462514,http://place.map.kakao.com/1832900871
초이성형외과,1961803949,skin_treatment_hospital,피부시술병원,skin_treatment_hospital|hospital,medium,보톡스,"의료,건강 > 병원 > 성형외과",HP8,병원,02-543-7781,서울 서초구 반포동 707-2,서울 서초구 강남대로 543,127.0212490843,37.5103639435,http://place.map.kakao.com/1961803949
카모마일의원,1736273492,skin_treatment_hospital,피부시술병원,skin_treatment_hospital|hospital,medium,피부레이저,"의료,건강 > 병원 > 일반의원",HP8,병원,02-521-7935,서울 서초구 서초동 1343-4,서울 서초구 효령로74길 4,127.0265219728,37.4877602346,http://place.map.kakao.com/1736273492
커스텀피부과의원,1146540365,skin_treatment_hospital,피부시술병원,skin_treatment_hospital|hospital,confirmed,kakao_category:피부과|써마지|피부과,"의료,건강 > 병원 > 피부과",HP8,병원,02-543-7205,서울 서초구 반포동 722-20,서울 서초구 강남대로 527,127.0218504323,37.5090880112,http://place.map.kakao.com/1146540365
코드성형외과의원,43481385,skin_treatment_hospital,피부시술병원,skin_treatment_hospital|hospital,medium,필러,"의료,건강 > 병원 > 성형외과",HP8,병원,02-549-5545,서울 서초구 반포동 722-20,서울 서초구 강남대로 527,127.0218504323,37.5090880112,http://place.map.kakao.com/43481385
코디성형외과의원,24874674,skin_treatment_hospital,피부시술병원,skin_treatment_hospital|hospital,high,리프팅|보톡스|필러,"의료,건강 > 병원 > 성형외과",HP8,병원,02-536-1005,서울 서초구 서초동 1318-2,서울 서초구 강남대로 405,127.0267655893,37.4987056143,http://place.map.kakao.com/24874674
큐비스의원,27292996,skin_treatment_hospital,피부시술병원,skin_treatment_hospital|hospital,high,리프팅|보톡스|필러,"의료,건강 > 병원 > 성형외과",HP8,병원,02-514-2720,서울 서초구 서초동 1306-4,서울 서초구 서초대로77길 24,127.0259879996,37.500014049,http://place.map.kakao.com/27292996
큐오필의원,1263043852,skin_treatment_hospital,피부시술병원,skin_treatment_hospital|hospital,high,보톡스|필러,"의료,건강 > 병원 > 일반의원",HP8,병원,02-562-9222,서울 서초구 반포동 723-22,서울 서초구 강남대로 509,127.022491295,37.5076444812,http://place.map.kakao.com/1263043852
크크서울의원,1435372147,skin_treatment_hospital,피부시술병원,skin_treatment_hospital|hospital,confirmed,kakao_category:피부과|피부과,"의료,건강 > 병원 > 피부과",HP8,병원,02-545-2033,서울 서초구 서초동 1305-2,서울 서초구 강남대로 439,127.0253834993,37.5015774258,http://place.map.kakao.com/1435372147
클래시성형외과의원,2090506481,skin_treatment_hospital,피부시술병원,skin_treatment_hospital|hospital,high,리프팅|필러,"의료,건강 > 병원 > 성형외과",HP8,병원,02-545-2115,서울 서초구 서초동 1306-4,서울 서초구 서초대로77길 24,127.0259879996,37.500014049,http://place.map.kakao.com/2090506481
클레오르의원 강남점,1549463910,skin_treatment_hospital,피부시술병원,skin_treatment_hospital|hospital,confirmed,kakao_category:피부과|피부과,"의료,건강 > 병원 > 피부과",HP8,병원,02-3478-5111,서울 서초구 서초동 1304-3,서울 서초구 강남대로 447,127.0250964513,37.5021919731,http://place.map.kakao.com/1549463910
클레이성형외과의원,10814659,skin_treatment_hospital,피부시술병원,skin_treatment_hospital|hospital,high,리프팅|보톡스|울쎄라|피부레이저|필러,"의료,건강 > 병원 > 성형외과",HP8,병원,02-516-1368,서울 서초구 반포동 748-1,서울 서초구 강남대로 483,127.0236645511,37.5053196588,http://place.map.kakao.com/10814659
키다리성형외과의원,1371838461,skin_treatment_hospital,피부시술병원,skin_treatment_hospital|hospital,high,리프팅|필러,"의료,건강 > 병원 > 성형외과",HP8,병원,02-541-6500,서울 서초구 서초동 1318-2,서울 서초구 강남대로 405,127.026692107,37.4987750085,http://place.map.kakao.com/1371838461
키올의원,1828519836,skin_treatment_hospital,피부시술병원,skin_treatment_hospital|hospital,confirmed,kakao_category:피부과|리프팅|보톡스|피부과|필러,"의료,건강 > 병원 > 피부과",HP8,병원,02-545-7588,서울 서초구 잠원동 13-3,서울 서초구 강남대로101길 11,127.0186016908,37.5165353668,http://place.map.kakao.com/1828519836
타이니스트의원,450709278,skin_treatment_hospital,피부시술병원,skin_treatment_hospital|hospital,medium,피부레이저,"의료,건강 > 병원 > 가정의학과",HP8,병원,02-582-8004,서울 서초구 서초동 1319-12,서울 서초구 강남대로 381,127.0276921615,37.4966835423,http://place.map.kakao.com/450709278
타임리스피부과의원 교대점,1004048810,skin_treatment_hospital,피부시술병원,skin_treatment_hospital|hospital,confirmed,kakao_category:피부과|리프팅|보톡스|써마지|여드름|울쎄라|피부과|피부레이저|필러,"의료,건강 > 병원 > 피부과",HP8,병원,0507-1383-6883,서울 서초구 서초동 1672-9,서울 서초구 서초중앙로 130,127.0140897002,37.4932585175,http://place.map.kakao.com/1004048810
타코성형외과의원,1469176785,skin_treatment_hospital,피부시술병원,skin_treatment_hospital|hospital,high,리프팅|보톡스|필러,"의료,건강 > 병원 > 성형외과",HP8,병원,02-556-9234,서울 서초구 반포동 723-22,서울 서초구 강남대로 509,127.022491295,37.5076444812,http://place.map.kakao.com/1469176785
탑티어성형외과의원,214611627,skin_treatment_hospital,피부시술병원,skin_treatment_hospital|hospital,medium,필러,"의료,건강 > 병원 > 성형외과",HP8,병원,02-545-9888,서울 서초구 잠원동 37-1,서울 서초구 강남대로 563,127.0204781284,37.5119084012,http://place.map.kakao.com/214611627
테이아의원,513931387,skin_treatment_hospital,피부시술병원,skin_treatment_hospital|hospital,high,울쎄라|필러,"의료,건강 > 병원 > 일반의원",HP8,병원,02-6959-6704,서울 서초구 서초동 1318-1,서울 서초구 강남대로 407,127.0265915394,37.4990020847,http://place.map.kakao.com/513931387
톡스미의원,25914941,skin_treatment_hospital,피부시술병원,skin_treatment_hospital|hospital,high,보톡스|필러,"의료,건강 > 병원 > 성형외과",HP8,병원,02-556-0248,서울 서초구 서초동 1327-34,서울 서초구 강남대로53길 12,127.0277648222,37.4944030771,http://place.map.kakao.com/25914941
톡스앤필의원 강남본점,17474588,skin_treatment_hospital,피부시술병원,skin_treatment_hospital|hospital,confirmed,kakao_category:피부과|리프팅|보톡스|피부과|필러,"의료,건강 > 병원 > 피부과",HP8,병원,02-537-4842,서울 서초구 서초동 1306-8,서울 서초구 강남대로 415,127.0262728352,37.499585107,http://place.map.kakao.com/17474588
톤앤업피부과의원,538935430,skin_treatment_hospital,피부시술병원,skin_treatment_hospital|hospital,confirmed,kakao_category:피부과|리프팅|보톡스|써마지|여드름|울쎄라|피부과|피부레이저|필러,"의료,건강 > 병원 > 피부과",HP8,병원,02-6951-1900,서울 서초구 반포동,서울 서초구 반포대로 291,126.9994175513,37.5047769195,http://place.map.kakao.com/538935430
트윙클의원,27587595,skin_treatment_hospital,피부시술병원,skin_treatment_hospital|hospital,confirmed,kakao_category:피부과|리프팅|여드름|피부과|피부레이저,"의료,건강 > 병원 > 피부과",HP8,병원,02-3444-7579,서울 서초구 반포동 707-11,서울 서초구 강남대로 535,127.0215983598,37.5096016303,http://place.map.kakao.com/27587595
티엔피부과의원,17232833,skin_treatment_hospital,피부시술병원,skin_treatment_hospital|hospital,confirmed,kakao_category:피부과|여드름|피부과,"의료,건강 > 병원 > 피부과",HP8,병원,02-537-6030,서울 서초구 반포동 52-7,서울 서초구 서초중앙로 227,127.011435913,37.5019048625,http://place.map.kakao.com/17232833
티오피성형외과,27338496,skin_treatment_hospital,피부시술병원,skin_treatment_hospital|hospital,high,리프팅|보톡스|필러,"의료,건강 > 병원 > 성형외과",HP8,병원,02-545-8700,서울 서초구 잠원동 20-9,서울 서초구 강남대로 605,127.0191840336,37.5157649156,http://place.map.kakao.com/27338496
팅의원,1618575028,skin_treatment_hospital,피부시술병원,skin_treatment_hospital|hospital,confirmed,kakao_category:피부과|리프팅|보톡스|써마지|울쎄라|피부과|필러,"의료,건강 > 병원 > 피부과",HP8,병원,02-2038-2957,서울 서초구 서초동 1309-8,서울 서초구 강남대로69길 8,127.0246530127,37.5018442782,http://place.map.kakao.com/1618575028
페이지랩의원 신논현점,26901298,skin_treatment_hospital,피부시술병원,skin_treatment_hospital|hospital,high,리프팅|보톡스|써마지|울쎄라|필러,"의료,건강 > 병원 > 성형외과",HP8,병원,1522-7785,서울 서초구 반포동 748-6,서울 서초구 강남대로 477,127.0238091673,37.504851107,http://place.map.kakao.com/26901298
포엔의원,1092746444,skin_treatment_hospital,피부시술병원,skin_treatment_hospital|hospital,confirmed,kakao_category:피부과|리프팅|보톡스|여드름|울쎄라|제모|피부과|피부레이저|필러,"의료,건강 > 병원 > 피부과",HP8,병원,02-6952-6351,서울 서초구 서초동 1305-2,서울 서초구 강남대로 439,127.0254038513,37.5015639063,http://place.map.kakao.com/1092746444
프라이즈피부과의원,1703262999,skin_treatment_hospital,피부시술병원,skin_treatment_hospital|hospital,confirmed,kakao_category:피부과|보톡스|피부과,"의료,건강 > 병원 > 피부과",HP8,병원,02-6958-7560,서울 서초구 서초동 1757-1,서울 서초구 효령로 403,127.0277197226,37.4886429474,http://place.map.kakao.com/1703262999
플래너성형외과의원,1762346993,skin_treatment_hospital,피부시술병원,skin_treatment_hospital|hospital,high,리프팅|피부레이저|필러,"의료,건강 > 병원 > 성형외과",HP8,병원,02-599-1777,서울 서초구 서초동 1305-2,서울 서초구 강남대로 439,127.0253665218,37.5015368842,http://place.map.kakao.com/1762346993
플래뉴의원,953036454,skin_treatment_hospital,피부시술병원,skin_treatment_hospital|hospital,confirmed,kakao_category:피부과|보톡스|울쎄라|제모|피부과|필러,"의료,건강 > 병원 > 피부과",HP8,병원,02-525-5575,서울 서초구 서초동 1327-1,서울 서초구 서초대로78길 22,127.0275470908,37.4958059957,http://place.map.kakao.com/953036454
플래티넘의원,204425342,skin_treatment_hospital,피부시술병원,skin_treatment_hospital|hospital,high,리프팅|보톡스|써마지|피부과|피부레이저|필러,"의료,건강 > 병원 > 일반의원",HP8,병원,02-516-3570,서울 서초구 잠원동 27-2,서울 서초구 강남대로 589,127.01956378,37.5145593102,http://place.map.kakao.com/204425342
플로레스피부과의원,1404247439,skin_treatment_hospital,피부시술병원,skin_treatment_hospital|hospital,confirmed,kakao_category:피부과|리프팅|보톡스|써마지|여드름|울쎄라|피부과|피부레이저|필러,"의료,건강 > 병원 > 피부과",HP8,병원,02-537-7582,서울 서초구 방배동 1549,서울 서초구 동작대로 118,126.9827443831,37.4870042036,http://place.map.kakao.com/1404247439
피네의원,1352730797,skin_treatment_hospital,피부시술병원,skin_treatment_hospital|hospital,confirmed,kakao_category:피부과|리프팅|보톡스|써마지|여드름|울쎄라|제모|피부과|피부레이저|필러,"의료,건강 > 병원 > 피부과",HP8,병원,02-514-8484,서울 서초구 잠원동 12-25,서울 서초구 강남대로 621,127.0187884794,37.5171318016,http://place.map.kakao.com/1352730797
피어봄의원 강남본점,18316179,skin_treatment_hospital,피부시술병원,skin_treatment_hospital|hospital,high,리프팅|보톡스|써마지|울쎄라|제모|피부과|필러,"의료,건강 > 병원 > 성형외과",HP8,병원,1644-8343,서울 서초구 서초동 1328-7,서울 서초구 강남대로 365,127.0283486691,37.4953237675,http://place.map.kakao.com/18316179
피어봄의원 서초이수점,1439016255,skin_treatment_hospital,피부시술병원,skin_treatment_hospital|hospital,confirmed,kakao_category:피부과|리프팅|보톡스|울쎄라|제모|피부과|피부레이저|필러,"의료,건강 > 병원 > 피부과",HP8,병원,1599-1124,서울 서초구 방배동 1751,서울 서초구 동작대로 132,126.9827723623,37.4882593119,http://place.map.kakao.com/1439016255
픽셀랩성형외과의원,1315453502,skin_treatment_hospital,피부시술병원,skin_treatment_hospital|hospital,high,리프팅|보톡스|써마지|여드름|울쎄라|피부레이저|필러,"의료,건강 > 병원 > 성형외과",HP8,병원,02-595-8568,서울 서초구 서초동 1308-26,서울 서초구 서초대로73길 42,127.0243316146,37.5011794025,http://place.map.kakao.com/1315453502
핑슬림의원,26412454,skin_treatment_hospital,피부시술병원,skin_treatment_hospital|hospital,confirmed,kakao_category:피부과|보톡스|여드름|피부과|필러,"의료,건강 > 병원 > 피부과",HP8,병원,02-554-1969,서울 서초구 양재동 13-8,서울 서초구 강남대로 212,127.0360278979,37.4831184265,http://place.map.kakao.com/26412454
하나에희망의원,460360032,skin_treatment_hospital,피부시술병원,skin_treatment_hospital|hospital,medium,피부레이저,"의료,건강 > 병원 > 일반의원",HP8,병원,02-3478-0075,서울 서초구 서초동 1692-7,서울 서초구 서초대로 309,127.0153383437,37.4944630084,http://place.map.kakao.com/460360032
하루하나문민철의원,2022119909,skin_treatment_hospital,피부시술병원,skin_treatment_hospital|hospital,high,여드름|피부과|필러,"의료,건강 > 병원 > 일반의원",HP8,병원,02-2039-1004,서울 서초구 양재동 314-9,서울 서초구 마방로2길 57,127.0394632364,37.4710726331,http://place.map.kakao.com/2022119909
하모니성형외과의원,937401884,skin_treatment_hospital,피부시술병원,skin_treatment_hospital|hospital,high,보톡스|울쎄라|필러,"의료,건강 > 병원 > 성형외과",HP8,병원,02-541-8111,서울 서초구 반포동 707-11,서울 서초구 강남대로 535,127.0215983619,37.5096088383,http://place.map.kakao.com/937401884
하이봄성형외과의원,1798046152,skin_treatment_hospital,피부시술병원,skin_treatment_hospital|hospital,high,리프팅|써마지|필러,"의료,건강 > 병원 > 성형외과",HP8,병원,02-512-3322,서울 서초구 잠원동 37-1,서울 서초구 강남대로 563,127.0204317646,37.5119462514,http://place.map.kakao.com/1798046152
하이엔드성형외과의원,89163129,skin_treatment_hospital,피부시술병원,skin_treatment_hospital|hospital,high,리프팅|여드름|필러,"의료,건강 > 병원 > 성형외과",HP8,병원,02-533-3565,서울 서초구 서초동 1306,서울 서초구 강남대로65길 1,127.025899959,37.5005042156,http://place.map.kakao.com/89163129
한미인의원,15191817,skin_treatment_hospital,피부시술병원,skin_treatment_hospital|hospital,confirmed,kakao_category:피부과|리프팅|보톡스|써마지|여드름|울쎄라|제모|피부과|피부레이저,"의료,건강 > 병원 > 피부과",HP8,병원,02-532-6485,서울 서초구 서초동 1309-9,서울 서초구 서초대로77길 55,127.0244653631,37.5021011039,http://place.map.kakao.com/15191817
해피부과,16903895,skin_treatment_hospital,피부시술병원,skin_treatment_hospital|hospital,confirmed,kakao_category:피부과|보톡스|피부과|피부레이저,"의료,건강 > 병원 > 피부과",HP8,병원,02-532-7582,서울 서초구 잠원동 60-3,서울 서초구 잠원로4길 50,127.0119816256,37.5127781367,http://place.map.kakao.com/16903895
핸슨의원,8616028,skin_treatment_hospital,피부시술병원,skin_treatment_hospital|hospital,high,리프팅|보톡스|제모|필러,"의료,건강 > 병원 > 성형외과",HP8,병원,02-532-8053,서울 서초구 방배동 3001-2,서울 서초구 서초대로 3-4,126.9830623415,37.4859780013,http://place.map.kakao.com/8616028
허스킨의원,9816160,skin_treatment_hospital,피부시술병원,skin_treatment_hospital|hospital,confirmed,kakao_category:피부과|피부과,"의료,건강 > 병원 > 피부과",HP8,병원,02-3482-7006,서울 서초구 방배동 852-20,서울 서초구 방배로 177,126.9923064797,37.4893018825,http://place.map.kakao.com/9816160
헤어온의원,519866428,skin_treatment_hospital,피부시술병원,skin_treatment_hospital|hospital,medium,보톡스,"의료,건강 > 병원 > 일반의원",HP8,병원,02-6949-2030,서울 서초구 서초동 1328,서울 서초구 강남대로 373,127.0280096678,37.4959833853,http://place.map.kakao.com/519866428
휴먼성형외과,25627128,skin_treatment_hospital,피부시술병원,skin_treatment_hospital|hospital,medium,피부레이저,"의료,건강 > 병원 > 성형외과",HP8,병원,02-515-3003,서울 서초구 반포동 723-22,서울 서초구 강남대로 509,127.0224166313,37.5075877321,http://place.map.kakao.com/25627128
히어피부과의원,1414950737,skin_treatment_hospital,피부시술병원,skin_treatment_hospital|hospital,confirmed,kakao_category:피부과|리프팅|보톡스|써마지|울쎄라|피부과|필러,"의료,건강 > 병원 > 피부과",HP8,병원,02-595-9901,서울 서초구 서초동 1303-37,서울 서초구 서초대로77길 54,127.0248127157,37.5025776635,http://place.map.kakao.com/1414950737
히트성형외과의원,1738325985,skin_treatment_hospital,피부시술병원,skin_treatment_hospital|hospital,medium,리프팅,"의료,건강 > 병원 > 성형외과",HP8,병원,02-508-5888,서울 서초구 서초동 1303-37,서울 서초구 서초대로77길 54,127.0248466551,37.5026118946,http://place.map.kakao.com/1738325985
24게스트하우스 강남센터점,24580064,accommodation,숙박시설,accommodation,,,여행 > 숙박 > 게스트하우스,AD5,숙박,02-538-1177,서울 강남구 역삼동 626-29,서울 강남구 봉은사로20길 52,127.033358652909,37.50390814658339,http://place.map.kakao.com/24580064
648호텔,27110153,accommodation,숙박시설,accommodation,,,"여행 > 숙박 > 여관,모텔",AD5,숙박,02-553-4737,서울 강남구 역삼동 648-7,서울 강남구 강남대로94길 56-4,127.03186863458268,37.49995224151424,http://place.map.kakao.com/27110153
강남게스트하우스,1420265995,accommodation,숙박시설,accommodation,,,여행 > 숙박 > 게스트하우스,AD5,숙박,02-563-7941,서울 강남구 논현동 266-9,서울 강남구 봉은사로49길 42-1,127.041506478747,37.5128471361692,http://place.map.kakao.com/1420265995
강남스테이,339359929,accommodation,숙박시설,accommodation,,,여행 > 숙박 > 게스트하우스,AD5,숙박,02-508-7710,서울 강남구 역삼동 793-9,서울 강남구 논현로67길 41-1,127.03660147000528,37.49307889250576,http://place.map.kakao.com/339359929
강남스테이호텔,27609078,accommodation,숙박시설,accommodation,,,여행 > 숙박 > 호텔,AD5,숙박,02-568-6200,서울 강남구 역삼동 736-51,서울 강남구 논현로87길 15-4,127.035419391722,37.499413329606,http://place.map.kakao.com/27609078
강남패밀리호텔,10307700,accommodation,숙박시설,accommodation,,,여행 > 숙박 > 호텔,AD5,숙박,,서울 강남구 논현동 205-8,서울 강남구 봉은사로 143,127.030156794434,37.5064101980971,http://place.map.kakao.com/10307700
게스트하우스강남,19148678,accommodation,숙박시설,accommodation,,,여행 > 숙박 > 게스트하우스,AD5,숙박,,서울 강남구 신사동 607-10,서울 강남구 압구정로34길 33,127.030834415197,37.5260338818115,http://place.map.kakao.com/19148678
게스트하우스케이 강남점,19756964,accommodation,숙박시설,accommodation,,,여행 > 숙박 > 게스트하우스,AD5,숙박,,서울 강남구 역삼동 812-6,서울 강남구 봉은사로4길 31-5,127.02715614186,37.5029330452477,http://place.map.kakao.com/19756964
고유인&캐빈즈,1096257512,accommodation,숙박시설,accommodation,,,여행 > 숙박,AD5,숙박,02-563-0777,서울 강남구 삼성동 143-14,서울 강남구 테헤란로77길 11-16,127.053211320504,37.5069291505704,http://place.map.kakao.com/1096257512
고유인&홈즈,309337609,accommodation,숙박시설,accommodation,,,여행 > 숙박,AD5,숙박,02-568-0777,서울 강남구 삼성동 142-17,서울 강남구 선릉로92길 37-6,127.05170790048308,37.5064648996588,http://place.map.kakao.com/309337609
구도컬렉티브 강남,1947151603,accommodation,숙박시설,accommodation,,,여행 > 숙박 > 호텔,AD5,숙박,,서울 강남구 역삼동 823-5,서울 강남구 테헤란로8길 11-3,127.031783099487,37.4982583728453,http://place.map.kakao.com/1947151603
그랜드 머큐어 임피리얼 팰리스 서울 강남,661567584,accommodation,숙박시설,accommodation,,,여행 > 숙박 > 호텔 > 앰배서더호텔,AD5,숙박,02-3440-8000,서울 강남구 논현동 248-7,서울 강남구 언주로 640,127.035907038981,37.5140716335263,http://place.map.kakao.com/661567584
그랜드인터컨티넨탈 서울파르나스,8161840,accommodation,숙박시설,accommodation,,,여행 > 숙박 > 호텔 > 인터컨티넨탈호텔,AD5,숙박,02-555-5656,서울 강남구 삼성동 159-8,서울 강남구 테헤란로 521,127.06080669351726,37.50919151190288,http://place.map.kakao.com/8161840
그레이호텔,259862267,accommodation,숙박시설,accommodation,,,"여행 > 숙박 > 여관,모텔",AD5,숙박,02-3453-7803,서울 강남구 대치동 890-28,서울 강남구 선릉로90길 46,127.052904526186,37.5049110369099,http://place.map.kakao.com/259862267
글래드 강남 코엑스센터,1061735080,accommodation,숙박시설,accommodation,,,여행 > 숙박 > 호텔,AD5,숙박,02-6474-5000,서울 강남구 대치동 995-16,서울 강남구 테헤란로 610,127.06454218365266,37.50882282102674,http://place.map.kakao.com/1061735080
까사도로,1404195695,accommodation,숙박시설,accommodation,,,여행 > 숙박 > 게스트하우스,AD5,숙박,,서울 강남구 역삼동 623-7,서울 강남구 강남대로110길 59,127.029744027808,37.5036748505848,http://place.map.kakao.com/1404195695
노보텔 앰배서더 서울 강남,8233809,accommodation,숙박시설,accommodation,,,여행 > 숙박 > 호텔 > 앰배서더호텔,AD5,숙박,02-531-6000,서울 강남구 역삼동 603,서울 강남구 봉은사로 130,127.02891340250898,37.505293262534146,http://place.map.kakao.com/8233809
노트스테이,1539118010,accommodation,숙박시설,accommodation,,,여행 > 숙박,AD5,숙박,,서울 강남구 대치동 899-15,서울 강남구 역삼로63길 19-3,127.051796666797,37.5023481672984,http://place.map.kakao.com/1539118010
녹스부띠끄호텔,11015600,accommodation,숙박시설,accommodation,,,"여행 > 숙박 > 여관,모텔",AD5,숙박,,서울 강남구 역삼동 677-13,서울 강남구 테헤란로37길 13-13,127.03977391822217,37.50269611028678,http://place.map.kakao.com/11015600
뉴데이호텔,1828903221,accommodation,숙박시설,accommodation,,,여행 > 숙박 > 호텔,AD5,숙박,,서울 강남구 도곡동 542-2,서울 강남구 도곡로 220,127.043077290246,37.4926883746512,http://place.map.kakao.com/1828903221
단델리온 신사1호점,899717052,accommodation,숙박시설,accommodation,,,여행 > 숙박 > 호텔,AD5,숙박,010-6606-5658,서울 강남구 신사동 557-14,서울 강남구 논현로155길 25-1,127.026158283908,37.5213227670942,http://place.map.kakao.com/899717052
달봉CON,14561133,accommodation,숙박시설,accommodation,,,여행 > 숙박 > 호텔,AD5,숙박,,서울 강남구 논현동 237-7,서울 강남구 봉은사로37길 10,127.037002885739,37.5090896425041,http://place.map.kakao.com/14561133
더뮤즈,1455776629,accommodation,숙박시설,accommodation,,,"여행 > 숙박 > 여관,모텔",AD5,숙박,02-563-0809,서울 강남구 역삼동 678-9,서울 강남구 테헤란로33길 13-12,127.038275347632,37.5025407313637,http://place.map.kakao.com/1455776629
더클라우드프런티어,14560397,accommodation,숙박시설,accommodation,,,여행 > 숙박,AD5,숙박,,서울 강남구 삼성동 159-8,서울 강남구 테헤란로 521,127.060831664012,37.5092996196025,http://place.map.kakao.com/14560397
더프리마,2116871402,accommodation,숙박시설,accommodation,,,여행 > 숙박,AD5,숙박,,서울 강남구 청담동 56-17,서울 강남구 도산대로102길 10,127.052816116235,37.5238961280338,http://place.map.kakao.com/2116871402
더호텔1997,1674634116,accommodation,숙박시설,accommodation,,,"여행 > 숙박 > 여관,모텔",AD5,숙박,,서울 강남구 역삼동 826-41,서울 강남구 테헤란로2길 37,127.029989711359,37.4958594613033,http://place.map.kakao.com/1674634116
도미인 서울강남호텔,2058371888,accommodation,숙박시설,accommodation,,,여행 > 숙박 > 호텔,AD5,숙박,02-548-5489,서울 강남구 역삼동 603-1,서울 강남구 봉은사로 134,127.0294744983298,37.50562829782134,http://place.map.kakao.com/2058371888
동주산업,12855706,accommodation,숙박시설,accommodation,,,여행 > 숙박 > 민박,AD5,숙박,,서울 강남구 삼성동 75-6,서울 강남구 봉은사로 509,127.05462986021958,37.51350042956587,http://place.map.kakao.com/12855706
디에이스호텔,1018760457,accommodation,숙박시설,accommodation,,,여행 > 숙박 > 호텔,AD5,숙박,02-563-1901,서울 강남구 삼성동 143-25,서울 강남구 테헤란로77길 11-5,127.05403472439293,37.50697833206532,http://place.map.kakao.com/1018760457
라비타호텔,1397235998,accommodation,숙박시설,accommodation,,,여행 > 숙박 > 호텔,AD5,숙박,02-545-0015,서울 강남구 청담동 132-17,서울 강남구 영동대로 712,127.05684942871316,37.52141830050773,http://place.map.kakao.com/1397235998
레드비하우스,2038080289,accommodation,숙박시설,accommodation,,,여행 > 숙박 > 게스트하우스,AD5,숙박,,서울 강남구 논현동 157-21,서울 강남구 봉은사로21길 57-7,127.028049662266,37.5091858123425,http://place.map.kakao.com/2038080289
레이지타이거호텔,405144869,accommodation,숙박시설,accommodation,,,여행 > 숙박 > 호텔,AD5,숙박,,서울 강남구 논현동 199-4,서울 강남구 강남대로 482,127.024519602242,37.5054203970022,http://place.map.kakao.com/405144869
렉스관광호텔,7858836,accommodation,숙박시설,accommodation,,,여행 > 숙박 > 호텔,AD5,숙박,02-511-4488,서울 강남구 논현동 18-2,서울 강남구 강남대로 588,127.020477661948,37.514341112382,http://place.map.kakao.com/7858836
렉시호텔,7858934,accommodation,숙박시설,accommodation,,,"여행 > 숙박 > 여관,모텔",AD5,숙박,0507-1356-4250,서울 강남구 역삼동 735-27,서울 강남구 테헤란로16길 11,127.03398401702526,37.498798363998404,http://place.map.kakao.com/7858934
루미에르호텔,969597947,accommodation,숙박시설,accommodation,,,"여행 > 숙박 > 여관,모텔",AD5,숙박,010-8112-1369,서울 강남구 역삼동 718-13,서울 강남구 테헤란로28길 3-6,127.03910119463282,37.500879907180014,http://place.map.kakao.com/969597947
루비루스테이,651427703,accommodation,숙박시설,accommodation,,,여행 > 숙박 > 게스트하우스,AD5,숙박,,서울 강남구 신사동 626-72,서울 강남구 언주로153길 14-2,127.032014148668,37.5229160997922,http://place.map.kakao.com/651427703
루프 서울 호텔 리트리트 by 아늑 서울 강남 1,11926117,accommodation,숙박시설,accommodation,,,여행 > 숙박 > 호텔,AD5,숙박,,서울 강남구 역삼동 741-17,서울 강남구 테헤란로20길 34,127.034948052046,37.497502435578,http://place.map.kakao.com/11926117
루프 서울 호텔 by 아늑 서울 강남 1,1290237688,accommodation,숙박시설,accommodation,,,"여행 > 숙박 > 여관,모텔",AD5,숙박,,서울 강남구 역삼동 798-27,서울 강남구 도곡로23길 7,127.03968492987632,37.49268325583411,http://place.map.kakao.com/1290237688
루프 서울 호텔 by 아늑 서울 강남 2,1608855356,accommodation,숙박시설,accommodation,,,여행 > 숙박 > 호텔,AD5,숙박,,서울 강남구 논현동 190-21,서울 강남구 논현로113길 28,127.031001252755,37.5081939693367,http://place.map.kakao.com/1608855356
루프서울호텔리트리트바이 아늑서울강남2,331252320,accommodation,숙박시설,accommodation,,,여행 > 숙박 > 호텔,AD5,숙박,,서울 강남구 역삼동 724-45,서울 강남구 언주로79길 14,127.04287754618,37.4993306684785,http://place.map.kakao.com/331252320
리츠모텔,16272042,accommodation,숙박시설,accommodation,,,"여행 > 숙박 > 여관,모텔",AD5,숙박,,서울 강남구 삼성동 143-26,서울 강남구 테헤란로77길 11-3,127.05419080903967,37.50698727061297,http://place.map.kakao.com/16272042
리츠호텔,8962739,accommodation,숙박시설,accommodation,,,"여행 > 숙박 > 여관,모텔",AD5,숙박,0507-1448-7766,서울 강남구 신사동 505-4,서울 강남구 도산대로1길 61,127.01896810657,37.5207060526959,http://place.map.kakao.com/8962739
리치웰호텔,26909427,accommodation,숙박시설,accommodation,,,여행 > 숙박 > 호텔,AD5,숙박,02-553-6655,서울 강남구 역삼동 677-9,서울 강남구 테헤란로37길 13-10,127.03981704548993,37.502981714544354,http://place.map.kakao.com/26909427
마티네차움호텔,192287529,accommodation,숙박시설,accommodation,,,여행 > 숙박 > 호텔,AD5,숙박,02-3468-1880,서울 강남구 역삼동 605,서울 강남구 봉은사로 156,127.031964101231,37.5063637716092,http://place.map.kakao.com/192287529
메종드럭스302,1446342144,accommodation,숙박시설,accommodation,,,여행 > 숙박 > 게스트하우스,AD5,숙박,0503-7153-4522,서울 강남구 삼성동 41-24,서울 강남구 봉은사로63길 29,127.04640882673,37.5131768812575,http://place.map.kakao.com/1446342144
멜리샤호텔,213320288,accommodation,숙박시설,accommodation,,,"여행 > 숙박 > 여관,모텔",AD5,숙박,02-561-2627,서울 강남구 역삼동 825-29,서울 강남구 테헤란로2길 15,127.02937281082282,37.49722464133762,http://place.map.kakao.com/213320288
몰타호텔,1907985511,accommodation,숙박시설,accommodation,,,"여행 > 숙박 > 여관,모텔",AD5,숙박,,서울 강남구 역삼동 659-7,서울 강남구 논현로 548,127.035310125182,37.5051284416793,http://place.map.kakao.com/1907985511
몰타호텔,928984497,accommodation,숙박시설,accommodation,,,"여행 > 숙박 > 여관,모텔",AD5,숙박,,서울 강남구 역삼동 703-3,서울 강남구 테헤란로43길 12,127.04395238804,37.504042533793,http://place.map.kakao.com/928984497
미미미 펜트하우스,639219685,accommodation,숙박시설,accommodation,,,여행 > 숙박,AD5,숙박,,서울 강남구 청담동 87-11,서울 강남구 도산대로 417,127.04110983177901,37.52382329661493,http://place.map.kakao.com/639219685
바레,25612768,accommodation,숙박시설,accommodation,,,"여행 > 숙박 > 여관,모텔",AD5,숙박,02-553-1677,서울 강남구 역삼동 719-23,서울 강남구 테헤란로34길 9,127.04038819745999,37.500931732527135,http://place.map.kakao.com/25612768
베니키아호텔체인본부,687241040,accommodation,숙박시설,accommodation,,,여행 > 숙박 > 호텔,AD5,숙박,02-518-3670,서울 강남구 청담동 21-18,서울 강남구 선릉로148길 26,127.041628366643,37.5225427904095,http://place.map.kakao.com/687241040
베리식스호텔,16445729,accommodation,숙박시설,accommodation,,,여행 > 숙박 > 호텔,AD5,숙박,02-508-3002,서울 강남구 역삼동 720-10,서울 강남구 테헤란로38길 7,127.0417128123181,37.501505212970386,http://place.map.kakao.com/16445729
베스트웨스턴프리미어 강남호텔,8325284,accommodation,숙박시설,accommodation,,,여행 > 숙박 > 호텔 > 베스트웨스턴 호텔,AD5,숙박,02-6474-2000,서울 강남구 논현동 205-9,서울 강남구 봉은사로 139,127.02977902782426,37.506372451719606,http://place.map.kakao.com/8325284
보코서울강남,717144945,accommodation,숙박시설,accommodation,,,여행 > 숙박 > 호텔,AD5,숙박,02-3017-5003,서울 강남구 논현동 6,서울 강남구 도산대로 144,127.02454515332,37.5178272212827,http://place.map.kakao.com/717144945
봉림장,23024971,accommodation,숙박시설,accommodation,,,여행 > 숙박,AD5,숙박,,서울 강남구 역삼동 678-7,서울 강남구 테헤란로33길 13-6,127.03878208821,37.5026991430858,http://place.map.kakao.com/23024971
브라운도트 역삼점,1742792340,accommodation,숙박시설,accommodation,,,"여행 > 숙박 > 여관,모텔",AD5,숙박,02-501-8003,서울 강남구 역삼동 677-16,서울 강남구 테헤란로37길 13-5,127.040286312865,37.5028455035909,http://place.map.kakao.com/1742792340
블랑호텔 강남점,27289892,accommodation,숙박시설,accommodation,,,"여행 > 숙박 > 여관,모텔",AD5,숙박,,서울 강남구 역삼동 700-27,서울 강남구 언주로94길 13,127.043288786358,37.5045104006495,http://place.map.kakao.com/27289892
비앤디알에스,14560664,accommodation,숙박시설,accommodation,,,여행 > 숙박 > 호텔,AD5,숙박,,서울 강남구 논현동 117-8,서울 강남구 학동로45길 8,127.038101666454,37.516841532393,http://place.map.kakao.com/14560664
비앤비청담,18776062,accommodation,숙박시설,accommodation,,,여행 > 숙박 > 게스트하우스,AD5,숙박,070-8163-9201,서울 강남구 청담동 19-32,서울 강남구 선릉로148길 52-18,127.043570348441,37.5219393191967,http://place.map.kakao.com/18776062
빅존스플레이스,23556920,accommodation,숙박시설,accommodation,,,여행 > 숙박 > 게스트하우스,AD5,숙박,,서울 강남구 역삼동 615-11,서울 강남구 강남대로110길 31-1,127.027337519384,37.5041043106419,http://place.map.kakao.com/23556920
사월호텔,12317292,accommodation,숙박시설,accommodation,,,"여행 > 숙박 > 여관,모텔",AD5,숙박,02-3452-4900,서울 강남구 역삼동 720-12,서울 강남구 언주로89길 13,127.04184408938349,37.50166734759042,http://place.map.kakao.com/12317292
삼정호텔,8194428,accommodation,숙박시설,accommodation,,,여행 > 숙박 > 호텔,AD5,숙박,02-557-1221,서울 강남구 역삼동 604-7,서울 강남구 봉은사로 150,127.03116089877577,37.505887354500274,http://place.map.kakao.com/8194428
삼정호텔 한국관,13298335,accommodation,숙박시설,accommodation,,,여행 > 숙박 > 호텔,AD5,숙박,02-557-1221,서울 강남구 역삼동 604-11,서울 강남구 봉은사로 150,127.03114277607,37.5058224869054,http://place.map.kakao.com/13298335
서울라이츠,1745635510,accommodation,숙박시설,accommodation,,,여행 > 숙박,AD5,숙박,0503-7153-6483,서울 강남구 논현동 158-2,서울 강남구 학동로12길 44,127.027531930016,37.5099526890943,http://place.map.kakao.com/1745635510
서울의휴일게스트하우스,799476102,accommodation,숙박시설,accommodation,,,여행 > 숙박 > 게스트하우스,AD5,숙박,010-2285-8321,서울 강남구 대치동 925-28,서울 강남구 도곡로69길 40,127.05532766921,37.4996003004081,http://place.map.kakao.com/799476102
서울인호텔바이더디자이너스,1663846238,accommodation,숙박시설,accommodation,,,여행 > 숙박 > 호텔,AD5,숙박,02-501-0017,서울 강남구 역삼동 718-11,서울 강남구 테헤란로28길 3-4,127.03899938140552,37.50081957343787,http://place.map.kakao.com/1663846238
성심모텔,16053352,accommodation,숙박시설,accommodation,,,"여행 > 숙박 > 여관,모텔",AD5,숙박,02-567-8680,서울 강남구 역삼동 718-29,서울 강남구 테헤란로34길 10,127.040092955281,37.5007921771787,http://place.map.kakao.com/16053352
성팔주점관리,12942296,accommodation,숙박시설,accommodation,,,여행 > 숙박,AD5,숙박,,서울 강남구 삼성동 159,서울 강남구 테헤란로87길 36,127.058520608838,37.5103027041679,http://place.map.kakao.com/12942296
쉐어니도 스티치앤니도,1563184091,accommodation,숙박시설,accommodation,,,여행 > 숙박,AD5,숙박,02-2039-6955,서울 강남구 신사동 546-3,서울 강남구 가로수길 62,127.022941345831,37.5221253282403,http://place.map.kakao.com/1563184091
쉐어하우스home601,27436411,accommodation,숙박시설,accommodation,,,여행 > 숙박 > 게스트하우스,AD5,숙박,02-565-0601,서울 강남구 역삼동 609-20,서울 강남구 논현로105길 11-17,127.032621685818,37.5048634181408,http://place.map.kakao.com/27436411
스테이요키,463238319,accommodation,숙박시설,accommodation,,,여행 > 숙박 > 민박,AD5,숙박,,서울 강남구 역삼동 601-5,서울 강남구 봉은사로4길 4,127.025914882288,37.5044172801964,http://place.map.kakao.com/463238319
스텔라호스텔,1302977083,accommodation,숙박시설,accommodation,,,여행 > 숙박 > 게스트하우스,AD5,숙박,02-556-4040,서울 강남구 대치동 891-34,서울 강남구 선릉로90길 62,127.054187297946,37.5052591444721,http://place.map.kakao.com/1302977083
시나브로,1783111536,accommodation,숙박시설,accommodation,,,여행 > 숙박,AD5,숙박,,서울 강남구 역삼동 719-18,서울 강남구 언주로87길 24,127.041025117174,37.5013288566516,http://place.map.kakao.com/1783111536
시크릿호텔,1221928805,accommodation,숙박시설,accommodation,,,여행 > 숙박 > 호텔,AD5,숙박,,서울 강남구 대치동 890-33,서울 강남구 테헤란로68길 11,127.052562762952,37.5046111547131,http://place.map.kakao.com/1221928805
시크릿호텔2,1780568658,accommodation,숙박시설,accommodation,,,"여행 > 숙박 > 여관,모텔",AD5,숙박,,서울 강남구 대치동 890-61,서울 강남구 테헤란로68길 13,127.052616970877,37.5044994059191,http://place.map.kakao.com/1780568658
신라스테이 삼성,1117108402,accommodation,숙박시설,accommodation,,,여행 > 숙박 > 호텔 > 신라스테이,AD5,숙박,02-2175-9000,서울 강남구 삼성동 168-3,서울 강남구 영동대로 506,127.0631756888806,37.50991377528472,http://place.map.kakao.com/1117108402
신라스테이 역삼,25539194,accommodation,숙박시설,accommodation,,,여행 > 숙박 > 호텔 > 신라스테이,AD5,숙박,02-2054-9000,서울 강남구 역삼동 675-3,서울 강남구 언주로 517,127.041307593687,37.5049760288127,http://place.map.kakao.com/25539194
신사동관광호텔,1074812279,accommodation,숙박시설,accommodation,,,여행 > 숙박 > 호텔,AD5,숙박,,서울 강남구 신사동 561-19,서울 강남구 도산대로 153,127.025220803965,37.5188524206969,http://place.map.kakao.com/1074812279
신안관광,16414450,accommodation,숙박시설,accommodation,,,여행 > 숙박,AD5,숙박,,서울 강남구 청담동 53-7,서울 강남구 영동대로 737,127.05415664454893,37.523881104917834,http://place.map.kakao.com/16414450
심플원룸텔 삼성병원점,1591842505,accommodation,숙박시설,accommodation,,,"여행 > 숙박 > 여관,모텔",AD5,숙박,010-5933-3185,서울 강남구 일원동 645,서울 강남구 일원로9길 48,127.085485868838,37.4903434042557,http://place.map.kakao.com/1591842505
썬시티게스트하우스,22110962,accommodation,숙박시설,accommodation,,,여행 > 숙박 > 게스트하우스,AD5,숙박,02-511-7422,서울 강남구 논현동 16-5,서울 강남구 강남대로146길 7-12,127.020826408145,37.5156493089486,http://place.map.kakao.com/22110962
아난티 앳 강남,554629068,accommodation,숙박시설,accommodation,,,"여행 > 숙박 > 콘도,리조트 > 아난티",AD5,숙박,02-2190-4000,서울 강남구 논현동 74-6,서울 강남구 논현로 734,127.02947579619703,37.517557594720294,http://place.map.kakao.com/554629068
아마레호텔,16445407,accommodation,숙박시설,accommodation,,,"여행 > 숙박 > 여관,모텔",AD5,숙박,02-555-0343,서울 강남구 역삼동 776-19,서울 강남구 논현로 328,127.04021520083431,37.49466619301067,http://place.map.kakao.com/16445407
아이에스타운,14563817,accommodation,숙박시설,accommodation,,,여행 > 숙박 > 호텔,AD5,숙박,,서울 강남구 대치동 890-49,서울 강남구 테헤란로64길 9,127.051612680151,37.5045070570278,http://place.map.kakao.com/14563817
안다즈 서울 강남,1792487731,accommodation,숙박시설,accommodation,,,여행 > 숙박 > 호텔 > 하얏트호텔,AD5,숙박,02-2193-1234,서울 강남구 신사동 603,서울 강남구 논현로 854,127.02887026009083,37.525418092797,http://place.map.kakao.com/1792487731
안테룸 서울,352912847,accommodation,숙박시설,accommodation,,,여행 > 숙박 > 호텔,AD5,숙박,02-542-2300,서울 강남구 신사동 561-19,서울 강남구 도산대로 153,127.02522420205649,37.51886593501955,http://place.map.kakao.com/352912847
알로프트 바이 메리어트 서울강남,25778238,accommodation,숙박시설,accommodation,,,여행 > 숙박 > 호텔,AD5,숙박,02-510-9700,서울 강남구 청담동 131,서울 강남구 영동대로 736,127.055635110582,37.5237650894249,http://place.map.kakao.com/25778238
알앤지마케팅,9111051,accommodation,숙박시설,accommodation,,,여행 > 숙박,AD5,숙박,02-501-8235,서울 강남구 역삼동 828-10,서울 강남구 논현로79길 72,127.03288021131165,37.49606231969739,http://place.map.kakao.com/9111051
애인호텔,187981590,accommodation,숙박시설,accommodation,,,"여행 > 숙박 > 여관,모텔",AD5,숙박,02-515-1880,서울 강남구 신사동 505-9,서울 강남구 압구정로2길 2,127.019133421315,37.5213259160257,http://place.map.kakao.com/187981590
야코리아호스텔 강남점,888851937,accommodation,숙박시설,accommodation,,,여행 > 숙박,AD5,숙박,02-553-2588,서울 강남구 역삼동 700-31,서울 강남구 테헤란로43길 19,127.0438282914355,37.50457056906433,http://place.map.kakao.com/888851937
어바웃스테이 신사점,315485588,accommodation,숙박시설,accommodation,,,"여행 > 숙박 > 여관,모텔",AD5,숙박,0507-1361-7713,서울 강남구 신사동 502-11,서울 강남구 강남대로 620,127.019695668973,37.517145168894,http://place.map.kakao.com/315485588
어반네스트,1215900846,accommodation,숙박시설,accommodation,,,여행 > 숙박,AD5,숙박,010-4325-2133,서울 강남구 논현동 153,서울 강남구 논현로121길 27,127.030346073275,37.5101997759018,http://place.map.kakao.com/1215900846
어반네스트호텔,294773314,accommodation,숙박시설,accommodation,,,"여행 > 숙박 > 여관,모텔",AD5,숙박,02-2051-2091,서울 강남구 삼성동 142-24,서울 강남구 선릉로92길 41,127.05194644266916,37.50632423821841,http://place.map.kakao.com/294773314
에이든 바이 베스트웨스턴 청담 호텔,2107523615,accommodation,숙박시설,accommodation,,,여행 > 숙박 > 호텔,AD5,숙박,02-6711-1234,서울 강남구 논현동 60-8,서울 강남구 도산대로 216,127.03047672564844,37.519974732339726,http://place.map.kakao.com/2107523615
에이치에비뉴호텔 역삼,26406445,accommodation,숙박시설,accommodation,,,여행 > 숙박 > 호텔,AD5,숙박,0507-1338-6247,서울 강남구 역삼동 678-14,서울 강남구 테헤란로29길 12,127.03874353347169,37.502500033483,http://place.map.kakao.com/26406445
엘리에나호텔 서울강남,1197705393,accommodation,숙박시설,accommodation,,,여행 > 숙박 > 호텔,AD5,숙박,02-3443-5670,서울 강남구 논현동 152,서울 강남구 논현로 645,127.03163589759811,37.51121216650916,http://place.map.kakao.com/1197705393
엠티티 게스트하우스 강남,1984803696,accommodation,숙박시설,accommodation,,,여행 > 숙박 > 게스트하우스,AD5,숙박,,서울 강남구 역삼동 750-13,서울 강남구 테헤란로22길 63-5,127.035182423926,37.495697649796,http://place.map.kakao.com/1984803696
여운,309472798,accommodation,숙박시설,accommodation,,,여행 > 숙박,AD5,숙박,,서울 강남구 삼성동 147-4,서울 강남구 봉은사로84길 5,127.055605626635,37.5129981150125,http://place.map.kakao.com/309472798
오드볼스테이 강남,1530155684,accommodation,숙박시설,accommodation,,,여행 > 숙박,AD5,숙박,010-9635-3990,서울 강남구 역삼동 827-36,서울 강남구 강남대로84길 24-7,127.030944417469,37.49654398016,http://place.map.kakao.com/1530155684
오월호텔,925821854,accommodation,숙박시설,accommodation,,,여행 > 숙박 > 호텔,AD5,숙박,,서울 강남구 역삼동 723-3,서울 강남구 언주로85길 27,127.04106089795575,37.50058281131899,http://place.map.kakao.com/925821854
오크우드프리미어 코엑스센터,27169901,accommodation,숙박시설,accommodation,,,여행 > 숙박 > 호텔,AD5,숙박,02-3466-7000,서울 강남구 삼성동 159,서울 강남구 테헤란로87길 46,127.05811853031,37.5110453302872,http://place.map.kakao.com/27169901
온스테이호스텔,27641084,accommodation,숙박시설,accommodation,,,여행 > 숙박 > 유스호스텔,AD5,숙박,1544-5756,서울 강남구 대치동 901-44,서울 강남구 삼성로75길 32-11,127.05512029625673,37.503644111232454,http://place.map.kakao.com/27641084
올인모텔,9940545,accommodation,숙박시설,accommodation,,,"여행 > 숙박 > 여관,모텔",AD5,숙박,02-543-5612,서울 강남구 논현동 118-7,서울 강남구 학동로53길 3-4,127.039934358072,37.5172698046275,http://place.map.kakao.com/9940545
와사비하우스,1983159033,accommodation,숙박시설,accommodation,,,여행 > 숙박 > 게스트하우스,AD5,숙박,,서울 강남구 역삼동 831-30,서울 강남구 역삼로3길 17-6,127.03056596647386,37.494706024891364,http://place.map.kakao.com/1983159033
왈츠모텔,1098921244,accommodation,숙박시설,accommodation,,,"여행 > 숙박 > 여관,모텔",AD5,숙박,02-512-2016,서울 강남구 논현동 201-5,서울 강남구 강남대로112길 20,127.026066812534,37.5055137702698,http://place.map.kakao.com/1098921244
웜두코리아,14550514,accommodation,숙박시설,accommodation,,,여행 > 숙박 > 게스트하우스,AD5,숙박,,서울 강남구 역삼동 719-33,서울 강남구 언주로85길 24,127.04126016921,37.5010044126689,http://place.map.kakao.com/14550514
웨스틴 서울 파르나스,89757736,accommodation,숙박시설,accommodation,,,여행 > 숙박 > 호텔,AD5,숙박,02-3452-2500,서울 강남구 삼성동 159,서울 강남구 봉은사로 524,127.05728851692382,37.51276935676325,http://place.map.kakao.com/89757736
위드하우스,411922879,accommodation,숙박시설,accommodation,,,여행 > 숙박,AD5,숙박,010-5029-4936,서울 강남구 삼성동 123-3,서울 강남구 삼성로107길 33,127.051452943657,37.5107042381869,http://place.map.kakao.com/411922879
유경캠핑하우스 본사,26921453,accommodation,숙박시설,accommodation,,,"여행 > 숙박 > 야영,캠핑장",AD5,숙박,,서울 강남구 역삼동 708-22,서울 강남구 선릉로89길 13,127.048259698542,37.5032578788712,http://place.map.kakao.com/26921453
유로 스테이,1692352398,accommodation,숙박시설,accommodation,,,여행 > 숙박,AD5,숙박,,서울 강남구 역삼동 745-3,서울 강남구 논현로79길 7,127.037624827131,37.4975682878659,http://place.map.kakao.com/1692352398
유에이치스위트 더강남,1503846031,accommodation,숙박시설,accommodation,,,여행 > 숙박 > 호텔,AD5,숙박,,서울 강남구 역삼동 831-31,서울 강남구 역삼로1길 20,127.030435901767,37.4946547010777,http://place.map.kakao.com/1503846031
이끌라쎄 게스트하우스,1718818769,accommodation,숙박시설,accommodation,,,여행 > 숙박 > 게스트하우스,AD5,숙박,,서울 강남구 삼성동 116-36,서울 강남구 봉은사로74길 18-1,127.051746233317,37.5112050684955,http://place.map.kakao.com/1718818769
이비스 스타일 앰배서더 서울 강남,27610458,accommodation,숙박시설,accommodation,,,여행 > 숙박 > 호텔 > 앰배서더호텔,AD5,숙박,02-3011-8888,서울 강남구 대치동 893-1,서울 강남구 삼성로 431,127.057068909754,37.5051100226147,http://place.map.kakao.com/27610458
인더시티비즈니스호텔,27375971,accommodation,숙박시설,accommodation,,,여행 > 숙박 > 호텔,AD5,숙박,02-564-8342,서울 강남구 역삼동 677-8,서울 강남구 테헤란로37길 13-8,127.039976524492,37.5030122948731,http://place.map.kakao.com/27375971
인트로호텔,870214660,accommodation,숙박시설,accommodation,,,"여행 > 숙박 > 여관,모텔",AD5,숙박,,서울 강남구 역삼동 677-14,서울 강남구 테헤란로37길 13-11,127.039926619133,37.5027420100625,http://place.map.kakao.com/870214660
자이언트호텔,23899028,accommodation,숙박시설,accommodation,,,여행 > 숙박 > 호텔,AD5,숙박,,서울 강남구 삼성동 45-10,서울 강남구 봉은사로 459,127.049790263276,37.5123682046347,http://place.map.kakao.com/23899028
조선팰리스 강남,1671545166,accommodation,숙박시설,accommodation,,,여행 > 숙박 > 호텔 > 조선호텔,AD5,숙박,02-727-7200,서울 강남구 역삼동 676,서울 강남구 테헤란로 231,127.04134714989391,37.50287487023109,http://place.map.kakao.com/1671545166
짝호텔,399850636,accommodation,숙박시설,accommodation,,,"여행 > 숙박 > 여관,모텔",AD5,숙박,,서울 강남구 신사동 502-7,서울 강남구 강남대로 622,127.01964480432345,37.51728753591448,http://place.map.kakao.com/399850636
청담스테이에어비엔비,1562928508,accommodation,숙박시설,accommodation,,,여행 > 숙박 > 게스트하우스,AD5,숙박,,서울 강남구 청담동 5,서울 강남구 도산대로 446,127.04512790654,37.5235821630356,http://place.map.kakao.com/1562928508
카일룸블랙,648689638,accommodation,숙박시설,accommodation,,,여행 > 숙박 > 민박,AD5,숙박,,서울 강남구 역삼동 653-3,서울 강남구 언주로 565,127.038364259923,37.5083278591848,http://place.map.kakao.com/648689638
카파쓰호텔,27560859,accommodation,숙박시설,accommodation,,,여행 > 숙박 > 호텔,AD5,숙박,02-6205-3900,서울 강남구 역삼동 719-20,서울 강남구 언주로89길 21,127.041138317523,37.501527038571,http://place.map.kakao.com/27560859
캘리포니아호텔,11237821,accommodation,숙박시설,accommodation,,,여행 > 숙박 > 호텔,AD5,숙박,02-553-4100,서울 강남구 역삼동 605-6,서울 강남구 봉은사로 164,127.032292156836,37.506521358284,http://place.map.kakao.com/11237821
캠퍼스호텔,1688718777,accommodation,숙박시설,accommodation,,,"여행 > 숙박 > 여관,모텔",AD5,숙박,02-598-2000,서울 강남구 역삼동 825-30,서울 강남구 테헤란로2길 13,127.029212258655,37.4972994646882,http://place.map.kakao.com/1688718777
커넥티드호텔 논현점,671471389,accommodation,숙박시설,accommodation,,,여행 > 숙박 > 호텔,AD5,숙박,,서울 강남구 논현동 188-21,서울 강남구 강남대로118길 81,127.029351780174,37.5070555204891,http://place.map.kakao.com/671471389
코지로그 강남논현 1호점,944771145,accommodation,숙박시설,accommodation,,,여행 > 숙박 > 게스트하우스,AD5,숙박,0503-7153-6829,서울 강남구 논현동 173-4,서울 강남구 논현로121길 37,127.029798403342,37.5095917372394,http://place.map.kakao.com/944771145
코지로그 강남논현 2호점,944742712,accommodation,숙박시설,accommodation,,,여행 > 숙박 > 게스트하우스,AD5,숙박,0503-7153-5720,서울 강남구 논현동 173-4,서울 강남구 논현로121길 37,127.029798403342,37.5095917372394,http://place.map.kakao.com/944742712
타라호텔,8110952,accommodation,숙박시설,accommodation,,,"여행 > 숙박 > 여관,모텔",AD5,숙박,02-569-2607,서울 강남구 삼성동 142-19,서울 강남구 선릉로100길 56,127.051885630429,37.5067017860543,http://place.map.kakao.com/8110952
타워홀딩스,1529934284,accommodation,숙박시설,accommodation,,,여행 > 숙박,AD5,숙박,,서울 강남구 신사동 536-1,서울 강남구 도산대로11길 22,127.022668870405,37.5188853741651,http://place.map.kakao.com/1529934284
탈로서울,1594226881,accommodation,숙박시설,accommodation,,,여행 > 숙박,AD5,숙박,,서울 강남구 신사동 559-35,서울 강남구 논현로151길 30-11,127.025474703621,37.5203678534288,http://place.map.kakao.com/1594226881
트레블로지강남역삼호텔,1328678612,accommodation,숙박시설,accommodation,,,여행 > 숙박 > 호텔,AD5,숙박,,서울 강남구 역삼동 662-7,서울 강남구 언주로 547,127.040014656385,37.5066505414767,http://place.map.kakao.com/1328678612
트리아관광호텔,25612762,accommodation,숙박시설,accommodation,,,여행 > 숙박 > 호텔,AD5,숙박,,서울 강남구 역삼동 677-11,서울 강남구 테헤란로33길 16,127.03938496689922,37.502869233688834,http://place.map.kakao.com/25612762
티오브갤러리,13531619,accommodation,숙박시설,accommodation,,,여행 > 숙박,AD5,숙박,,서울 강남구 역삼동 681-17,서울 강남구 봉은사로 310,127.040966086628,37.5092000590944,http://place.map.kakao.com/13531619
파지티브 호텔,1135544338,accommodation,숙박시설,accommodation,,,여행 > 숙박 > 호텔,AD5,숙박,,서울 강남구 삼성동 141-31,서울 강남구 테헤란로 407,127.050147495931,37.5053221968825,http://place.map.kakao.com/1135544338
파크 하얏트 서울,12392756,accommodation,숙박시설,accommodation,,,여행 > 숙박 > 호텔 > 하얏트호텔,AD5,숙박,02-2016-1234,서울 강남구 대치동 995-14,서울 강남구 테헤란로 606,127.06428310006892,37.50873196084404,http://place.map.kakao.com/12392756
파티오세븐,546482073,accommodation,숙박시설,accommodation,,,여행 > 숙박 > 호텔,AD5,숙박,02-517-8833,서울 강남구 논현동 74,서울 강남구 논현로 736,127.02930622071102,37.517809917866344,http://place.map.kakao.com/546482073
포레게스트하우스,1378407794,accommodation,숙박시설,accommodation,,,여행 > 숙박 > 게스트하우스,AD5,숙박,,서울 강남구 신사동 567-30,서울 강남구 논현로159길 22-2,127.026210975211,37.5231959400203,http://place.map.kakao.com/1378407794
포에버관광펜션2,9692383,accommodation,숙박시설,accommodation,,,여행 > 숙박 > 펜션,AD5,숙박,02-555-6085,서울 강남구 삼성동 140-3,서울 강남구 선릉로 524,127.04828901856,37.5066384387209,http://place.map.kakao.com/9692383
포포인츠 바이쉐라톤 서울강남,2050361518,accommodation,숙박시설,accommodation,,,여행 > 숙박 > 호텔,AD5,숙박,02-2160-8900,서울 강남구 신사동 587-21,서울 강남구 도산대로 203,127.028492726237,37.5202932816821,http://place.map.kakao.com/2050361518
프린세스호텔,8649227,accommodation,숙박시설,accommodation,,,"여행 > 숙박 > 여관,모텔",AD5,숙박,02-544-0366,서울 강남구 신사동 641-1,서울 강남구 압구정로46길 17,127.03664990126077,37.52738372333095,http://place.map.kakao.com/8649227
프린스호텔,16704467,accommodation,숙박시설,accommodation,,,여행 > 숙박 > 호텔,AD5,숙박,02-554-1901,서울 강남구 대치동 890-40,서울 강남구 선릉로86길 43,127.053118932312,37.5042360877028,http://place.map.kakao.com/16704467
플레아드블랑 논현,1618614154,accommodation,숙박시설,accommodation,,,여행 > 숙박 > 호텔,AD5,숙박,,서울 강남구 논현동 183-20,서울 강남구 강남대로116길 15,127.025311663954,37.5065374763794,http://place.map.kakao.com/1618614154
하로스테이 신사,2041373598,accommodation,숙박시설,accommodation,,,"여행 > 숙박 > 여관,모텔",AD5,숙박,,서울 강남구 논현동 21-2,서울 강남구 학동로3길 49,127.021146258749,37.5147284262415,http://place.map.kakao.com/2041373598
하이든,23064338,accommodation,숙박시설,accommodation,,,여행 > 숙박,AD5,숙박,,서울 강남구 대치동 890-41,서울 강남구 테헤란로70길 14-10,127.052743562738,37.5043912288227,http://place.map.kakao.com/23064338
한국관 관광호텔사업단,15225981,accommodation,숙박시설,accommodation,,,여행 > 숙박 > 호텔,AD5,숙박,,서울 강남구 삼성동 161-8,서울 강남구 영동대로106길 29,127.063514067305,37.5141492142929,http://place.map.kakao.com/15225981
한국교리쯔멘테난스 역삼동지점,720446028,accommodation,숙박시설,accommodation,,,여행 > 숙박,AD5,숙박,,서울 강남구 역삼동 603-1,서울 강남구 봉은사로 134,127.029387448114,37.5057184200324,http://place.map.kakao.com/720446028
해날,1468734530,accommodation,숙박시설,accommodation,,,여행 > 숙박 > 게스트하우스,AD5,숙박,010-8682-8299,서울 강남구 역삼동 697-49,서울 강남구 테헤란로51길 36-2,127.045035841111,37.50591891973,http://place.map.kakao.com/1468734530
해피하와이,14560354,accommodation,숙박시설,accommodation,,,여행 > 숙박 > 호텔,AD5,숙박,,서울 강남구 삼성동 123-35,서울 강남구 삼성로103길 30,127.052181832026,37.5097794878668,http://place.map.kakao.com/14560354
허밍아일랜드,19264960,accommodation,숙박시설,accommodation,,,여행 > 숙박,AD5,숙박,02-3475-4700,서울 강남구 논현동 236-4,서울 강남구 봉은사로37길 5,127.036794589903,37.5087112855898,http://place.map.kakao.com/19264960
호텔 디 아티스트 역삼점,1293982264,accommodation,숙박시설,accommodation,,,"여행 > 숙박 > 여관,모텔",AD5,숙박,02-569-4921,서울 강남구 역삼동 678-13,서울 강남구 테헤란로29길 11,127.03848223739053,37.50240190927114,http://place.map.kakao.com/1293982264
호텔 소울하다,229281338,accommodation,숙박시설,accommodation,,,여행 > 숙박 > 호텔,AD5,숙박,02-3288-1100,서울 강남구 역삼동 823-43,서울 강남구 테헤란로10길 5,127.032533083084,37.4987582272006,http://place.map.kakao.com/229281338
호텔그라모스,19510507,accommodation,숙박시설,accommodation,,,여행 > 숙박 > 호텔,AD5,숙박,02-569-2121,서울 강남구 역삼동 677-21,서울 강남구 테헤란로33길 6-5,127.039872234482,37.5025546192533,http://place.map.kakao.com/19510507
호텔뉴브,1307986452,accommodation,숙박시설,accommodation,,,여행 > 숙박 > 호텔,AD5,숙박,02-740-5000,서울 강남구 역삼동 708-35,서울 강남구 선릉로85길 6,127.049110018057,37.503026871004,http://place.map.kakao.com/1307986452
호텔더디자이너스 리즈강남프리미어,27002767,accommodation,숙박시설,accommodation,,,여행 > 숙박 > 호텔,AD5,숙박,02-567-4000,서울 강남구 논현동 201-11,서울 강남구 봉은사로 113,127.02585634567102,37.50521017774558,http://place.map.kakao.com/27002767
호텔더디자이너스 리즈스윗역삼,1477954132,accommodation,숙박시설,accommodation,,,여행 > 숙박 > 호텔,AD5,숙박,02-501-3171,서울 강남구 역삼동 677-10,서울 강남구 테헤란로37길 13-12,127.039637189685,37.5029132986031,http://place.map.kakao.com/1477954132
호텔데님,25638677,accommodation,숙박시설,accommodation,,,여행 > 숙박 > 호텔,AD5,숙박,02-2058-1000,서울 강남구 개포동 1229-14,서울 강남구 논현로 66,127.046641410362,37.4761309913882,http://place.map.kakao.com/25638677
호텔라엠,73856747,accommodation,숙박시설,accommodation,,,"여행 > 숙박 > 여관,모텔",AD5,숙박,,서울 강남구 삼성동 100-3,서울 강남구 봉은사로113길 23,127.06581032030067,37.516840155992284,http://place.map.kakao.com/73856747
호텔리베라 아노블리,1593553700,accommodation,숙박시설,accommodation,,,여행 > 숙박 > 호텔 > 리베라호텔,AD5,숙박,02-3442-7832,서울 강남구 청담동 91-2,서울 강남구 도산대로 419,127.04164154185683,37.5238591504407,http://place.map.kakao.com/1593553700
호텔리베라 청담,10348068,accommodation,숙박시설,accommodation,,,여행 > 숙박 > 호텔 > 리베라호텔,AD5,숙박,02-541-3111,서울 강남구 청담동 53-7,서울 강남구 영동대로 737,127.05420977446911,37.52382702040133,http://place.map.kakao.com/10348068
호텔린,26557327,accommodation,숙박시설,accommodation,,,"여행 > 숙박 > 여관,모텔",AD5,숙박,02-3454-0666,서울 강남구 역삼동 718-12,서울 강남구 언주로87길 50,127.03913842011,37.5006987926638,http://place.map.kakao.com/26557327
호텔마리,8178754,accommodation,숙박시설,accommodation,,,"여행 > 숙박 > 여관,모텔",AD5,숙박,02-561-0330,서울 강남구 역삼동 720-14,서울 강남구 언주로87길 10,127.04210417592938,37.501622204886274,http://place.map.kakao.com/8178754
호텔벤,10980629,accommodation,숙박시설,accommodation,,,"여행 > 숙박 > 여관,모텔",AD5,숙박,02-552-1133,서울 강남구 역삼동 718-28,서울 강남구 언주로87길 41,127.0399040490717,37.500708447587094,http://place.map.kakao.com/10980629
호텔선샤인 서울,890018423,accommodation,숙박시설,accommodation,,,여행 > 숙박 > 호텔,AD5,숙박,02-548-8222,서울 강남구 신사동 587-1,서울 강남구 도산대로 205,127.028780132248,37.5205031456861,http://place.map.kakao.com/890018423
호텔세느,412789599,accommodation,숙박시설,accommodation,,,여행 > 숙박 > 호텔,AD5,숙박,02-2052-0551,서울 강남구 역삼동 628-12,서울 강남구 논현로 533,127.035095818276,37.5039472874883,http://place.map.kakao.com/412789599
호텔스쿨코리아,14563775,accommodation,숙박시설,accommodation,,,여행 > 숙박 > 호텔,AD5,숙박,,서울 강남구 역삼동 619-17,서울 강남구 테헤란로1길 44,127.027074116829,37.5012788174679,http://place.map.kakao.com/14563775
호텔스타,14611300,accommodation,숙박시설,accommodation,,,여행 > 숙박 > 호텔,AD5,숙박,02-561-9442,서울 강남구 역삼동 736-53,서울 강남구 논현로87길 17,127.035442069084,37.4995394636671,http://place.map.kakao.com/14611300
호텔스타,1976356901,accommodation,숙박시설,accommodation,,,"여행 > 숙박 > 여관,모텔",AD5,숙박,02-3453-8656,서울 강남구 삼성동 141-21,서울 강남구 선릉로92길 8,127.04939199204743,37.505304495097036,http://place.map.kakao.com/1976356901
호텔스타프리미어 역삼,966048026,accommodation,숙박시설,accommodation,,,여행 > 숙박 > 호텔,AD5,숙박,02-558-3180,서울 강남구 역삼동 677-19,서울 강남구 테헤란로33길 6-11,127.040347304532,37.502698618855,http://place.map.kakao.com/966048026
호텔야자 강남논현점,1387863917,accommodation,숙박시설,accommodation,,,"여행 > 숙박 > 여관,모텔",AD5,숙박,,서울 강남구 논현동 237-9,서울 강남구 봉은사로37길 6,127.03725157690359,37.50881565890693,http://place.map.kakao.com/1387863917
호텔엔트라 강남,597502026,accommodation,숙박시설,accommodation,,,여행 > 숙박 > 호텔,AD5,숙박,02-500-1500,서울 강남구 청담동 48-3,서울 강남구 도산대로 508,127.0484665135331,37.52401872735025,http://place.map.kakao.com/597502026
호텔예스,761473627,accommodation,숙박시설,accommodation,,,"여행 > 숙박 > 여관,모텔",AD5,숙박,02-508-0678,서울 강남구 역삼동 719-32,서울 강남구 언주로87길 23,127.041151688776,37.5011630275466,http://place.map.kakao.com/761473627
호텔유리앤,1334116752,accommodation,숙박시설,accommodation,,,여행 > 숙박 > 호텔,AD5,숙박,02-500-2300,서울 강남구 삼성동 158,서울 강남구 삼성로96길 20,127.057569468606,37.508926436627,http://place.map.kakao.com/1334116752
호텔인나인,970658221,accommodation,숙박시설,accommodation,,,여행 > 숙박 > 호텔,AD5,숙박,02-311-9000,서울 강남구 삼성동 91-28,서울 강남구 영동대로 618,127.06006302442361,37.51552595126175,http://place.map.kakao.com/970658221
호텔카푸치노,27169099,accommodation,숙박시설,accommodation,,,여행 > 숙박 > 호텔,AD5,숙박,02-2038-9501,서울 강남구 논현동 206-1,서울 강남구 봉은사로 155,127.03150850797986,37.50683151565546,http://place.map.kakao.com/27169099
호텔캘리포니아,16472722,accommodation,숙박시설,accommodation,,,"여행 > 숙박 > 여관,모텔",AD5,숙박,,서울 강남구 삼성동 142-12,서울 강남구 선릉로100길 52,127.05144903905901,37.50666323380119,http://place.map.kakao.com/16472722
호텔컬리넌 개포점,1918179243,accommodation,숙박시설,accommodation,,,여행 > 숙박 > 호텔,AD5,숙박,02-2058-1558,서울 강남구 개포동 1229-8,서울 강남구 논현로 74-1,127.045922845909,37.4768773088294,http://place.map.kakao.com/1918179243
호텔컬리넌 대치,1679453569,accommodation,숙박시설,accommodation,,,여행 > 숙박 > 호텔,AD5,숙박,,서울 강남구 대치동 891-35,서울 강남구 테헤란로78길 14-16,127.054245999125,37.5051077486518,http://place.map.kakao.com/1679453569
호텔컬리넌 역삼,19883669,accommodation,숙박시설,accommodation,,,여행 > 숙박 > 호텔,AD5,숙박,02-562-3520,서울 강남구 역삼동 720-23,서울 강남구 언주로87길 11,127.0421040266785,37.50135640821829,http://place.map.kakao.com/19883669
호텔크레센도 서울,485733859,accommodation,숙박시설,accommodation,,,여행 > 숙박 > 호텔,AD5,숙박,02-6230-8800,서울 강남구 삼성동 113-5,서울 강남구 봉은사로 428,127.04689261367498,37.510854802345044,http://place.map.kakao.com/485733859
호텔페이토 삼성,10095141,accommodation,숙박시설,accommodation,,,여행 > 숙박 > 호텔,AD5,숙박,02-6936-8100,서울 강남구 삼성동 158-13,서울 강남구 테헤란로87길 9,127.05871822555,37.508453744724,http://place.map.kakao.com/10095141
호텔펠리스,16473666,accommodation,숙박시설,accommodation,,,"여행 > 숙박 > 여관,모텔",AD5,숙박,,서울 강남구 역삼동 718-15,서울 강남구 테헤란로28길 3-8,127.039314956789,37.5009185794944,http://place.map.kakao.com/16473666
호텔하이랜드,8142623,accommodation,숙박시설,accommodation,,,"여행 > 숙박 > 여관,모텔",AD5,숙박,02-541-1250,서울 강남구 논현동 7-1,서울 강남구 도산대로 166,127.026786320484,37.5187475596591,http://place.map.kakao.com/8142623
화이트린넨하우스,749665681,accommodation,숙박시설,accommodation,,,여행 > 숙박,AD5,숙박,010-8500-9069,서울 강남구 논현동 6-9,서울 강남구 논현로149길 40,127.02529734951,37.5177423682555,http://place.map.kakao.com/749665681
화이트모텔,19761661,accommodation,숙박시설,accommodation,,,"여행 > 숙박 > 여관,모텔",AD5,숙박,02-564-5286,서울 강남구 역삼동 678-8,서울 강남구 테헤란로33길 13-8,127.038537765137,37.502619934546,http://place.map.kakao.com/19761661
휘닉스호텔앤리조트,358761477,accommodation,숙박시설,accommodation,,,여행 > 숙박 > 호텔,AD5,숙박,,서울 강남구 논현동 6-13,서울 강남구 도산대로 156,127.025734109926,37.5181242993211,http://place.map.kakao.com/358761477
휴호텔,12669723,accommodation,숙박시설,accommodation,,,"여행 > 숙박 > 여관,모텔",AD5,숙박,,서울 강남구 논현동 116,서울 강남구 학동로43길 8,127.037481695273,37.5166399059704,http://place.map.kakao.com/12669723
희앤썬,612185343,accommodation,숙박시설,accommodation,,,여행 > 숙박 > 호텔,AD5,숙박,02-2050-6000,서울 강남구 역삼동 642,서울 강남구 테헤란로25길 10,127.035424778917,37.501241469227,http://place.map.kakao.com/612185343
AC 호텔 바이 메리어트 서울 강남,650936181,accommodation,숙박시설,accommodation,,,여행 > 숙박 > 호텔 > 메리어트호텔,AD5,숙박,02-2050-6000,서울 강남구 역삼동 642,서울 강남구 테헤란로25길 10,127.03542025313,37.5012369655547,http://place.map.kakao.com/650936181
AC팰리스,2046252136,accommodation,숙박시설,accommodation,,,여행 > 숙박 > 호텔,AD5,숙박,02-568-9125,서울 강남구 역삼동 719-16,서울 강남구 언주로89길 25,127.040788823374,37.501453277277,http://place.map.kakao.com/2046252136
CC게스트하우스 NO.1,116603667,accommodation,숙박시설,accommodation,,,여행 > 숙박 > 게스트하우스,AD5,숙박,,서울 강남구 역삼동 832-29,서울 강남구 역삼로2길 15,127.031698053506,37.4923613061514,http://place.map.kakao.com/116603667
CF모텔,7981085,accommodation,숙박시설,accommodation,,,"여행 > 숙박 > 여관,모텔",AD5,숙박,,서울 강남구 역삼동 720-33,서울 강남구 언주로85길 10,127.042296226045,37.5012563279081,http://place.map.kakao.com/7981085
FN하우스,1173767951,accommodation,숙박시설,accommodation,,,여행 > 숙박 > 게스트하우스,AD5,숙박,,서울 강남구 신사동 634-8,서울 강남구 언주로168길 6-7,127.034083449062,37.5259717207282,http://place.map.kakao.com/1173767951
JG하우스 가로수점,1648229066,accommodation,숙박시설,accommodation,,,여행 > 숙박 > 게스트하우스,AD5,숙박,010-3589-8879,서울 강남구 신사동 542-8,서울 강남구 도산대로15길 21,127.023632882193,37.5196636519405,http://place.map.kakao.com/1648229066
JG하우스 서울가로수점,220375588,accommodation,숙박시설,accommodation,,,여행 > 숙박 > 게스트하우스,AD5,숙박,,서울 강남구 신사동 542-8,서울 강남구 도산대로15길 21,127.023646455369,37.5196600452114,http://place.map.kakao.com/220375588
JS무인호텔,904937425,accommodation,숙박시설,accommodation,,,"여행 > 숙박 > 여관,모텔",AD5,숙박,02-562-9181,서울 강남구 삼성동 142-13,서울 강남구 선릉로92길 37-5,127.05145791633772,37.50641455254583,http://place.map.kakao.com/904937425
K그랜드호스텔 강남1호점,1277922253,accommodation,숙박시설,accommodation,,,여행 > 숙박 > 게스트하우스,AD5,숙박,070-8146-0008,서울 강남구 논현동 198-20,서울 강남구 강남대로112길 11,127.025234413006,37.505517555042,http://place.map.kakao.com/1277922253
L7 강남 바이 롯데호텔,83448418,accommodation,숙박시설,accommodation,,,여행 > 숙박 > 호텔 > 롯데호텔,AD5,숙박,02-2011-1000,서울 강남구 삼성동 142-42,서울 강남구 테헤란로 415,127.05175378791695,37.505764798611686,http://place.map.kakao.com/83448418
MUL호텔,1835539409,accommodation,숙박시설,accommodation,,,"여행 > 숙박 > 여관,모텔",AD5,숙박,,서울 강남구 역삼동 659-7,서울 강남구 논현로 548,127.03529767811197,37.5051149303268,http://place.map.kakao.com/1835539409
NGP,14561864,accommodation,숙박시설,accommodation,,,여행 > 숙박 > 호텔,AD5,숙박,,서울 강남구 역삼동 736-49,서울 강남구 논현로87길 15-8,127.035604732295,37.4991501800833,http://place.map.kakao.com/14561864
UH 스위트 더 선릉,2017799853,accommodation,숙박시설,accommodation,,,여행 > 숙박 > 호텔,AD5,숙박,,서울 강남구 역삼동 705-26,서울 강남구 선릉로 507,127.04837502677778,37.50496703896107,http://place.map.kakao.com/2017799853
UH 스위트 더 코엑스,1061424534,accommodation,숙박시설,accommodation,,,여행 > 숙박 > 호텔,AD5,숙박,0503-7151-4753,서울 강남구 삼성동 142-48,서울 강남구 선릉로92길 37-1,127.0515957095342,37.50614148789667,http://place.map.kakao.com/1061424534
UH 플랫 시그니처 강남,898905938,accommodation,숙박시설,accommodation,,,여행 > 숙박 > 호텔,AD5,숙박,010-9677-7276,서울 강남구 역삼동 823-40,서울 강남구 테헤란로10길 11,127.03267088524707,37.49837976651499,http://place.map.kakao.com/898905938
XYM프리미어호텔,981088828,accommodation,숙박시설,accommodation,,,"여행 > 숙박 > 여관,모텔",AD5,숙박,02-553-6333,서울 강남구 역삼동 718-18,서울 강남구 테헤란로28길 3-12,127.0396520241311,37.50102478553413,http://place.map.kakao.com/981088828
2001호텔,27059438,accommodation,숙박시설,accommodation,,,"여행 > 숙박 > 여관,모텔",AD5,숙박,02-594-2001,서울 서초구 방배동 769-10,서울 서초구 방배중앙로 174,126.98625040965317,37.49467313865913,http://place.map.kakao.com/27059438
30개월호텔,644919679,accommodation,숙박시설,accommodation,,,"여행 > 숙박 > 여관,모텔",AD5,숙박,0507-1337-0163,서울 서초구 양재동 8-11,서울 서초구 남부순환로358길 26,127.03868879111427,37.48407535726189,http://place.map.kakao.com/644919679
강남 세븐호스텔,1835898929,accommodation,숙박시설,accommodation,,,"여행 > 숙박 > 여관,모텔",AD5,숙박,,서울 서초구 방배동 901-2,서울 서초구 방배로 130,126.995169726231,37.4857953109607,http://place.map.kakao.com/1835898929
강남아르누보씨티,26989073,accommodation,숙박시설,accommodation,,,여행 > 숙박 > 호텔,AD5,숙박,02-580-7300,서울 서초구 서초동 1330-4,서울 서초구 서초대로74길 49,127.02810367141083,37.493350620756644,http://place.map.kakao.com/26989073
강남역 게스트하우스SJ,22106528,accommodation,숙박시설,accommodation,,,여행 > 숙박 > 게스트하우스,AD5,숙박,,서울 서초구 서초동 1319-13,서울 서초구 강남대로 375,127.027814143163,37.4962798626782,http://place.map.kakao.com/22106528
그린게스트하우스,26988442,accommodation,숙박시설,accommodation,,,여행 > 숙박 > 게스트하우스,AD5,숙박,,서울 서초구 서초동 1515-12,서울 서초구 명달로22길 16,127.005097162973,37.4865052942505,http://place.map.kakao.com/26988442
글램핑과카라반,25539128,accommodation,숙박시설,accommodation,,,"여행 > 숙박 > 야영,캠핑장",AD5,숙박,02-2038-3009,서울 서초구 서초동 1308-26,서울 서초구 서초대로73길 42,127.024368916849,37.5011244334703,http://place.map.kakao.com/25539128
나인스호텔,1071016303,accommodation,숙박시설,accommodation,,,"여행 > 숙박 > 여관,모텔",AD5,숙박,02-3471-2223,서울 서초구 서초동 1594-6,서울 서초구 반포대로14길 51,127.013577312231,37.4862487377322,http://place.map.kakao.com/1071016303
뉴코지스테이 강남,287943233,accommodation,숙박시설,accommodation,,,여행 > 숙박 > 게스트하우스,AD5,숙박,0502-5552-7851,서울 서초구 서초동 1523-15,서울 서초구 반포대로21길 51,127.00815228608,37.4864249332083,http://place.map.kakao.com/287943233
더 리버사이드호텔,23201274,accommodation,숙박시설,accommodation,,,여행 > 숙박 > 호텔,AD5,숙박,02-6710-1100,서울 서초구 잠원동 6-1,서울 서초구 강남대로107길 6,127.01808524804517,37.51856901180077,http://place.map.kakao.com/23201274
더캡슐 반포,916244551,accommodation,숙박시설,accommodation,,,여행 > 숙박 > 호텔,AD5,숙박,070-8095-4126,서울 서초구 반포동 742-13,서울 서초구 주흥3길 13,127.019803105517,37.5042139346513,http://place.map.kakao.com/916244551
데이즈호텔 제주 시티,26535261,accommodation,숙박시설,accommodation,,,여행 > 숙박 > 호텔,AD5,숙박,,서울 서초구 양재동 11-17,서울 서초구 남부순환로 2614,127.036674156959,37.4844742455426,http://place.map.kakao.com/26535261
라바호텔,13148930,accommodation,숙박시설,accommodation,,,"여행 > 숙박 > 여관,모텔",AD5,숙박,02-3471-0321,서울 서초구 서초동 1594-5,서울 서초구 효령로53길 40,127.013613538745,37.4864938077948,http://place.map.kakao.com/13148930
라온하우스,1732947103,accommodation,숙박시설,accommodation,,,여행 > 숙박 > 게스트하우스,AD5,숙박,,서울 서초구 잠원동 12-12,서울 서초구 강남대로101길 18-8,127.018510214254,37.5171273405512,http://place.map.kakao.com/1732947103
라트리호텔 신사역점,27299076,accommodation,숙박시설,accommodation,,,"여행 > 숙박 > 여관,모텔",AD5,숙박,02-543-0108,서울 서초구 잠원동 14-14,서울 서초구 나루터로 77,127.01821580745566,37.5158659812943,http://place.map.kakao.com/27299076
로이움지젤 서초애비뉴,1368669089,accommodation,숙박시설,accommodation,,,여행 > 숙박 > 호텔,AD5,숙박,02-525-1052,서울 서초구 서초동 1591-8,서울 서초구 반포대로16길 30,127.012573223522,37.4860281018347,http://place.map.kakao.com/1368669089
르컬렉티브 강남 예술의전당 로이움,2061129020,accommodation,숙박시설,accommodation,,,여행 > 숙박 > 호텔,AD5,숙박,070-8655-2747,서울 서초구 서초동 1591-8,서울 서초구 반포대로16길 30,127.012503140839,37.4861470423607,http://place.map.kakao.com/2061129020
르컬렉티브 강남 예술의전당 시그니티,1960969765,accommodation,숙박시설,accommodation,,,여행 > 숙박 > 호텔,AD5,숙박,070-8655-2714,서울 서초구 서초동 1595-1,서울 서초구 효령로53길 50,127.013771939574,37.4870596225493,http://place.map.kakao.com/1960969765
메가스테이 양재시민의숲,739214145,accommodation,숙박시설,accommodation,,,여행 > 숙박,AD5,숙박,02-517-0117,서울 서초구 양재동 290-8,서울 서초구 동산로 75,127.046924173859,37.4727214577502,http://place.map.kakao.com/739214145
메종드나리 서초,918712272,accommodation,숙박시설,accommodation,,,여행 > 숙박 > 게스트하우스,AD5,숙박,010-2378-4647,서울 서초구 서초동 1523-15,서울 서초구 반포대로21길 51,127.008056181652,37.4864654851693,http://place.map.kakao.com/918712272
몽헤브캐빈즈,554769895,accommodation,숙박시설,accommodation,,,여행 > 숙박 > 호텔,AD5,숙박,02-597-2100,서울 서초구 서초동 1337-18,서울 서초구 효령로79길 30,127.029422884917,37.4922663879088,http://place.map.kakao.com/554769895
봄호텔,913968236,accommodation,숙박시설,accommodation,,,"여행 > 숙박 > 여관,모텔",AD5,숙박,02-514-5347,서울 서초구 반포동 748,서울 서초구 사평대로57길 12,127.023433732809,37.5050025509489,http://place.map.kakao.com/913968236
서래마을게스트하우스,26896702,accommodation,숙박시설,accommodation,,,여행 > 숙박 > 게스트하우스,AD5,숙박,010-9500-3962,서울 서초구 반포동 107-37,서울 서초구 사평대로18길 16-3,126.996240985234,37.4983193519308,http://place.map.kakao.com/26896702
서초바글,1387587313,accommodation,숙박시설,accommodation,,,"여행 > 숙박 > 야영,캠핑장",AD5,숙박,,서울 서초구 신원동 168,서울 서초구 청계산로15길 4,127.059148586588,37.4431924967144,http://place.map.kakao.com/1387587313
서초인투라온호텔앤레지던스,1378150677,accommodation,숙박시설,accommodation,,,여행 > 숙박 > 호텔,AD5,숙박,1666-1243,서울 서초구 서초동 1595-1,서울 서초구 효령로53길 50,127.013733474625,37.4869442979891,http://place.map.kakao.com/1378150677
소설호텔,24019548,accommodation,숙박시설,accommodation,,,여행 > 숙박 > 호텔,AD5,숙박,02-507-0505,서울 서초구 서초동 1594-4,서울 서초구 반포대로14길 53,127.01383626257963,37.4863712448072,http://place.map.kakao.com/24019548
숭실라이프,13318460,accommodation,숙박시설,accommodation,,,여행 > 숙박,AD5,숙박,,서울 서초구 서초동 1366-13,서울 서초구 남부순환로 2583,127.032938547966,37.4846987961291,http://place.map.kakao.com/13318460
스타일호텔,520299218,accommodation,숙박시설,accommodation,,,"여행 > 숙박 > 여관,모텔",AD5,숙박,02-599-1568,서울 서초구 방배동 768-17,서울 서초구 방배중앙로 171,126.985962132895,37.4942388193984,http://place.map.kakao.com/520299218
스테이 서래,1198303768,accommodation,숙박시설,accommodation,,,여행 > 숙박,AD5,숙박,0507-1383-1382,서울 서초구 반포동 94-7,서울 서초구 서래로 43,126.998217733741,37.4988987453676,http://place.map.kakao.com/1198303768
스테이강남,22213386,accommodation,숙박시설,accommodation,,,여행 > 숙박,AD5,숙박,02-549-8881,서울 서초구 잠원동 8-27,서울 서초구 강남대로105길 8,127.018324847673,37.517711219691,http://place.map.kakao.com/22213386
신라스테이 서초,1790668407,accommodation,숙박시설,accommodation,,,여행 > 숙박 > 호텔 > 신라스테이,AD5,숙박,02-2219-9000,서울 서초구 서초동 1339-1,서울 서초구 효령로 427,127.030127360034,37.4894496609502,http://place.map.kakao.com/1790668407
신사 레지던스앤게스트하우스,390995174,accommodation,숙박시설,accommodation,,,여행 > 숙박 > 게스트하우스,AD5,숙박,,서울 서초구 잠원동 9-5,서울 서초구 강남대로101길 39,127.01749223739,37.517394192725,http://place.map.kakao.com/390995174
신성리조트 서울지점,413285073,accommodation,숙박시설,accommodation,,,여행 > 숙박,AD5,숙박,,서울 서초구 양재동 320-5,서울 서초구 언남길 15-8,127.040863953351,37.471213615609,http://place.map.kakao.com/413285073
신진양레저관광,14515949,accommodation,숙박시설,accommodation,,,여행 > 숙박 > 호텔,AD5,숙박,02-545-8312,서울 서초구 양재동 288-7,서울 서초구 논현로 35,127.048041870127,37.4739355702599,http://place.map.kakao.com/14515949
알하우스,1957022588,accommodation,숙박시설,accommodation,,,여행 > 숙박 > 게스트하우스,AD5,숙박,02-3463-8891,서울 서초구 양재동 253-15,서울 서초구 마방로4길 15-48,127.04171559809785,37.47397941949777,http://place.map.kakao.com/1957022588
어반플레이스 강남,25977366,accommodation,숙박시설,accommodation,,,여행 > 숙박 > 호텔,AD5,숙박,02-3474-3399,서울 서초구 서초동 1337-3,서울 서초구 효령로77길 30,127.028848186284,37.4915835660894,http://place.map.kakao.com/25977366
업플로 서초,1302905700,accommodation,숙박시설,accommodation,,,여행 > 숙박 > 유스호스텔,AD5,숙박,02-3474-1214,서울 서초구 서초동 1670-15,서울 서초구 서초대로56길 18,127.01701856428134,37.49372665561906,http://place.map.kakao.com/1302905700
에이치호텔 서초점,24923454,accommodation,숙박시설,accommodation,,,여행 > 숙박 > 호텔,AD5,숙박,02-582-9682,서울 서초구 서초동 1595-7,서울 서초구 효령로55길 51,127.01398452011124,37.487106449999246,http://place.map.kakao.com/24923454
에쿠스,1269588351,accommodation,숙박시설,accommodation,,,여행 > 숙박,AD5,숙박,,서울 서초구 반포동 706-2,서울 서초구 강남대로 545-18,127.020377032511,37.5103262549586,http://place.map.kakao.com/1269588351
엠쉐르빌호텔,465145981,accommodation,숙박시설,accommodation,,,여행 > 숙박 > 호텔,AD5,숙박,,서울 서초구 서초동 1316-31,서울 서초구 강남대로61길 17,127.025037601487,37.4986807650446,http://place.map.kakao.com/465145981
엠오에이치개발,13327808,accommodation,숙박시설,accommodation,,,여행 > 숙박,AD5,숙박,,서울 서초구 서초동 1598-3,서울 서초구 서초중앙로 69,127.014183675577,37.4879101254197,http://place.map.kakao.com/13327808
오라카이 청계산 호텔 BW프리미어 컬렉션,873644582,accommodation,숙박시설,accommodation,,,여행 > 숙박 > 호텔,AD5,숙박,02-6200-7300,서울 서초구 신원동 604,서울 서초구 청계산로9길 1-7,127.0546981800968,37.44898005261383,http://place.map.kakao.com/873644582
오스텔로마레,2111852605,accommodation,숙박시설,accommodation,,,"여행 > 숙박 > 여관,모텔",AD5,숙박,,서울 서초구 잠원동 34-13,서울 서초구 강남대로95길 69,127.017041951424,37.5120468006102,http://place.map.kakao.com/2111852605
오클라우드호텔 강남,25681685,accommodation,숙박시설,accommodation,,,여행 > 숙박 > 호텔,AD5,숙박,02-3480-8640,서울 서초구 서초동 1303-14,서울 서초구 사평대로58길 12,127.023736217048,37.5030563186984,http://place.map.kakao.com/25681685
와이비엠비앤씨 새빛섬점,2032875113,accommodation,숙박시설,accommodation,,,여행 > 숙박,AD5,숙박,,서울 서초구 반포동 649,서울 서초구 올림픽대로 2085-14,126.996054773346,37.5125552295017,http://place.map.kakao.com/2032875113
위코스테이 강남,1452332383,accommodation,숙박시설,accommodation,,,여행 > 숙박,AD5,숙박,,서울 서초구 서초동 1591-8,서울 서초구 반포대로16길 30,127.012503140839,37.4861470423607,http://place.map.kakao.com/1452332383
유원호텔,8042453,accommodation,숙박시설,accommodation,,,여행 > 숙박 > 호텔,AD5,숙박,02-585-0561,서울 서초구 서초동 1589-4,서울 서초구 반포대로12길 29,127.012853494146,37.4852144611646,http://place.map.kakao.com/8042453
장흥개발,17985689,accommodation,숙박시설,accommodation,,,여행 > 숙박,AD5,숙박,,서울 서초구 반포동 19-4,서울 서초구 신반포로 194,127.00683572341356,37.50643547385762,http://place.map.kakao.com/17985689
지젤 스위트룸 서초,1912697502,accommodation,숙박시설,accommodation,,,여행 > 숙박,AD5,숙박,,서울 서초구 서초동 1595-1,서울 서초구 효령로53길 50,127.013797923327,37.4869379834159,http://place.map.kakao.com/1912697502
지젤시그니티 서초,1655224478,accommodation,숙박시설,accommodation,,,여행 > 숙박,AD5,숙박,0503-7151-8554,서울 서초구 서초동 1595-1,서울 서초구 효령로53길 50,127.013737988017,37.4868929399943,http://place.map.kakao.com/1655224478
청계산장글램핑,90792441,accommodation,숙박시설,accommodation,,,"여행 > 숙박 > 야영,캠핑장 > 글램핑장",AD5,숙박,,서울 서초구 원지동 207-1,서울 서초구 청계산로 140-94,127.04643991926734,37.44830332055855,http://place.map.kakao.com/90792441
코아호텔,23899926,accommodation,숙박시설,accommodation,,,여행 > 숙박 > 호텔,AD5,숙박,,서울 서초구 서초동 1338-8,서울 서초구 효령로79길 1,127.030159210487,37.4899217808431,http://place.map.kakao.com/23899926
토요코인호텔 서울강남점,798211435,accommodation,숙박시설,accommodation,,,여행 > 숙박 > 호텔,AD5,숙박,02-3472-1045,서울 서초구 서초동 1337-27,서울 서초구 강남대로 323,127.02996550355361,37.49187701637549,http://place.map.kakao.com/798211435
티롤관광호텔,878544769,accommodation,숙박시설,accommodation,,,여행 > 숙박 > 호텔,AD5,숙박,02-544-1004,서울 서초구 잠원동 18-5,서울 서초구 나루터로 64,127.01698494576037,37.515044449282925,http://place.map.kakao.com/878544769
판다카라반 본사,509683835,accommodation,숙박시설,accommodation,,,"여행 > 숙박 > 야영,캠핑장 > 카라반",AD5,숙박,1600-0947,서울 서초구 서초동 1678-4,서울 서초구 서초대로 356,127.02024180440694,37.495414634334125,http://place.map.kakao.com/509683835
프로비스타호텔,9443744,accommodation,숙박시설,accommodation,,,여행 > 숙박 > 호텔,AD5,숙박,02-597-1140,서울 서초구 서초동 1677-8,서울 서초구 서초대로 338,127.018609871917,37.49481393110293,http://place.map.kakao.com/9443744
하이드아웃 신논현점,1683305684,accommodation,숙박시설,accommodation,,,여행 > 숙박,AD5,숙박,,서울 서초구 반포동 743-18,서울 서초구 주흥길 13,127.020085941996,37.5045742890666,http://place.map.kakao.com/1683305684
해치스테이게스트하우스,1120016002,accommodation,숙박시설,accommodation,,,여행 > 숙박 > 게스트하우스,AD5,숙박,,서울 서초구 서초동 1658-11,서울 서초구 서초중앙로22길 22-8,127.014944519799,37.4929520700518,http://place.map.kakao.com/1120016002
호텔 신트라,1779509609,accommodation,숙박시설,accommodation,,,"여행 > 숙박 > 여관,모텔",AD5,숙박,,서울 서초구 서초동 1355-20,서울 서초구 서운로1길 6,127.029193779675,37.4846880676666,http://place.map.kakao.com/1779509609
호텔브릭,1201598910,accommodation,숙박시설,accommodation,,,"여행 > 숙박 > 여관,모텔",AD5,숙박,,서울 서초구 서초동 1595-5,서울 서초구 효령로55길 59,127.013881682433,37.4874101018382,http://place.map.kakao.com/1201598910
호텔앳강남 서울,1970359684,accommodation,숙박시설,accommodation,,,여행 > 숙박 > 호텔,AD5,숙박,010-5556-5442,서울 서초구 반포동 733-13,서울 서초구 사평대로53길 27-6,127.02127941350916,37.505642672424464,http://place.map.kakao.com/1970359684
호텔페이토 강남,26806982,accommodation,숙박시설,accommodation,,,여행 > 숙박 > 호텔,AD5,숙박,02-6936-8100,서울 서초구 서초동 1361-10,서울 서초구 강남대로 259,127.03269734775441,37.48644772022353,http://place.map.kakao.com/26806982
힐튼가든 인 서울강남,31754855,accommodation,숙박시설,accommodation,,,여행 > 숙박 > 호텔 > 힐튼호텔,AD5,숙박,02-580-8500,서울 서초구 서초동 1362-26,서울 서초구 강남대로 253,127.03276609486015,37.48593232448076,http://place.map.kakao.com/31754855
AN게스트하우스,383650975,accommodation,숙박시설,accommodation,,,여행 > 숙박 > 게스트하우스,AD5,숙박,070-4210-8795,서울 서초구 반포동 739-23,서울 서초구 사평대로53길 8-3,127.022067483071,37.5048802773523,http://place.map.kakao.com/383650975
Gstay,937789013,accommodation,숙박시설,accommodation,,,여행 > 숙박 > 게스트하우스,AD5,숙박,0503-7154-1411,서울 서초구 방배동 435-17,서울 서초구 방배천로18길 42,126.985028152018,37.4825688505168,http://place.map.kakao.com/937789013
JS호텔,98822938,accommodation,숙박시설,accommodation,,,"여행 > 숙박 > 여관,모텔",AD5,숙박,0507-1475-2622,서울 서초구 서초동 1574-8,서울 서초구 반포대로28길 97,127.013386185018,37.4923566911128,http://place.map.kakao.com/98822938
JW 메리어트 호텔 서울,195802694,accommodation,숙박시설,accommodation,,,여행 > 숙박 > 호텔 > 메리어트호텔,AD5,숙박,02-6282-6282,서울 서초구 반포동 19-3,서울 서초구 신반포로 176,127.00469347243684,37.504044310271155,http://place.map.kakao.com/195802694
M모텔,15981717,accommodation,숙박시설,accommodation,,,"여행 > 숙박 > 여관,모텔",AD5,숙박,02-599-3173,서울 서초구 방배동 811-16,서울 서초구 방배로 200,126.99175671555224,37.49136695480092,http://place.map.kakao.com/15981717
UH 플랫 더서초 신관,2121409223,accommodation,숙박시설,accommodation,,,여행 > 숙박 > 호텔,AD5,숙박,,서울 서초구 서초동 1591-6,서울 서초구 반포대로16길 30,127.01249409429,37.4861407362527,http://place.map.kakao.com/2121409223
UH플랫 더서초,225677199,accommodation,숙박시설,accommodation,,,여행 > 숙박 > 호텔,AD5,숙박,0507-1416-5790,서울 서초구 서초동 1595-1,서울 서초구 효령로53길 50,127.01388497966555,37.4868974278515,http://place.map.kakao.com/225677199
w호스텔,306003006,accommodation,숙박시설,accommodation,,,여행 > 숙박,AD5,숙박,,서울 서초구 반포동 722-31,서울 서초구 강남대로 523,127.022050517555,37.5087221661252,http://place.map.kakao.com/306003006
